Workbook

Sheet AP25
E2: Porcentaje de Cumplimiento por KPI
E4: Market | F4: CSI | G4: SSI | H4: NRC | I4: Training | J4: Ser. Campaign | K4: Lead Mng. | L4: Share of Inv. | M4: Game Plan | N4: Sell In | O4: Retention | P4: Retail Sales
E5: COL | F5: 1.0076923 | G5: 1.0413043 | H5: 1 | I5: 0.96494444 | J5: =VLOOKUP(E5,'OR Q1'!$AJ$4:$AR$18,'OR Q1'!$AR$2,FALSE) -> 0.99852096 | K5: 1 | L5: 1 | M5: 1 | N5: =VLOOKUP(E5,'OR Q1'!$AA$4:$AC$19,'OR Q1'!$AB$3,FALSE) -> 1.0297799 | O5: =VLOOKUP(E5,'OR Q1'!$AA$4:$AC$19,'OR Q1'!$AC$3,FALSE) -> 1.030303 | P5: =VLOOKUP(E5,'OR Q1'!$W$4:$Y$19,'OR Q1'!$X$2,FALSE) -> 1.0675958
E6: PLT | F6: 1.0195122 | G6: 0.98021978 | I6: 1.0905556 | J6: =VLOOKUP(E6,'OR Q1'!$AJ$4:$AR$18,'OR Q1'!$AR$2,FALSE) -> 0.96711402 | K6: 0.5 | L6: 1 | M6: 1 | N6: =VLOOKUP(E6,'OR Q1'!$AA$4:$AC$19,'OR Q1'!$AB$3,FALSE) -> 0.95155751 | O6: =VLOOKUP(E6,'OR Q1'!$AA$4:$AC$19,'OR Q1'!$AC$3,FALSE) -> 1.0116279 | P6: =VLOOKUP(E6,'OR Q1'!$W$4:$Y$19,'OR Q1'!$X$2,FALSE) -> 0.85865076
E7: CST | F7: 1.0326087 | G7: 1.0163043 | H7: 1 | I7: 1.1111111 | J7: =VLOOKUP(E7,'OR Q1'!$AJ$4:$AR$18,'OR Q1'!$AR$2,FALSE) -> 1.0926723 | K7: 1 | L7: 1 | M7: 1 | N7: =VLOOKUP(E7,'OR Q1'!$AA$4:$AC$19,'OR Q1'!$AB$3,FALSE) -> 1.0488159 | O7: =VLOOKUP(E7,'OR Q1'!$AA$4:$AC$19,'OR Q1'!$AC$3,FALSE) -> 1 | P7: =VLOOKUP(E7,'OR Q1'!$W$4:$Y$19,'OR Q1'!$X$2,FALSE) -> 1.2970923
E8: ECA | F8: 1.0058824 | G8: 1.05 | H8: 1 | I8: 1.0758889 | J8: =VLOOKUP(E8,'OR Q1'!$AJ$4:$AR$18,'OR Q1'!$AR$2,FALSE) -> 1.2022301 | K8: 1 | L8: 1 | M8: 1 | N8: =VLOOKUP(E8,'OR Q1'!$AA$4:$AC$19,'OR Q1'!$AB$3,FALSE) -> 1.0401367 | O8: =VLOOKUP(E8,'OR Q1'!$AA$4:$AC$19,'OR Q1'!$AC$3,FALSE) -> 1.0194175 | P8: =VLOOKUP(E8,'OR Q1'!$W$4:$Y$19,'OR Q1'!$X$2,FALSE) -> 1.1223881
E9: PNM | F9: 1.0011628 | G9: 1.0733333 | H9: 1 | I9: 1.1111111 | J9: =VLOOKUP(E9,'OR Q1'!$AJ$4:$AR$18,'OR Q1'!$AR$2,FALSE) -> 1.0842398 | K9: 1 | L9: 1 | M9: 1 | N9: =VLOOKUP(E9,'OR Q1'!$AA$4:$AC$19,'OR Q1'!$AB$3,FALSE) -> 0.98023704 | O9: =VLOOKUP(E9,'OR Q1'!$AA$4:$AC$19,'OR Q1'!$AC$3,FALSE) -> 1.0126582 | P9: =VLOOKUP(E9,'OR Q1'!$W$4:$Y$19,'OR Q1'!$X$2,FALSE) -> 0.6884984
E10: URU | F10: 1.0531915 | G10: 1.0284211 | H10: 1 | I10: 1.0793333 | J10: =VLOOKUP(E10,'OR Q1'!$AJ$4:$AR$18,'OR Q1'!$AR$2,FALSE) -> 1.0284499 | K10: 1 | L10: 1 | M10: 1 | N10: =VLOOKUP(E10,'OR Q1'!$AA$4:$AC$19,'OR Q1'!$AB$3,FALSE) -> 0.97245646 | O10: =VLOOKUP(E10,'OR Q1'!$AA$4:$AC$19,'OR Q1'!$AC$3,FALSE) -> 0.98823529 | P10: =VLOOKUP(E10,'OR Q1'!$W$4:$Y$19,'OR Q1'!$X$2,FALSE) -> 1.4946619
E11: ELS | F11: 1.0914286 | G11: 1.146988 | H11: 1 | I11: 1.0779444 | J11: =VLOOKUP(E11,'OR Q1'!$AJ$4:$AR$18,'OR Q1'!$AR$2,FALSE) -> 0.99609054 | K11: 1 | L11: 1 | M11: 1 | N11: =VLOOKUP(E11,'OR Q1'!$AA$4:$AC$19,'OR Q1'!$AB$3,FALSE) -> 1.0057885 | O11: =VLOOKUP(E11,'OR Q1'!$AA$4:$AC$19,'OR Q1'!$AC$3,FALSE) -> 0.91836735 | P11: =VLOOKUP(E11,'OR Q1'!$W$4:$Y$19,'OR Q1'!$X$2,FALSE) -> 1.1842105
E12: HND | F12: 0.86571429 | G12: 1.2048193 | H12: 1 | I12: 1.0956667 | J12: =VLOOKUP(E12,'OR Q1'!$AJ$4:$AR$18,'OR Q1'!$AR$2,FALSE) -> 0.99273276 | K12: 1 | L12: 1 | M12: 1 | N12: =VLOOKUP(E12,'OR Q1'!$AA$4:$AC$19,'OR Q1'!$AB$3,FALSE) -> 1.0282038 | O12: =VLOOKUP(E12,'OR Q1'!$AA$4:$AC$19,'OR Q1'!$AC$3,FALSE) -> 1.0265487 | P12: =VLOOKUP(E12,'OR Q1'!$W$4:$Y$19,'OR Q1'!$X$2,FALSE) -> 1.1839827
E13: NIC | F13: 0.84857143 | G13: 1.0951807 | H13: 1 | I13: 1.0593333 | J13: =VLOOKUP(E13,'OR Q1'!$AJ$4:$AR$18,'OR Q1'!$AR$2,FALSE) -> 0.92865528 | K13: 1 | L13: 1 | M13: 1 | N13: =VLOOKUP(E13,'OR Q1'!$AA$4:$AC$19,'OR Q1'!$AB$3,FALSE) -> 1.0626019 | O13: =VLOOKUP(E13,'OR Q1'!$AA$4:$AC$19,'OR Q1'!$AC$3,FALSE) -> 1.1 | P13: =VLOOKUP(E13,'OR Q1'!$W$4:$Y$19,'OR Q1'!$X$2,FALSE) -> 1.2666667
E14: DOM | F14: 1.1742857 | G14: 1.0681818 | H14: 1 | I14: 1.1111111 | J14: =VLOOKUP(E14,'OR Q1'!$AJ$4:$AR$18,'OR Q1'!$AR$2,FALSE) -> 0.99273284 | K14: 1 | L14: 1 | M14: 1 | N14: =VLOOKUP(E14,'OR Q1'!$AA$4:$AC$19,'OR Q1'!$AB$3,FALSE) -> 0.96809833 | O14: =VLOOKUP(E14,'OR Q1'!$AA$4:$AC$19,'OR Q1'!$AC$3,FALSE) -> 0.93377483 | P14: =VLOOKUP(E14,'OR Q1'!$W$4:$Y$19,'OR Q1'!$X$2,FALSE) -> 0.92715232
E15: GUT | F15: 1.024 | G15: 0.96385542 | H15: 1 | I15: 1.0859444 | J15: =VLOOKUP(E15,'OR Q1'!$AJ$4:$AR$18,'OR Q1'!$AR$2,FALSE) -> 0.83839679 | K15: 1 | L15: - | M15: 1 | N15: =VLOOKUP(E15,'OR Q1'!$AA$4:$AC$19,'OR Q1'!$AB$3,FALSE) -> 1.1357956 | O15: =VLOOKUP(E15,'OR Q1'!$AA$4:$AC$19,'OR Q1'!$AC$3,FALSE) -> 0.99280576 | P15: =VLOOKUP(E15,'OR Q1'!$W$4:$Y$19,'OR Q1'!$X$2,FALSE) -> 0.7512605
E16: PRG | F16: 1.0857143 | G16: 1.0488889 | H16: 1 | I16: 1.0567778 | J16: =VLOOKUP(E16,'OR Q1'!$AJ$4:$AR$18,'OR Q1'!$AR$2,FALSE) -> 0.97986766 | K16: 1 | L16: - | M16: 1 | N16: =VLOOKUP(E16,'OR Q1'!$AA$4:$AC$19,'OR Q1'!$AB$3,FALSE) -> 0.90039765 | O16: =VLOOKUP(E16,'OR Q1'!$AA$4:$AC$19,'OR Q1'!$AC$3,FALSE) -> 1.1496063 | P16: =VLOOKUP(E16,'OR Q1'!$W$4:$Y$19,'OR Q1'!$X$2,FALSE) -> 0.76970954
E17: BOL | F17: 1.0294118 | G17: 1.0816092 | H17: 1 | I17: 1.0724444 | J17: =VLOOKUP(E17,'OR Q1'!$AJ$4:$AR$18,'OR Q1'!$AR$2,FALSE) -> 0.98002087 | K17: 1 | L17: - | M17: 1 | N17: =VLOOKUP(E17,'OR Q1'!$AA$4:$AC$19,'OR Q1'!$AB$3,FALSE) -> 0.91089448 | O17: =VLOOKUP(E17,'OR Q1'!$AA$4:$AC$19,'OR Q1'!$AC$3,FALSE) -> 0.90588235 | P17: =VLOOKUP(E17,'OR Q1'!$W$4:$Y$19,'OR Q1'!$X$2,FALSE) -> 1.1469534
E18: MASSY | F18: 0.73571429 | G18: 1.0579545 | H18: 1 | I18: 0.93888889 | J18: 0.75 | K18: 1 | L18: - | M18: 1 | N18: =VLOOKUP(E18,'OR Q1'!$AA$4:$AC$19,'OR Q1'!$AB$3,FALSE) -> 1 | O18: =VLOOKUP(E18,'OR Q1'!$AA$4:$AC$19,'OR Q1'!$AC$3,FALSE) -> 0.92322792 | P18: =VLOOKUP(E18,'OR Q1'!$W$4:$Y$19,'OR Q1'!$X$2,FALSE) -> 0.91784038
E19: Gel Group | F19: - | G19: - | H19: 1 | I19: 0.5 | J19: 0.1 | K19: 0.5 | L19: - | M19: 1 | N19: =VLOOKUP(E19,'OR Q1'!$AA$4:$AC$19,'OR Q1'!$AB$3,FALSE) -> 1 | O19: =VLOOKUP(E19,'OR Q1'!$AA$4:$AC$19,'OR Q1'!$AC$3,FALSE) -> 0.35117205 | P19: =VLOOKUP(E19,'OR Q1'!$W$4:$Y$19,'OR Q1'!$X$2,FALSE) -> 1.2521739
E21: Peso por KPI
E23: Market | F23: CSI | G23: SSI | H23: NRC | I23: Training | J23: Ser. Campaign | K23: Lead Mng. | L23: Share of Inv. | M23: Game Plan | N23: Sell In | O23: Retention | P23: Retail Sales | Q23: Total
E24: COL | F24: 0.06 | G24: 0.06 | H24: 0.05 | I24: 0.04 | J24: 0.04 | K24: 0.05 | L24: 0.03 | M24: 0.07 | N24: 0.2 | O24: 0.1 | P24: 0.3 | Q24: =SUM(F24:P24) -> 1
E25: PLT | F25: 0.06 | G25: 0.06 | H25: 0.05 | I25: 0.04 | J25: 0.04 | K25: 0.05 | L25: 0.03 | M25: 0.07 | N25: 0.2 | O25: 0.1 | P25: 0.3 | Q25: =SUM(F25:P25) -> 1
E26: CST | F26: 0.06 | G26: 0.06 | H26: 0.05 | I26: 0.04 | J26: 0.04 | K26: 0.05 | L26: 0.03 | M26: 0.07 | N26: 0.2 | O26: 0.1 | P26: 0.3 | Q26: =SUM(F26:P26) -> 1
E27: ECA | F27: 0.06 | G27: 0.06 | H27: 0.05 | I27: 0.04 | J27: 0.04 | K27: 0.05 | L27: 0.03 | M27: 0.07 | N27: 0.2 | O27: 0.1 | P27: 0.3 | Q27: =SUM(F27:P27) -> 1
E28: PNM | F28: 0.06 | G28: 0.06 | H28: 0.05 | I28: 0.04 | J28: 0.04 | K28: 0.05 | L28: 0.03 | M28: 0.07 | N28: 0.2 | O28: 0.1 | P28: 0.3 | Q28: =SUM(F28:P28) -> 1
E29: URU | F29: 0.06 | G29: 0.06 | H29: 0.05 | I29: 0.04 | J29: 0.04 | K29: 0.05 | L29: 0.03 | M29: 0.07 | N29: 0.2 | O29: 0.1 | P29: 0.3 | Q29: =SUM(F29:P29) -> 1
E30: ELS | F30: 0.06 | G30: 0.06 | H30: 0.05 | I30: 0.04 | J30: 0.04 | K30: 0.05 | L30: 0.03 | M30: 0.07 | N30: 0.2 | O30: 0.1 | P30: 0.3 | Q30: =SUM(F30:P30) -> 1
E31: HND | F31: 0.06 | G31: 0.06 | H31: 0.05 | I31: 0.04 | J31: 0.04 | K31: 0.05 | L31: 0.03 | M31: 0.07 | N31: 0.2 | O31: 0.1 | P31: 0.3 | Q31: =SUM(F31:P31) -> 1
E32: NIC | F32: 0.06 | G32: 0.06 | H32: 0.05 | I32: 0.04 | J32: 0.04 | K32: 0.05 | L32: 0.03 | M32: 0.07 | N32: 0.2 | O32: 0.1 | P32: 0.3 | Q32: =SUM(F32:P32) -> 1
E33: DOM | F33: 0.06 | G33: 0.06 | H33: 0.05 | I33: 0.04 | J33: 0.04 | K33: 0.05 | L33: 0.03 | M33: 0.07 | N33: 0.2 | O33: 0.1 | P33: 0.3 | Q33: =SUM(F33:P33) -> 1
E34: GUT | F34: 0.06 | G34: 0.06 | H34: 0.05 | I34: 0.04 | J34: 0.04 | K34: 0.05 | L34: - | M34: 0.1 | N34: 0.2 | O34: 0.1 | P34: 0.3 | Q34: =SUM(F34:P34) -> 1
E35: PRG | F35: 0.06 | G35: 0.06 | H35: 0.05 | I35: 0.04 | J35: 0.04 | K35: 0.05 | L35: - | M35: 0.1 | N35: 0.2 | O35: 0.1 | P35: 0.3 | Q35: =SUM(F35:P35) -> 1
E36: BOL | F36: 0.06 | G36: 0.06 | H36: 0.05 | I36: 0.04 | J36: 0.04 | K36: 0.05 | L36: - | M36: 0.1 | N36: 0.2 | O36: 0.1 | P36: 0.3 | Q36: =SUM(F36:P36) -> 1
E37: MASSY | F37: 0.06 | G37: 0.06 | H37: 0.05 | I37: 0.04 | J37: 0.04 | K37: 0.05 | L37: - | M37: 0.1 | N37: 0.2 | O37: 0.1 | P37: 0.3 | Q37: =SUM(F37:P37) -> 1
E38: Gel Group | F38: - | G38: - | H38: 0.05 | I38: 0.05 | J38: 0.05 | K38: 0.05 | L38: - | M38: 0.1 | N38: 0.25 | O38: 0.1 | P38: 0.35 | Q38: =SUM(F38:P38) -> 1
E41: Market | F41: CSI | G41: SSI | H41: NRC | I41: Training | J41: Ser. Campaign | K41: Lead Mng. | L41: Share of Inv. | M41: Game Plan | N41: Sell In | O41: Retention | P41: Retail Sales | Q41: Total
E42: COL | F42: =IF(F5>=100%,F24,(F5*F24)/100%) -> 0.06 | G42: =IF(G5>=100%,G24,(G5*G24)/100%) -> 0.06 | H42: =IF(H5>=100%,H24,(H5*H24)/100%) -> 0.05 | I42: =IF(I5>=100%,I24,(I5*I24)/100%) -> 0.038597778 | J42: =IF(J5>=100%,J24,(J5*J24)/100%) -> 0.039940839 | K42: =IF(K5>=100%,K24,(K5*K24)/100%) -> 0.05 | L42: =IF(L5>=100%,L24,(L5*L24)/100%) -> 0.03 | M42: =IF(M5>=100%,M24,(M5*M24)/100%) -> 0.07 | ... P42: =IF(P5>=100%,P24,(P5*P24)/100%) -> 0.3 | Q42: =SUM(F42:P42) -> 0.99853862
E43: PLT | F43: =IF(F6>=100%,F25,(F6*F25)/100%) -> 0.06 | G43: =IF(G6>=100%,G25,(G6*G25)/100%) -> 0.058813187 | H43: =IF(H6>=100%,H25,(H6*H25)/100%) -> 0 | I43: =IF(I6>=100%,I25,(I6*I25)/100%) -> 0.04 | J43: =IF(J6>=100%,J25,(J6*J25)/100%) -> 0.038684561 | K43: =IF(K6>=100%,K25,(K6*K25)/100%) -> 0.025 | L43: =IF(L6>=100%,L25,(L6*L25)/100%) -> 0.03 | M43: =IF(M6>=100%,M25,(M6*M25)/100%) -> 0.07 | ... P43: =IF(P6>=100%,P25,(P6*P25)/100%) -> 0.25759523 | Q43: =SUM(F43:P43) -> 0.87040448
E44: CST | F44: =IF(F7>=100%,F26,(F7*F26)/100%) -> 0.06 | G44: =IF(G7>=100%,G26,(G7*G26)/100%) -> 0.06 | H44: =IF(H7>=100%,H26,(H7*H26)/100%) -> 0.05 | I44: =IF(I7>=100%,I26,(I7*I26)/100%) -> 0.04 | J44: =IF(J7>=100%,J26,(J7*J26)/100%) -> 0.04 | K44: =IF(K7>=100%,K26,(K7*K26)/100%) -> 0.05 | L44: =IF(L7>=100%,L26,(L7*L26)/100%) -> 0.03 | M44: =IF(M7>=100%,M26,(M7*M26)/100%) -> 0.07 | ... P44: =IF(P7>=100%,P26,(P7*P26)/100%) -> 0.3 | Q44: =SUM(F44:P44) -> 1
E45: ECA | F45: =IF(F8>=100%,F27,(F8*F27)/100%) -> 0.06 | G45: =IF(G8>=100%,G27,(G8*G27)/100%) -> 0.06 | H45: =IF(H8>=100%,H27,(H8*H27)/100%) -> 0.05 | I45: =IF(I8>=100%,I27,(I8*I27)/100%) -> 0.04 | J45: =IF(J8>=100%,J27,(J8*J27)/100%) -> 0.04 | K45: =IF(K8>=100%,K27,(K8*K27)/100%) -> 0.05 | L45: =IF(L8>=100%,L27,(L8*L27)/100%) -> 0.03 | M45: =IF(M8>=100%,M27,(M8*M27)/100%) -> 0.07 | ... P45: =IF(P8>=100%,P27,(P8*P27)/100%) -> 0.3 | Q45: =SUM(F45:P45) -> 1
E46: PNM | F46: =IF(F9>=100%,F28,(F9*F28)/100%) -> 0.06 | G46: =IF(G9>=100%,G28,(G9*G28)/100%) -> 0.06 | H46: =IF(H9>=100%,H28,(H9*H28)/100%) -> 0.05 | I46: =IF(I9>=100%,I28,(I9*I28)/100%) -> 0.04 | J46: =IF(J9>=100%,J28,(J9*J28)/100%) -> 0.04 | K46: =IF(K9>=100%,K28,(K9*K28)/100%) -> 0.05 | L46: =IF(L9>=100%,L28,(L9*L28)/100%) -> 0.03 | M46: =IF(M9>=100%,M28,(M9*M28)/100%) -> 0.07 | ... P46: =IF(P9>=100%,P28,(P9*P28)/100%) -> 0.20654952 | Q46: =SUM(F46:P46) -> 0.90259693
E47: URU | F47: =IF(F10>=100%,F29,(F10*F29)/100%) -> 0.06 | G47: =IF(G10>=100%,G29,(G10*G29)/100%) -> 0.06 | H47: =IF(H10>=100%,H29,(H10*H29)/100%) -> 0.05 | I47: =IF(I10>=100%,I29,(I10*I29)/100%) -> 0.04 | J47: =IF(J10>=100%,J29,(J10*J29)/100%) -> 0.04 | K47: =IF(K10>=100%,K29,(K10*K29)/100%) -> 0.05 | L47: =IF(L10>=100%,L29,(L10*L29)/100%) -> 0.03 | M47: =IF(M10>=100%,M29,(M10*M29)/100%) -> 0.07 | ... P47: =IF(P10>=100%,P29,(P10*P29)/100%) -> 0.3 | Q47: =SUM(F47:P47) -> 0.99331482
E48: ELS | F48: =IF(F11>=100%,F30,(F11*F30)/100%) -> 0.06 | G48: =IF(G11>=100%,G30,(G11*G30)/100%) -> 0.06 | H48: =IF(H11>=100%,H30,(H11*H30)/100%) -> 0.05 | I48: =IF(I11>=100%,I30,(I11*I30)/100%) -> 0.04 | J48: =IF(J11>=100%,J30,(J11*J30)/100%) -> 0.039843622 | K48: =IF(K11>=100%,K30,(K11*K30)/100%) -> 0.05 | L48: =IF(L11>=100%,L30,(L11*L30)/100%) -> 0.03 | M48: =IF(M11>=100%,M30,(M11*M30)/100%) -> 0.07 | ... P48: =IF(P11>=100%,P30,(P11*P30)/100%) -> 0.3 | Q48: =SUM(F48:P48) -> 0.99168036
E49: HND | F49: =IF(F12>=100%,F31,(F12*F31)/100%) -> 0.051942857 | G49: =IF(G12>=100%,G31,(G12*G31)/100%) -> 0.06 | H49: =IF(H12>=100%,H31,(H12*H31)/100%) -> 0.05 | I49: =IF(I12>=100%,I31,(I12*I31)/100%) -> 0.04 | J49: =IF(J12>=100%,J31,(J12*J31)/100%) -> 0.03970931 | K49: =IF(K12>=100%,K31,(K12*K31)/100%) -> 0.05 | L49: =IF(L12>=100%,L31,(L12*L31)/100%) -> 0.03 | M49: =IF(M12>=100%,M31,(M12*M31)/100%) -> 0.07 | ... P49: =IF(P12>=100%,P31,(P12*P31)/100%) -> 0.3 | Q49: =SUM(F49:P49) -> 0.99165217
E50: NIC | F50: =IF(F13>=100%,F32,(F13*F32)/100%) -> 0.050914286 | G50: =IF(G13>=100%,G32,(G13*G32)/100%) -> 0.06 | H50: =IF(H13>=100%,H32,(H13*H32)/100%) -> 0.05 | I50: =IF(I13>=100%,I32,(I13*I32)/100%) -> 0.04 | J50: =IF(J13>=100%,J32,(J13*J32)/100%) -> 0.037146211 | K50: =IF(K13>=100%,K32,(K13*K32)/100%) -> 0.05 | L50: =IF(L13>=100%,L32,(L13*L32)/100%) -> 0.03 | M50: =IF(M13>=100%,M32,(M13*M32)/100%) -> 0.07 | ... P50: =IF(P13>=100%,P32,(P13*P32)/100%) -> 0.3 | Q50: =SUM(F50:P50) -> 0.9880605
E51: DOM | F51: =IF(F14>=100%,F33,(F14*F33)/100%) -> 0.06 | G51: =IF(G14>=100%,G33,(G14*G33)/100%) -> 0.06 | H51: =IF(H14>=100%,H33,(H14*H33)/100%) -> 0.05 | I51: =IF(I14>=100%,I33,(I14*I33)/100%) -> 0.04 | J51: =IF(J14>=100%,J33,(J14*J33)/100%) -> 0.039709314 | K51: =IF(K14>=100%,K33,(K14*K33)/100%) -> 0.05 | L51: =IF(L14>=100%,L33,(L14*L33)/100%) -> 0.03 | M51: =IF(M14>=100%,M33,(M14*M33)/100%) -> 0.07 | ... P51: =IF(P14>=100%,P33,(P14*P33)/100%) -> 0.2781457 | Q51: =SUM(F51:P51) -> 0.96485216
E52: GUT | F52: =IF(F15>=100%,F34,(F15*F34)/100%) -> 0.06 | G52: =IF(G15>=100%,G34,(G15*G34)/100%) -> 0.057831325 | H52: =IF(H15>=100%,H34,(H15*H34)/100%) -> 0.05 | I52: =IF(I15>=100%,I34,(I15*I34)/100%) -> 0.04 | J52: =IF(J15>=100%,J34,(J15*J34)/100%) -> 0.033535872 | K52: =IF(K15>=100%,K34,(K15*K34)/100%) -> 0.05 | L52: - | M52: =IF(M15>=100%,M34,(M15*M34)/100%) -> 0.1 | N52: =IF(N15>=100%,N34,(N15*N34)/100%) -> 0.2 | O52: =IF(O15>=100%,O34,(O15*O34)/100%) -> 0.099280576 | P52: =IF(P15>=100%,P34,(P15*P34)/100%) -> 0.22537815 | Q52: =SUM(F52:P52) -> 0.91602592
E53: PRG | F53: =IF(F16>=100%,F35,(F16*F35)/100%) -> 0.06 | G53: =IF(G16>=100%,G35,(G16*G35)/100%) -> 0.06 | H53: =IF(H16>=100%,H35,(H16*H35)/100%) -> 0.05 | I53: =IF(I16>=100%,I35,(I16*I35)/100%) -> 0.04 | J53: =IF(J16>=100%,J35,(J16*J35)/100%) -> 0.039194706 | K53: =IF(K16>=100%,K35,(K16*K35)/100%) -> 0.05 | L53: - | M53: =IF(M16>=100%,M35,(M16*M35)/100%) -> 0.1 | N53: =IF(N16>=100%,N35,(N16*N35)/100%) -> 0.18007953 | O53: =IF(O16>=100%,O35,(O16*O35)/100%) -> 0.1 | P53: =IF(P16>=100%,P35,(P16*P35)/100%) -> 0.23091286 | Q53: =SUM(F53:P53) -> 0.9101871
E54: BOL | F54: =IF(F17>=100%,F36,(F17*F36)/100%) -> 0.06 | G54: =IF(G17>=100%,G36,(G17*G36)/100%) -> 0.06 | H54: =IF(H17>=100%,H36,(H17*H36)/100%) -> 0.05 | I54: =IF(I17>=100%,I36,(I17*I36)/100%) -> 0.04 | J54: =IF(J17>=100%,J36,(J17*J36)/100%) -> 0.039200835 | K54: =IF(K17>=100%,K36,(K17*K36)/100%) -> 0.05 | L54: - | M54: =IF(M17>=100%,M36,(M17*M36)/100%) -> 0.1 | N54: =IF(N17>=100%,N36,(N17*N36)/100%) -> 0.1821789 | O54: =IF(O17>=100%,O36,(O17*O36)/100%) -> 0.090588235 | P54: =IF(P17>=100%,P36,(P17*P36)/100%) -> 0.3 | Q54: =SUM(F54:P54) -> 0.97196797
E55: MASSY | F55: =IF(F18>=100%,F37,(F18*F37)/100%) -> 0.044142857 | G55: =IF(G18>=100%,G37,(G18*G37)/100%) -> 0.06 | H55: =IF(H18>=100%,H37,(H18*H37)/100%) -> 0.05 | I55: =IF(I18>=100%,I37,(I18*I37)/100%) -> 0.037555556 | J55: =IF(J18>=100%,J37,(J18*J37)/100%) -> 0.03 | K55: =IF(K18>=100%,K37,(K18*K37)/100%) -> 0.05 | L55: =IF(L18>=100%,L37,(L18*L37)/100%) -> - | M55: =IF(M18>=100%,M37,(M18*M37)/100%) -> 0.1 | ... P55: =IF(P18>=100%,P37,(P18*P37)/100%) -> 0.27535211 | Q55: =SUM(F55:P55) -> 0.93937332
E56: Gel Group | F56: =IF(F19>=100%,F38,(F19*F38)/100%) -> - | G56: =IF(G19>=100%,G38,(G19*G38)/100%) -> - | H56: =IF(H19>=100%,H38,(H19*H38)/100%) -> 0.05 | I56: =IF(I19>=100%,I38,(I19*I38)/100%) -> 0.025 | J56: =IF(J19>=100%,J38,(J19*J38)/100%) -> 0.005 | K56: =IF(K19>=100%,K38,(K19*K38)/100%) -> 0.025 | L56: =IF(L19>=100%,L38,(L19*L38)/100%) -> - | M56: =IF(M19>=100%,M38,(M19*M38)/100%) -> 0.1 | ... P56: =IF(P19>=100%,P38,(P19*P38)/100%) -> 0.35 | Q56: =SUM(F56:P56) -> 0.8401172
E59: Market | F59: Q1 FY25
E60: COL | F60: =Q42 -> 0.99853862
E61: PLT | F61: =Q43 -> 0.87040448
E62: CST | F62: =Q44 -> 1
E63: ECA | F63: =Q45 -> 1
E64: PNM | F64: =Q46 -> 0.90259693
E65: URU | F65: =Q47 -> 0.99331482
E66: ELS | F66: =Q48 -> 0.99168036
E67: HND | F67: =Q49 -> 0.99165217
E68: NIC | F68: =Q50 -> 0.9880605
E69: DOM | F69: =Q51 -> 0.96485216
E70: GUT | F70: =Q52 -> 0.91602592
E71: PRG | F71: =Q53 -> 0.9101871
... E74: Gel Group | F74: =Q56 -> 0.8401172
E76: 1 | F76: 2 | G76: 3
E77: Market | F77: FY24 | G77: Q1 FY25
E78: COL | F78: 0.98980082 | G78: 0.99853862
E79: CST | F79: 1 | G79: 1
E80: ECA | F80: 0.96686117 | G80: 1
E81: PNM | F81: 0.91 | G81: 0.90259693
E82: URU | F82: 0.9311047 | G82: 0.99331482
E83: ELS | F83: 0.97207403 | G83: 0.99168036
E84: HND | F84: 0.97973452 | G84: 0.99165217
E85: NIC | F85: 0.93991572 | G85: 0.9880605
E86: DOM | F86: 0.94524218 | G86: 0.96485216
E87: GUT | F87: 0.915 | G87: 0.91602592
E88: PRG | F88: 0.99989691 | G88: 0.9101871
E89: BOL | F89: 0.9 | G89: 0.97196797
... E91: Gel Group | F91: 0.48232272 | G91: 0.8401172

Sheet OR Q1
B2: 1 | C2: 2 | D2: 3 | E2: 4 | F2: 5 | G2: 6 | H2: 7 | W2: 1 | X2: 2 | Y2: 3 | AE2: 1 | AF2: 2 | AG2: 3 | AH2: 4 | AJ2: 1 | AK2: 2 | AL2: 3 | AM2: 4 | AN2: 5 | AO2: 6 | AP2: 7 | AQ2: 8 | AR2: 9
B3: NSC | C3: Target Sell-In | D3: Total Sell-In | E3: % Achi. Sell In | F3: Target Service Frequency | G3: Service Frequency | H3: %Achi, Retention | J3: 1 | K3: 2 | L3: 3 | M3: 4 | N3: 5 | S3: Q1 vs PY | W3: Q1 vs BP | AA3: 1 | AB3: 2 | AC3: 3 | AE3: Lead Management | AK3: Serv. Campaign Target | AN3: Serv. Campaign Real | AT3: 1 | AU3: 2 | AV3: 3 | AW3: 4 | AX3: 5 | AY3: 6 | AZ3: 7 | BA3: 8 | BB3: 9
J4: Market | K4: CSI | L4: Real CSI | M4: %Cumplimiento CSI | N4: SSI | O4: Real SSI | P4: %Cumplimiento SSI | S4: NSC | T4: RS | U4: MS | W4: NSC | X4: RS | Y4: MS | AA4: Market | AB4: Sell In | AC4: Retention | AE4: Market | AF4: Mayo | AG4: Junio | AH4: Average | AJ4: NSC | AK4: APR | AL4: MAY | AM4: Total | AN4: NSC | AO4: APR | AP4: MAY | AQ4: Total | AR4: %Achiev. | AT4: Market | AU4: TR Sales | AV4: Real TR Sales | AW4: %Ach. TR Sales | AX4: TR AS | AY4: Real TR AS | AZ4: Trainin (Compliance %) | BA4: Real TR | BB4: Result
B5: COL | C5: 3401185 | D5: 3502472 | E5: =D5/C5 -> 1.0297799 | F5: 0.99 | G5: 1.02 | H5: =G5/F5 -> 1.030303 | J5: COL | K5: 0.78 | L5: 0.786 | M5: 1.0076923 | N5: 0.92 | O5: 0.958 | P5: 1.0413043 | S5: COL | T5: 1.186677 | U5: 0.96590806 | W5: Gel Group | X5: 1.2521739 | Y5: 1.231389 | AA5: COL | AB5: 1.0297799 | AC5: 1.030303 | AE5: COL | AF5: 1 | AG5: 1 | AH5: =AVERAGE(AF5:AG5) -> 1 | AJ5: ECA | AK5: 463.16667 | AL5: 523.33333 | AM5: =SUM(AK5:AL5) -> 986.5 | AN5: ECA | AO5: 509 | AP5: 677 | AQ5: =SUM(AO5:AP5) -> 1186 | AR5: =AQ5/AM5 -> 1.2022301 | AT5: COL | AU5: 0.9 | AV5: 0.9996 | AW5: =AV5/AU5 -> 1.1106667 | AX5: 0.9 | AY5: 0.8369 | AZ5: 0.9 | BA5: 0.86845 | BB5: =BA5/AZ5 -> 0.96494444
B6: BOL | C6: 502943 | D6: 458128 | E6: =D6/C6 -> 0.91089448 | F6: 0.85 | G6: 0.77 | H6: =G6/F6 -> 0.90588235 | J6: PLT | K6: 0.82 | L6: 0.836 | M6: 1.0195122 | N6: 0.91 | O6: 0.892 | P6: 0.98021978 | S6: PLT | T6: 0.77154639 | U6: 0.82677044 | W6: Massy | X6: 0.91784038 | Y6: 0.94113582 | AA6: PLT | AB6: 0.95155751 | AC6: 1.0116279 | AE6: PLT | AF6: 1 | AG6: 0 | AH6: =AVERAGE(AF6:AG6) -> 0.5 | AJ6: CST | AK6: 877.72917 | AL6: 965.45833 | AM6: =SUM(AK6:AL6) -> 1843.1875 | AN6: CST | AO6: 927 | AP6: 1087 | AQ6: =SUM(AO6:AP6) -> 2014 | AR6: =AQ6/AM6 -> 1.0926723 | AT6: PLT | AU6: 0.9 | AV6: 0.963 | AW6: =AV6/AU6 -> 1.07 | AX6: 0.9 | AY6: 1 | AZ6: 0.9 | BA6: 0.9815 | BB6: =BA6/AZ6 -> 1.0905556
B7: ECA | C7: 900696 | D7: 936847 | E7: =D7/C7 -> 1.0401367 | F7: 1.03 | G7: 1.05 | H7: =G7/F7 -> 1.0194175 | J7: CST | K7: 0.92 | L7: 0.95 | M7: 1.0326087 | N7: 0.92 | O7: 0.935 | P7: 1.0163043 | S7: CST | T7: 1.0078585 | U7: 1.2233881 | W7: COL | X7: 1.0675958 | Y7: 0.9405252 | AA7: CST | AB7: 1.0488159 | AC7: 1 | AE7: CST | AF7: 1 | AG7: 1 | AH7: =AVERAGE(AF7:AG7) -> 1 | AJ7: URU | AK7: 1938.3125 | AL7: 2000.625 | AM7: =SUM(AK7:AL7) -> 3938.9375 | AN7: URU | AO7: 1943 | AP7: 2108 | AQ7: =SUM(AO7:AP7) -> 4051 | AR7: =AQ7/AM7 -> 1.0284499 | AT7: CST | AU7: 0.9 | AV7: 1 | AW7: =AV7/AU7 -> 1.1111111 | AX7: 0.9 | AY7: 1 | AZ7: 0.9 | BA7: 1 | BB7: =BA7/AZ7 -> 1.1111111
B8: PRG | C8: 861566 | D8: 775752 | E8: =D8/C8 -> 0.90039765 | F8: 1.27 | G8: 1.46 | H8: =G8/F8 -> 1.1496063 | J8: ECA | K8: 0.85 | L8: 0.855 | M8: 1.0058824 | N8: 0.94 | O8: 0.987 | P8: 1.05 | S8: HND | T8: 0.71316819 | U8: 1.0189976 | W8: PLT | X8: 0.85865076 | Y8: 0.77809516 | AA8: ECA | AB8: 1.0401367 | AC8: 1.0194175 | AE8: ECA | AF8: 1 | AG8: 1 | AH8: =AVERAGE(AF8:AG8) -> 1 | AJ8: COL | AK8: 5003.7167 | AL8: 5239.4333 | AM8: =SUM(AK8:AL8) -> 10243.15 | AN8: COL | AO8: 4904 | AP8: 5324 | AQ8: =SUM(AO8:AP8) -> 10228 | AR8: =AQ8/AM8 -> 0.99852096 | AT8: ECA | AU8: 0.9 | AV8: 0.9804 | AW8: =AV8/AU8 -> 1.0893333 | AX8: 0.9 | AY8: 0.9562 | AZ8: 0.9 | BA8: 0.9683 | BB8: =BA8/AZ8 -> 1.0758889
B9: URU | C9: 691124 | D9: 672088 | E9: =D9/C9 -> 0.97245646 | F9: 0.85 | G9: 0.84 | H9: =G9/F9 -> 0.98823529 | J9: PNM | K9: 0.86 | L9: 0.861 | M9: 1.0011628 | N9: 0.9 | O9: 0.966 | P9: 1.0733333 | S9: ECA | T9: 0.56969697 | U9: 0.49332267 | W9: ECA | X9: 1.1223881 | Y9: 0.87051458 | AA9: PNM | AB9: 0.98023704 | AC9: 1.0126582 | AE9: PNM | AF9: 1 | AG9: 1 | AH9: =AVERAGE(AF9:AG9) -> 1 | AJ9: PLT | AK9: 1782.0683 | AL9: 1873.1367 | AM9: =SUM(AK9:AL9) -> 3655.205 | AN9: PLT | AO9: 1734 | AP9: 1801 | AQ9: =SUM(AO9:AP9) -> 3535 | AR9: =AQ9/AM9 -> 0.96711402 | AT9: PNM | AU9: 0.9 | AV9: 1 | AW9: =AV9/AU9 -> 1.1111111 | AX9: 0.9 | AY9: 1 | AZ9: 0.9 | BA9: 1 | BB9: =BA9/AZ9 -> 1.1111111
B10: ANT | C10: - | D10: - | F10: 1.06 | G10: 1.52 | H10: =G10/F10 -> 1.4339623 | J10: URU | K10: 0.94 | L10: 0.99 | M10: 1.0531915 | N10: 0.95 | O10: 0.977 | P10: 1.0284211 | S10: URU | T10: 0.64417178 | U10: 0.63667376 | W10: CST | X10: 1.2970923 | Y10: 1.1659973 | AA10: URU | AB10: 0.97245646 | AC10: 0.98823529 | AE10: URU | AF10: 1 | AG10: 1 | AH10: =AVERAGE(AF10:AG10) -> 1 | AJ10: PNM | AK10: 422.73333 | AL10: 441.46667 | AM10: =SUM(AK10:AL10) -> 864.2 | AN10: PNM | AO10: 442 | AP10: 495 | AQ10: =SUM(AO10:AP10) -> 937 | AR10: =AQ10/AM10 -> 1.0842398 | AT10: URU | AU10: 0.9 | AV10: 0.9785 | AW10: =AV10/AU10 -> 1.0872222 | AX10: 0.9 | AY10: 0.9643 | AZ10: 0.9 | BA10: 0.9714 | BB10: =BA10/AZ10 -> 1.0793333
B11: BAR | C11: - | D11: 351 | F11: 1.84 | G11: 0.5 | H11: =G11/F11 -> 0.27173913 | J11: ELS | K11: 0.7 | L11: 0.764 | M11: 1.0914286 | N11: 0.83 | O11: 0.952 | P11: 1.146988 | S11: PNM | T11: 0.74696707 | U11: 0.76591604 | W11: URU | X11: 1.4946619 | Y11: 1.3219075 | AA11: ELS | AB11: 1.0057885 | AC11: 0.91836735 | AE11: ELS | AF11: 1 | AG11: 1 | AH11: =AVERAGE(AF11:AG11) -> 1 | AJ11: BOL | AK11: 476.79583 | AL11: 493.59167 | AM11: =SUM(AK11:AL11) -> 970.3875 | AN11: BOL | AO11: 471 | AP11: 480 | AQ11: =SUM(AO11:AP11) -> 951 | AR11: =AQ11/AM11 -> 0.98002087 | AT11: ELS | AU11: 0.9 | AV11: 0.9503 | AW11: =AV11/AU11 -> 1.0558889 | AX11: 0.9 | AY11: 0.99 | AZ11: 0.9 | BA11: 0.97015 | BB11: =BA11/AZ11 -> 1.0779444
B12: BEM | C12: - | D12: - | F12: 1.21 | G12: - | J12: HND | K12: 0.7 | L12: 0.606 | M12: 0.86571429 | N12: 0.83 | O12: 1 | P12: 1.2048193 | S12: Massy | T12: 0.73634652 | U12: 0.82265571 | W12: PNM | X12: 0.6884984 | Y12: 0.58887509 | AA12: HND | AB12: 1.0282038 | AC12: 1.0265487 | AE12: HND | AF12: 1 | AG12: 1 | AH12: =AVERAGE(AF12:AG12) -> 1 | AJ12: PRG | AK12: 348.1 | AL12: 362.2 | AM12: =SUM(AK12:AL12) -> 710.3 | AN12: PRG | AO12: 336 | AP12: 360 | AQ12: =SUM(AO12:AP12) -> 696 | AR12: =AQ12/AM12 -> 0.97986766 | AT12: HND | AU12: 0.9 | AV12: 1 | AW12: =AV12/AU12 -> 1.1111111 | AX12: 0.9 | AY12: 0.9722 | AZ12: 0.9 | BA12: 0.9861 | BB12: =BA12/AZ12 -> 1.0956667
B13: BHM | C13: - | D13: - | F13: 1.06 | G13: 0.53 | H13: =G13/F13 -> 0.5 | J13: NIC | K13: 0.7 | L13: 0.594 | M13: 0.84857143 | N13: 0.83 | O13: 0.909 | P13: 1.0951807 | S13: ELS | T13: 0.93927894 | U13: 0.95493359 | W13: DOM | X13: 0.92715232 | Y13: 0.78000111 | AA13: NIC | AB13: 1.0626019 | AC13: 1.1 | AE13: NIC | AF13: 1 | AG13: 1 | AH13: =AVERAGE(AF13:AG13) -> 1 | AJ13: NIC | AK13: 93.225 | AL13: 98.45 | AM13: =SUM(AK13:AL13) -> 191.675 | AN13: NIC | AO13: 88 | AP13: 90 | AQ13: =SUM(AO13:AP13) -> 178 | AR13: =AQ13/AM13 -> 0.92865528 | AT13: NIC | AU13: 0.9 | AV13: 1 | AW13: =AV13/AU13 -> 1.1111111 | AX13: 0.9 | AY13: 0.9068 | AZ13: 0.9 | BA13: 0.9534 | BB13: =BA13/AZ13 -> 1.0593333
B14: DMT | C14: - | D14: - | F14: 1.07 | G14: - | J14: DOM | K14: 0.7 | L14: 0.822 | M14: 1.1742857 | N14: 0.88 | O14: 0.94 | P14: 1.0681818 | S14: DOM | T14: 0.83832335 | U14: 0.89685679 | W14: GUT | X14: 0.7512605 | Y14: 0.68330768 | AA14: DOM | AB14: 0.96809833 | AC14: 0.93377483 | AE14: DOM | AF14: 1 | AG14: 1 | AH14: =AVERAGE(AF14:AG14) -> 1 | AJ14: ELS | AK14: 183.82917 | AL14: 196.65833 | AM14: =SUM(AK14:AL14) -> 380.4875 | AN14: ELS | AO14: 178 | AP14: 201 | AQ14: =SUM(AO14:AP14) -> 379 | AR14: =AQ14/AM14 -> 0.99609054 | AT14: DOM | AU14: 0.9 | AV14: 1 | AW14: =AV14/AU14 -> 1.1111111 | AX14: 0.9 | AY14: 1 | AZ14: 0.9 | BA14: 1 | BB14: =BA14/AZ14 -> 1.1111111
B15: GRN | C15: - | D15: - | F15: 1.06 | G15: 2.76 | H15: =G15/F15 -> 2.6037736 | J15: GUT | K15: 0.75 | L15: 0.768 | M15: 1.024 | N15: 0.83 | O15: 0.8 | P15: 0.96385542 | S15: BOL | T15: 0.68376068 | U15: 0.81382727 | W15: PRG | X15: 0.76970954 | Y15: 0.68543275 | AA15: GUT | AB15: 1.1357956 | AC15: 0.99280576 | AE15: GUT | AF15: 1 | AG15: 1 | AH15: =AVERAGE(AF15:AG15) -> 1 | AJ15: GUT | AK15: 103.07917 | AL15: 121.15833 | AM15: =SUM(AK15:AL15) -> 224.2375 | AN15: GUT | AO15: 91 | AP15: 97 | AQ15: =SUM(AO15:AP15) -> 188 | AR15: =AQ15/AM15 -> 0.83839679 | AT15: GUT | AU15: 0.9 | AV15: 1 | AW15: =AV15/AU15 -> 1.1111111 | AX15: 0.9 | AY15: 0.9547 | AZ15: 0.9 | BA15: 0.97735 | BB15: =BA15/AZ15 -> 1.0859444
B16: GUI | C16: - | D16: - | F16: 1.07 | G16: 0.38 | H16: =G16/F16 -> 0.35514019 | J16: PRG | K16: 0.84 | L16: 0.912 | M16: 1.0857143 | N16: 0.9 | O16: 0.944 | P16: 1.0488889 | S16: PRG | T16: 0.82444444 | U16: 0.76684654 | W16: BOL | X16: 1.1469534 | Y16: 1.2034473 | AA16: PRG | AB16: 0.90039765 | AC16: 1.1496063 | AE16: PRG | AF16: 1 | AG16: 1 | AH16: =AVERAGE(AF16:AG16) -> 1 | AJ16: DOM | AK16: 416.0375 | AL16: 425.075 | AM16: =SUM(AK16:AL16) -> 841.1125 | AN16: DOM | AO16: 414 | AP16: 421 | AQ16: =SUM(AO16:AP16) -> 835 | AR16: =AQ16/AM16 -> 0.99273284 | AT16: PRG | AU16: 0.9 | AV16: 0.913 | AW16: =AV16/AU16 -> 1.0144444 | AX16: 0.9 | AY16: 0.9892 | AZ16: 0.9 | BA16: 0.9511 | BB16: =BA16/AZ16 -> 1.0567778
B17: JAM | C17: 10000 | D17: 954 | E17: =D17/C17 -> 0.0954 | F17: 1.84 | G17: 0.79 | H17: =G17/F17 -> 0.42934783 | J17: BOL | K17: 0.85 | L17: 0.875 | M17: 1.0294118 | N17: 0.87 | O17: 0.941 | P17: 1.0816092 | S17: GUT | T17: 1.192 | U17: 1.2394842 | W17: HND | X17: 1.1839827 | Y17: 1.0662326 | AA17: BOL | AB17: 0.91089448 | AC17: 0.90588235 | AE17: BOL | AF17: 1 | AG17: 1 | AH17: =AVERAGE(AF17:AG17) -> 1 | AJ17: HND | AK17: 177.55 | AL17: 187.1 | AM17: =SUM(AK17:AL17) -> 364.65 | AN17: HND | AO17: 177 | AP17: 185 | AQ17: =SUM(AO17:AP17) -> 362 | AR17: =AQ17/AM17 -> 0.99273276 | AT17: BOL | AU17: 0.9 | AV17: 0.9752 | AW17: =AV17/AU17 -> 1.0835556 | AX17: 0.9 | AY17: 0.9552 | AZ17: 0.9 | BA17: 0.9652 | BB17: =BA17/AZ17 -> 1.0724444
B18: SRI | C18: - | D18: - | F18: 1.06 | G18: - | J18: MASSY | K18: 0.7 | L18: 0.515 | M18: 0.73571429 | N18: 0.88 | O18: 0.931 | P18: 1.0579545 | S18: NIC | T18: 1.201581 | U18: 1.4198637 | W18: NIC | X18: 1.2666667 | Y18: 1.027183 | AA18: MASSY | AB18: 1 | AC18: 0.92322792 | AE18: MASSY | AF18: 1 | AG18: 1 | AH18: =AVERAGE(AF18:AG18) -> 1 | AJ18: TRD | AK18: 42.2 | AL18: 56.4 | AM18: =SUM(AK18:AL18) -> 98.6 | AN18: TRD | AO18: 44 | AP18: 67 | AQ18: =SUM(AO18:AP18) -> 111 | AR18: =AQ18/AM18 -> 1.1257606 | AT18: MASSY | AU18: 0.9 | AV18: 0.9 | AW18: =AV18/AU18 -> 1 | AX18: 0.9 | AY18: 0.79 | AZ18: 0.9 | BA18: 0.845 | BB18: =BA18/AZ18 -> 0.93888889
B19: STK | C19: - | D19: - | F19: - | G19: 0.69 | S19: Gel Group | T19: 0.94117647 | U19: 1.1053876 | W19: ELS | X19: 1.1842105 | Y19: 1.0279605 | AA19: Gel Group | AB19: 1 | AC19: 0.35117205 | AE19: Gel Group | AF19: 0 | AG19: 1 | AH19: =AVERAGE(AF19:AG19) -> 0.5 | AT19: GEL | AU19: 0.9 | AV19: 0.6 | AW19: =AV19/AU19 -> 0.66666667 | AX19: 0.9 | AY19: 0.3 | AZ19: 0.9 | BA19: 0.45 | BB19: =BA19/AZ19 -> 0.5
B20: STL | C20: - | D20: 30576 | F20: 1.84 | G20: 0.59 | H20: =G20/F20 -> 0.32065217 | S20: 1 | T20: 2
B21: STV | C21: - | D21: - | F21: 1.82 | G21: - | J21: Market | K21: CSI | L21: SSI | M21: Sell In | N21: Retention | S21: NSC | T21: FY24
B22: TRD | C22: 1858 | D22: 60247 | E22: =D22/C22 -> 32.425727 | F22: 1.06 | G22: 1.03 | H22: =G22/F22 -> 0.97169811 | J22: COL | K22: 1.0076923 | L22: 1.0413043 | M22: =VLOOKUP(J22,$B$3:$H$34,$E$2,FALSE) -> 1.0297799 | N22: =VLOOKUP(J22,$B$3:$H$34,$H$2,FALSE) -> 1.030303 | S22: COL | T22: 0.98980082
B23: PNM | C23: 828368 | D23: 811997 | E23: =D23/C23 -> 0.98023704 | F23: 0.79 | G23: 0.8 | H23: =G23/F23 -> 1.0126582 | J23: PLT | K23: 1.0195122 | L23: 0.98021978 | M23: =VLOOKUP(J23,$B$3:$H$34,$E$2,FALSE) -> 0.95155751 | N23: =VLOOKUP(J23,$B$3:$H$34,$H$2,FALSE) -> 1.0116279 | S23: CST | T23: 1
B24: GUT | C24: 668932 | D24: 759770 | E24: =D24/C24 -> 1.1357956 | F24: 1.39 | G24: 1.38 | H24: =G24/F24 -> 0.99280576 | J24: CST | K24: 1.0326087 | L24: 1.0163043 | M24: =VLOOKUP(J24,$B$3:$H$34,$E$2,FALSE) -> 1.0488159 | N24: =VLOOKUP(J24,$B$3:$H$34,$H$2,FALSE) -> 1 | S24: ECA | T24: 0.96686117
B25: ELS | C25: 478187 | D25: 480955 | E25: =D25/C25 -> 1.0057885 | F25: 0.98 | G25: 0.9 | H25: =G25/F25 -> 0.91836735 | J25: ECA | K25: 1.0058824 | L25: 1.05 | M25: =VLOOKUP(J25,$B$3:$H$34,$E$2,FALSE) -> 1.0401367 | N25: =VLOOKUP(J25,$B$3:$H$34,$H$2,FALSE) -> 1.0194175 | S25: URU | T25: 0.9311047
B26: HND | C26: 603678 | D26: 620704 | E26: =D26/C26 -> 1.0282038 | F26: 1.13 | G26: 1.16 | H26: =G26/F26 -> 1.0265487 | J26: PNM | K26: 1.0011628 | L26: 1.0733333 | M26: =VLOOKUP(J26,$B$3:$H$34,$E$2,FALSE) -> 0.98023704 | N26: =VLOOKUP(J26,$B$3:$H$34,$H$2,FALSE) -> 1.0126582 | S26: BOL | T26: 0.9
B27: NIC | C27: 203700 | D27: 216452 | E27: =D27/C27 -> 1.0626019 | F27: 0.9 | G27: 0.99 | H27: =G27/F27 -> 1.1 | J27: URU | K27: 1.0531915 | L27: 1.0284211 | M27: =VLOOKUP(J27,$B$3:$H$34,$E$2,FALSE) -> 0.97245646 | N27: =VLOOKUP(J27,$B$3:$H$34,$H$2,FALSE) -> 0.98823529 | S27: PRG | T27: 0.99989691
B28: ALB | C28: 72878 | D28: 67853 | E28: =D28/C28 -> 0.93104915 | F28: - | G28: - | J28: ELS | K28: 1.0914286 | L28: 1.146988 | M28: =VLOOKUP(J28,$B$3:$H$34,$E$2,FALSE) -> 1.0057885 | N28: =VLOOKUP(J28,$B$3:$H$34,$H$2,FALSE) -> 0.91836735 | S28: GUT | T28: 0.86477083
B29: BLZ | C29: 28542 | D29: 32786 | E29: =D29/C29 -> 1.1486932 | F29: - | G29: - | J29: HND | K29: 0.86571429 | L29: 1.2048193 | M29: =VLOOKUP(J29,$B$3:$H$34,$E$2,FALSE) -> 1.0282038 | N29: =VLOOKUP(J29,$B$3:$H$34,$H$2,FALSE) -> 1.0265487 | S29: PNM | T29: 0.91
B30: CUR | C30: 84691 | D30: 80745 | E30: =D30/C30 -> 0.95340709 | F30: - | G30: - | J30: NIC | K30: 0.84857143 | L30: 1.0951807 | M30: =VLOOKUP(J30,$B$3:$H$34,$E$2,FALSE) -> 1.0626019 | N30: =VLOOKUP(J30,$B$3:$H$34,$H$2,FALSE) -> 1.1 | S30: PLT | T30: 0.98132093
B31: DOM | C31: 864939 | D31: 837346 | E31: =D31/C31 -> 0.96809833 | F31: 1.51 | G31: 1.41 | H31: =G31/F31 -> 0.93377483 | J31: DOM | K31: 1.1742857 | L31: 1.0681818 | M31: =VLOOKUP(J31,$B$3:$H$34,$E$2,FALSE) -> 0.96809833 | N31: =VLOOKUP(J31,$B$3:$H$34,$H$2,FALSE) -> 0.93377483 | S31: DOM | T31: 0.94524218
B32: HIT | C32: 111350 | D32: 107487 | E32: =D32/C32 -> 0.96530759 | F32: 0.51 | G32: - | J32: GUT | K32: 1.024 | L32: 0.96385542 | M32: =VLOOKUP(J32,$B$3:$H$34,$E$2,FALSE) -> 1.1357956 | N32: =VLOOKUP(J32,$B$3:$H$34,$H$2,FALSE) -> 0.99280576 | S32: ELS | T32: 0.97207403
B33: PLT | C33: 692099 | D33: 658572 | E33: =D33/C33 -> 0.95155751 | F33: 0.86 | G33: 0.87 | H33: =G33/F33 -> 1.0116279 | J33: PRG | K33: 1.0857143 | L33: 1.0488889 | M33: =VLOOKUP(J33,$B$3:$H$34,$E$2,FALSE) -> 0.90039765 | N33: =VLOOKUP(J33,$B$3:$H$34,$H$2,FALSE) -> 1.1496063 | S33: HND | T33: 0.97973452
B34: CST | C34: 1659419 | D34: 1740425 | E34: =D34/C34 -> 1.0488159 | F34: 1.32 | G34: 1.32 | H34: =G34/F34 -> 1 | J34: BOL | K34: 1.0294118 | L34: 1.0816092 | M34: =VLOOKUP(J34,$B$3:$H$34,$E$2,FALSE) -> 0.91089448 | N34: =VLOOKUP(J34,$B$3:$H$34,$H$2,FALSE) -> 0.90588235 | S34: NIC | T34: 0.93991572
J35: MASSY | K35: 0.73571429 | L35: 1.0579545 | M35: 1 | N35: 0.92322792 | S35: Gel Group | T35: 0.48232272
B36: Massy | C36: =SUM(C44:C53) -> 1858 | D36: =SUM(D44:D53) -> 60247 | E36: =D36/C36 -> 32.425727 | J36: Gel | K36: - | L36: - | M36: 1 | N36: 0.35117205 | S36: Massy Group | T36: 0.63392386
B37: Gel | C37: =SUM(C40:C43) -> 10000 | D37: =SUM(D40:D43) -> 31881 | E37: =D37/C37 -> 3.1881
C39: Target Sell IN | D39: Real Sell In | E39: Target Retention | F39: Real Retention | G39: OR Target | H39: OR real | I39: UIO | J39: UIO Real
B40: BAR | C40: =VLOOKUP(B40,$B$3:$H$34,$C$2,FALSE) -> - | D40: =VLOOKUP(B40,$B$3:$H$34,$D$2,FALSE) -> 351 | E40: =VLOOKUP(B40,$B$3:$H$34,$F$2,FALSE) -> 1.84 | F40: =VLOOKUP(B40,$B$3:$H$34,$G$2,FALSE) -> 0.5 | G40: =VLOOKUP($B$40,$B$56:$F$87,C55,FALSE) -> 669 | H40: =VLOOKUP(B40,$B$56:$F$87,$D$55,FALSE) -> 180 | I40: =VLOOKUP(B40,$B$56:$F$87,$E$55,FALSE) -> 363 | J40: =VLOOKUP(B40,$B$56:$F$87,$F$55,FALSE) -> 363
B41: JAM | C41: =VLOOKUP(B41,$B$3:$H$34,$C$2,FALSE) -> 10000 | D41: =VLOOKUP(B41,$B$3:$H$34,$D$2,FALSE) -> 954 | E41: =VLOOKUP(B41,$B$3:$H$34,$F$2,FALSE) -> 1.84 | F41: =VLOOKUP(B41,$B$3:$H$34,$G$2,FALSE) -> 0.79 | G41: =VLOOKUP(B41,$B$56:$F$87,$C$55,FALSE) -> 1233 | H41: =VLOOKUP(B41,$B$56:$F$87,$D$55,FALSE) -> 531 | I41: =VLOOKUP(B41,$B$56:$F$87,$E$55,FALSE) -> 670 | J41: =VLOOKUP(B41,$B$56:$F$87,$F$55,FALSE) -> 670
B42: STL | C42: =VLOOKUP(B42,$B$3:$H$34,$C$2,FALSE) -> - | D42: =VLOOKUP(B42,$B$3:$H$34,$D$2,FALSE) -> 30576 | E42: =VLOOKUP(B42,$B$3:$H$34,$F$2,FALSE) -> 1.84 | F42: =VLOOKUP(B42,$B$3:$H$34,$G$2,FALSE) -> 0.59 | G42: =VLOOKUP(B42,$B$56:$F$87,$C$55,FALSE) -> 259 | H42: =VLOOKUP(B42,$B$56:$F$87,$D$55,FALSE) -> 83 | I42: =VLOOKUP(B42,$B$56:$F$87,$E$55,FALSE) -> 141 | J42: =VLOOKUP(B42,$B$56:$F$87,$F$55,FALSE) -> 141
B43: STV | C43: =VLOOKUP(B43,$B$3:$H$34,$C$2,FALSE) -> - | D43: =VLOOKUP(B43,$B$3:$H$34,$D$2,FALSE) -> - | E43: =VLOOKUP(B43,$B$3:$H$34,$F$2,FALSE) -> 1.82 | F43: =VLOOKUP(B43,$B$3:$H$34,$G$2,FALSE) -> - | G43: =VLOOKUP(B43,$B$56:$F$87,$C$55,FALSE) -> 100 | H43: =VLOOKUP(B43,$B$56:$F$87,$D$55,FALSE) -> - | I43: =VLOOKUP(B43,$B$56:$F$87,$E$55,FALSE) -> 55 | J43: =VLOOKUP(B43,$B$56:$F$87,$F$55,FALSE) -> 55
B44: TRD | C44: =VLOOKUP(B44,$B$3:$H$34,$C$2,FALSE) -> 1858 | D44: =VLOOKUP(B44,$B$3:$H$34,$D$2,FALSE) -> 60247 | E44: =VLOOKUP(B44,$B$3:$H$34,$F$2,FALSE) -> 1.06 | F44: =VLOOKUP(B44,$B$3:$H$34,$G$2,FALSE) -> 1.03 | G44: =VLOOKUP(B44,$B$56:$F$87,$C$55,FALSE) -> 3341 | H44: =VLOOKUP(B44,$B$56:$F$87,$D$55,FALSE) -> 3247 | I44: =VLOOKUP(B44,$B$56:$F$87,$E$55,FALSE) -> 3144 | J44: =VLOOKUP(B44,$B$56:$F$87,$F$55,FALSE) -> 3144
B45: GUI | C45: =VLOOKUP(B45,$B$3:$H$34,$C$2,FALSE) -> - | D45: =VLOOKUP(B45,$B$3:$H$34,$D$2,FALSE) -> - | E45: =VLOOKUP(B45,$B$3:$H$34,$F$2,FALSE) -> 1.07 | F45: =VLOOKUP(B45,$B$3:$H$34,$G$2,FALSE) -> 0.38 | G45: =VLOOKUP(B45,$B$56:$F$87,$C$55,FALSE) -> 235 | H45: =VLOOKUP(B45,$B$56:$F$87,$D$55,FALSE) -> 83 | I45: =VLOOKUP(B45,$B$56:$F$87,$E$55,FALSE) -> 220 | J45: =VLOOKUP(B45,$B$56:$F$87,$F$55,FALSE) -> 220
B46: SRI | C46: =VLOOKUP(B46,$B$3:$H$34,$C$2,FALSE) -> - | D46: =VLOOKUP(B46,$B$3:$H$34,$D$2,FALSE) -> - | E46: =VLOOKUP(B46,$B$3:$H$34,$F$2,FALSE) -> 1.06 | F46: =VLOOKUP(B46,$B$3:$H$34,$G$2,FALSE) -> - | G46: =VLOOKUP(B46,$B$56:$F$87,$C$55,FALSE) -> 187 | H46: =VLOOKUP(B46,$B$56:$F$87,$D$55,FALSE) -> - | I46: =VLOOKUP(B46,$B$56:$F$87,$E$55,FALSE) -> 177 | J46: =VLOOKUP(B46,$B$56:$F$87,$F$55,FALSE) -> 177
B47: ANT | C47: =VLOOKUP(B47,$B$3:$H$34,$C$2,FALSE) -> - | D47: =VLOOKUP(B47,$B$3:$H$34,$D$2,FALSE) -> - | E47: =VLOOKUP(B47,$B$3:$H$34,$F$2,FALSE) -> 1.06 | F47: =VLOOKUP(B47,$B$3:$H$34,$G$2,FALSE) -> 1.52 | G47: =VLOOKUP(B47,$B$56:$F$87,$C$55,FALSE) -> 272 | H47: =VLOOKUP(B47,$B$56:$F$87,$D$55,FALSE) -> 391 | I47: =VLOOKUP(B47,$B$56:$F$87,$E$55,FALSE) -> 257 | J47: =VLOOKUP(B47,$B$56:$F$87,$F$55,FALSE) -> 257
B48: BHM | C48: =VLOOKUP(B48,$B$3:$H$34,$C$2,FALSE) -> - | D48: =VLOOKUP(B48,$B$3:$H$34,$D$2,FALSE) -> - | E48: =VLOOKUP(B48,$B$3:$H$34,$F$2,FALSE) -> 1.06 | F48: =VLOOKUP(B48,$B$3:$H$34,$G$2,FALSE) -> 0.53 | G48: =VLOOKUP(B48,$B$56:$F$87,$C$55,FALSE) -> 269 | H48: =VLOOKUP(B48,$B$56:$F$87,$D$55,FALSE) -> 134 | I48: =VLOOKUP(B48,$B$56:$F$87,$E$55,FALSE) -> 254 | J48: =VLOOKUP(B48,$B$56:$F$87,$F$55,FALSE) -> 254
B49: DMT | C49: =VLOOKUP(B49,$B$3:$H$34,$C$2,FALSE) -> - | D49: =VLOOKUP(B49,$B$3:$H$34,$D$2,FALSE) -> - | E49: =VLOOKUP(B49,$B$3:$H$34,$F$2,FALSE) -> 1.07 | F49: =VLOOKUP(B49,$B$3:$H$34,$G$2,FALSE) -> - | G49: =VLOOKUP(B49,$B$56:$F$87,$C$55,FALSE) -> 117 | H49: =VLOOKUP(B49,$B$56:$F$87,$D$55,FALSE) -> - | I49: =VLOOKUP(B49,$B$56:$F$87,$E$55,FALSE) -> 110 | J49: =VLOOKUP(B49,$B$56:$F$87,$F$55,FALSE) -> 110
B50: GRN | C50: =VLOOKUP(B50,$B$3:$H$34,$C$2,FALSE) -> - | D50: =VLOOKUP(B50,$B$3:$H$34,$D$2,FALSE) -> - | E50: =VLOOKUP(B50,$B$3:$H$34,$F$2,FALSE) -> 1.06 | F50: =VLOOKUP(B50,$B$3:$H$34,$G$2,FALSE) -> 2.76 | G50: =VLOOKUP(B50,$B$56:$F$87,$C$55,FALSE) -> 121 | H50: =VLOOKUP(B50,$B$56:$F$87,$D$55,FALSE) -> 315 | I50: =VLOOKUP(B50,$B$56:$F$87,$E$55,FALSE) -> 114 | J50: =VLOOKUP(B50,$B$56:$F$87,$F$55,FALSE) -> 114
B51: STK | C51: =VLOOKUP(B51,$B$3:$H$34,$C$2,FALSE) -> - | D51: =VLOOKUP(B51,$B$3:$H$34,$D$2,FALSE) -> - | E51: =VLOOKUP(B51,$B$3:$H$34,$F$2,FALSE) -> - | F51: =VLOOKUP(B51,$B$3:$H$34,$G$2,FALSE) -> 0.69 | G51: =VLOOKUP(B51,$B$56:$F$87,$C$55,FALSE) -> - | H51: =VLOOKUP(B51,$B$56:$F$87,$D$55,FALSE) -> 63 | I51: =VLOOKUP(B51,$B$56:$F$87,$E$55,FALSE) -> 92 | J51: =VLOOKUP(B51,$B$56:$F$87,$F$55,FALSE) -> 92
B52: BEM | C52: =VLOOKUP(B52,$B$3:$H$34,$C$2,FALSE) -> - | D52: =VLOOKUP(B52,$B$3:$H$34,$D$2,FALSE) -> - | E52: =VLOOKUP(B52,$B$3:$H$34,$F$2,FALSE) -> 1.21 | F52: =VLOOKUP(B52,$B$3:$H$34,$G$2,FALSE) -> - | G52: =VLOOKUP(B52,$B$56:$F$87,$C$55,FALSE) -> 43 | H52: =VLOOKUP(B52,$B$56:$F$87,$D$55,FALSE) -> - | I52: =VLOOKUP(B52,$B$56:$F$87,$E$55,FALSE) -> 36 | J52: =VLOOKUP(B52,$B$56:$F$87,$F$55,FALSE) -> 36
B53: MON | C53: 0 | D53: 0 | E53: 0 | F53: 0
B55: 1 | C55: 2 | D55: 3 | E55: 4 | F55: 5
B56: NSC | C56: Total Repair Orders OB | D56: Total Repair Orders | E56: UIO | F56: UIO Real
I57: OR Target | J57: OR real | K57: UIO | L57: UIO Real
B58: COL | C58: 35665 | D58: 36807 | E58: 36202 | F58: 36202 | H58: GEL | I58: =SUM(G40:G43) -> 2261 | J58: =SUM(H40:H43) -> 794 | K58: =SUM(I40:I43) -> 1229 | L58: =SUM(J40:J43) -> 1229
B59: BOL | C59: 4118 | D59: 3762 | E59: 4867 | F59: 4867 | H59: MASSY | I59: =SUM(G44:G53) -> 4585 | J59: =SUM(H44:H53) -> 4233 | K59: =SUM(I44:I53) -> 4404 | L59: =SUM(J44:J53) -> 4404
B60: ECA | C60: 7186 | D60: 7311 | E60: 6954 | F60: 6954
B61: PRG | C61: 4593 | D61: 5270 | E61: 3615 | F61: 3615 | I61: Target Retention | J61: Real Retention | K61: %Achi.
B62: URU | C62: 4922 | D62: 4868 | E62: 5808 | F62: 5808 | H62: GEL | I62: =I58/K58 -> 1.8397071 | J62: =J58/L58 -> 0.6460537 | K62: =J62/I62 -> 0.35117205
B63: ANT | C63: 272 | D63: 391 | E63: 257 | F63: 257 | H63: Massy | I63: =I59/K59 -> 1.041099 | J63: =J59/L59 -> 0.96117166 | K63: =J63/I63 -> 0.92322792
B64: BAR | C64: 669 | D64: 180 | E64: 363 | F64: 363
B65: BEM | C65: 43 | D65: - | E65: 36 | F65: 36
B66: BHM | C66: 269 | D66: 134 | E66: 254 | F66: 254
B67: DMT | C67: 117 | D67: - | E67: 110 | F67: 110
B68: GRN | C68: 121 | D68: 315 | E68: 114 | F68: 114
B69: GUI | C69: 235 | D69: 83 | E69: 220 | F69: 220
B70: JAM | C70: 1233 | D70: 531 | E70: 670 | F70: 670
B71: SRI | C71: 187 | D71: - | E71: 177 | F71: 177
B72: STK | C72: - | D72: 63 | E72: 92 | F72: 92
B73: STL | C73: 259 | D73: 83 | E73: 141 | F73: 141
B74: STV | C74: 100 | D74: - | E74: 55 | F74: 55
B75: TRD | C75: 3341 | D75: 3247 | E75: 3144 | F75: 3144
B76: PNM | C76: 7852 | D76: 7970 | E76: 9941 | F76: 9941
B77: GUT | C77: 5312 | D77: 5258 | E77: 3816 | F77: 3816
B78: ELS | C78: 3967 | D78: 3634 | E78: 4044 | F78: 4044
B79: HND | C79: 5016 | D79: 5174 | E79: 4451 | F79: 4451
B80: NIC | C80: 1625 | D80: 1790 | E80: 1810 | F80: 1810
B81: ALB | C81: - | D81: - | E81: 476 | F81: 476
B82: BLZ | C82: - | D82: - | E82: 114 | F82: 114
B83: CUR | C83: - | D83: - | E83: 560 | F83: 560
B84: DOM | C84: 6960 | D84: 6536 | E84: 4620 | F84: 4620
B85: HIT | C85: 391 | D85: - | E85: 771 | F85: 771
B86: PLT | C86: 17748 | D86: 18062 | E86: 20743 | F86: 20743
B87: CST | C87: 13844 | D87: 13867 | E87: 10522 | F87: 10522

Sheet OR Q2
B2: 1 | C2: 2 | D2: 3 | E2: 4 | F2: 5 | G2: 6 | H2: 7 | AB2: 1 | AC2: 2 | AD2: 3 | AE2: 4
B3: NSC | C3: Target Sell-In | D3: Total Sell-In Real | E3: % Achi. Sell In | F3: Service Frequency | G3: Service Frequency Real | H3: %Achi, Retention | I3: Total Repair Orders | J3: Total Repair Orders Real | K3: UIO | AB3: NSC | AC3: Mercado | AD3: Target | AE3: Real Sales | AG3: NSC | AH3: Mercado | AI3: Real PV | AL3: 1 | AM3: 2
M4: NSC | N4: APR | O4: MAY | P4: JUN | Q4: JUL | R4: FYTD | T4: NSC | U4: APR | V4: MAY | W4: JUN | X4: JUL | Y4: FYTD | AB4: ANT | AC4: ANTIGUA (DIS25D07) | AD4: 0.9 | AE4: 1 | AG4: ANT | AH4: ANTIGUA (DIS25D07) | AI4: 0.43529412 | AL4: Market | AM4: TR
B5: COL | C5: 4794458 | D5: 4975969 | E5: =D5/C5 -> 1.0378585 | F5: 0.99 | G5: 1.05 | H5: =G5/F5 -> 1.0606061 | I5: 47909 | J5: 50688 | K5: 48269 | M5: ECA | N5: 463.16667 | O5: 523.33333 | P5: 583.5 | Q5: 643.66667 | R5: =SUM(N5:Q5) -> 2213.6667 | T5: BAR | U5: 84.633333 | V5: 88.266667 | W5: 91.9 | X5: 95.533333 | Y5: =SUM(U5:X5) -> 360.33333 | AB5: ALB | AC5: ARUBA (DIS25D17) | AD5: 0.9 | AE5: 1 | AG5: ALB | AH5: ARUBA (DIS25D17) | AI5: 0.83783784 | AL5: COL | AM5: 0.96701656
B6: BOL | C6: 700043 | D6: 624524 | E6: =D6/C6 -> 0.89212234 | F6: 0.86 | G6: 0.81 | H6: =G6/F6 -> 0.94186047 | I6: 5594 | J6: 5258 | K6: 6490 | M6: CST | N6: 877.72917 | O6: 965.45833 | P6: 1053.1875 | Q6: 1140.9167 | R6: =SUM(N6:Q6) -> 4037.2917 | T6: JAM | U6: 23.65 | V6: 30.3 | W6: 36.95 | X6: 43.6 | Y6: =SUM(U6:X6) -> 134.5 | AB6: BHM | AC6: BAHAMAS (DIS25D13) | AD6: 0.9 | AE6: 1 | AG6: BHM | AH6: BAHAMAS (DIS25D13) | AI6: 0.34163701 | AL6: PLT
B7: ECA | C7: 1260252 | D7: 1250021 | E7: =D7/C7 -> 0.99188178 | F7: 1.03 | G7: 1.05 | H7: =G7/F7 -> 1.0194175 | I7: 9577 | J7: 9730 | K7: 9272 | M7: URU | N7: 1938.3125 | O7: 2000.625 | P7: 2062.9375 | Q7: 2125.25 | R7: =SUM(N7:Q7) -> 8127.125 | T7: STL | U7: 1.1083333 | V7: 2.2166667 | W7: 3.325 | X7: 4.4333333 | Y7: =SUM(U7:X7) -> 11.083333 | AB7: BAR | AC7: BARBADOS (DIS25D04) | AD7: 0.9 | AE7: 0.42857143 | AG7: BAR | AH7: BARBADOS (DIS25D04) | AI7: 0.10422164 | AL7: CST | AM7: 1.1111111
B8: PRG | C8: 1264567 | D8: 1122863 | E8: =D8/C8 -> 0.88794267 | F8: 1.27 | G8: 1.14 | H8: =G8/F8 -> 0.8976378 | I8: 6124 | J8: 5511 | K8: 4820 | M8: COL | N8: 5003.7167 | O8: 5239.4333 | P8: 5475.15 | Q8: 5710.8667 | R8: =SUM(N8:Q8) -> 21429.167 | T8: STV | U8: 0.9125 | V8: 1.825 | W8: 2.7375 | X8: 3.65 | Y8: =SUM(U8:X8) -> 9.125 | AB8: BER | AC8: BERMUDA (DIS25D11) | AD8: 0.9 | AE8: 1 | AG8: BLZ | AH8: BELIZE (DIS25D18) | AI8: 0.53551913 | AL8: ECA | AM8: 1.0637912
B9: URU | C9: 926654 | D9: 894183 | E9: =D9/C9 -> 0.96495887 | F9: 0.85 | G9: 0.84 | H9: =G9/F9 -> 0.98823529 | I9: 6557 | J9: 6508 | K9: 7744 | M9: PLT | N9: 1782.0683 | O9: 1873.1367 | P9: 1964.205 | Q9: 2055.2733 | R9: =SUM(N9:Q9) -> 7674.6833 | AB9: BOL | AC9: Bolivia | AD9: 0.9 | AE9: 1 | AG9: BOL | AH9: Bolivia | AI9: 0.96668581 | AL9: PNM | AM9: 1.1111111
B10: ANT | F10: 1.04 | G10: 1.66 | H10: =G10/F10 -> 1.5961538 | I10: 355 | J10: 567 | K10: 342 | M10: PNM | N10: 422.73333 | O10: 441.46667 | P10: 460.2 | Q10: 478.93333 | R10: =SUM(N10:Q10) -> 1803.3333 | T10: NSC | U10: APR | V10: MAY | W10: JUN | X10: JUL | Y10: FYTD | AB10: COL | AC10: Colombia | AD10: 0.9 | AE10: 0.99531465 | AG10: COL | AH10: Colombia | AI10: 0.8406298 | AL10: URU | AM10: 1.0069077
B11: BAR | D11: 540 | F11: 2.08 | G11: 1.7 | H11: =G11/F11 -> 0.81730769 | I11: 1009 | J11: 824 | K11: 484 | M11: BOL | N11: 476.79583 | O11: 493.59167 | P11: 510.3875 | Q11: 527.18333 | R11: =SUM(N11:Q11) -> 2007.9583 | T11: BAR | U11: 85 | V11: 90 | W11: 91 | X11: 91 | Y11: =SUM(U11:X11) -> 357 | AB11: CST | AC11: Costa Rica | AD11: 0.9 | AE11: 1 | AG11: CST | AH11: Costa Rica | AI11: 1 | AL11: ELS | AM11: 1.0857092
B12: BEM | F12: 1.2 | G12: - | I12: 57 | K12: 47 | M12: PRG | N12: 348.1 | O12: 362.2 | P12: 376.3 | Q12: 390.4 | R12: =SUM(N12:Q12) -> 1477 | T12: JAM | U12: 19 | V12: 29 | W12: 37 | X12: 37 | Y12: =SUM(U12:X12) -> 122 | AB12: CUR | AC12: CURAZAO (DIS25D14) | AD12: 0.9 | AE12: 1 | AG12: CUR | AH12: CURAZAO (DIS25D14) | AI12: 1 | AL12: HND | AM12: 1.0987458
B13: BHM | F13: 1.04 | G13: 0.4 | H13: =G13/F13 -> 0.38461538 | I13: 351 | J13: 134 | K13: 339 | M13: NIC | N13: 93.225 | O13: 98.45 | P13: 103.675 | Q13: 108.9 | R13: =SUM(N13:Q13) -> 404.25 | T13: STL | U13: 0 | V13: 0 | W13: 0 | X13: 0 | Y13: =SUM(U13:X13) -> 0 | AB13: DMT | AC13: DOMINICA (DIS25D12) | AD13: 0.9 | AE13: 1 | AG13: DMT | AH13: DOMINICA (DIS25D12) | AI13: 1 | AL13: NIC | AM13: 1.0716166
B14: DMT | F14: 1.04 | G14: - | I14: 153 | K14: 146 | M14: ELS | N14: 183.82917 | O14: 196.65833 | P14: 209.4875 | Q14: 222.31667 | R14: =SUM(N14:Q14) -> 812.29167 | T14: STV | U14: 0 | V14: 0 | W14: 0 | X14: 0 | Y14: =SUM(U14:X14) -> 0 | AB14: ECA | AC14: Ecuador | AD14: 0.9 | AE14: 0.95864198 | AG14: ECA | AH14: Ecuador | AI14: 0.95618221 | AL14: DOM | AM14: 1.1111111
B15: GRN | F15: 1.04 | G15: 2.99 | H15: =G15/F15 -> 2.875 | I15: 158 | J15: 455 | K15: 152 | M15: GUT | N15: 103.07917 | O15: 121.15833 | P15: 139.2375 | Q15: 157.31667 | R15: =SUM(N15:Q15) -> 520.79167 | AB15: ELS | AC15: El Salvador | AD15: 0.9 | AE15: 0.96428571 | AG15: ELS | AH15: El Salvador | AI15: 0.9899909 | AL15: GUT | AM15: 0.99721559
B16: GUI | F16: 1.04 | G16: 0.28 | H16: =G16/F16 -> 0.26923077 | I16: 306 | J16: 83 | K16: 293 | M16: DOM | N16: 416.0375 | O16: 425.075 | P16: 434.1125 | Q16: 443.15 | R16: =SUM(N16:Q16) -> 1718.375 | T16: GEL | U16: =SUM(Y5:Y8) -> 515.04167 | V16: =SUM(Y11:Y14) -> 479 | W16: =V16/U16 -> 0.93002184 | AB16: GRN | AC16: GRENADA (DIS25D08) | AD16: 0.9 | AE16: 1 | AG16: GRN | AH16: GRENADA (DIS25D08) | AI16: 0.71311475 | AL16: PRG | AM16: 0.96666667
B17: JAM | C17: 20000 | D17: 954 | E17: =D17/C17 -> 0.0477 | F17: 2.08 | G17: 2.5 | H17: =G17/F17 -> 1.2019231 | I17: 1860 | J17: 2235 | K17: 894 | M17: HND | N17: 177.55 | O17: 187.1 | P17: 196.65 | Q17: 206.2 | R17: =SUM(N17:Q17) -> 767.5 | T17: target | U17: 0.28428909 | V17: 0.31600086 | W17: 0.34771263 | X17: 0.3794244 | AB17: GUT | AC17: Guatemala | AD17: 0.9 | AE17: 1 | AG17: GUT | AH17: Guatemala | AI17: 0.89498807 | AL17: BOL | AM17: 1.0926032
B18: SRI | F18: 1.04 | G18: - | I18: 244 | K18: 235 | M18: TRD | N18: 42.2 | O18: 56.4 | P18: 70.6 | Q18: 84.8 | R18: =SUM(N18:Q18) -> 254 | T18: real | U18: 0.26804124 | V18: 0.30670103 | W18: 0.32989691 | X18: 0.32989691 | Y18: =X18/X17 -> 0.86946677 | AB18: GUI | AC18: GUYANA (DIS25D15) | AD18: 0.9 | AE18: 1 | AG18: GUI | AH18: GUYANA (DIS25D15) | AI18: 1 | AL18: MASSY
B19: STK | G19: 0.82 | J19: 100 | K19: 123 | AB19: HND | AC19: Honduras | AD19: 0.9 | AE19: 1 | AG19: HIT | AH19: HAITI (DIS25D03) | AI19: 0.0035587189 | AL19: GEL
B20: STL | D20: 30934 | F20: 2.09 | G20: 2.73 | H20: =G20/F20 -> 1.3062201 | I20: 391 | J20: 511 | K20: 187 | AB20: JAM | AC20: JAMAICA (DIS25D02) | AD20: 0.9 | AE20: 0.89393939 | AG20: HND | AH20: Honduras | AI20: 0.97774245
B21: STV | F21: 2.06 | G21: - | I21: 151 | K21: 73 | M21: 1 | N21: 2 | O21: 3 | P21: 4 | Q21: 5 | R21: 6 | S21: 7 | AB21: NIC | AC21: Nicaragua | AD21: 0.9 | AE21: 1 | AG21: JAM | AH21: JAMAICA (DIS25D02) | AI21: 0.58857143
B22: TRD | C22: 51858 | D22: 108093 | E22: =D22/C22 -> 2.0844036 | F22: 1.04 | G22: 1.06 | H22: =G22/F22 -> 1.0192308 | I22: 4361 | J22: 4424 | K22: 4192 | M22: NSC | N22: APR | O22: MAY | P22: JUN | Q22: JUL | R22: FYTD | S22: %Achiev. | U22: NSC | V22: APR | W22: MAY | X22: JUN | Y22: JUL | Z22: FYTD | AB22: PNM | AC22: Panama | AD22: 0.9 | AE22: 1 | AG22: NIC | AH22: Nicaragua | AI22: 0.92890995
B23: PNM | C23: 1219414 | D23: 1097794 | E23: =D23/C23 -> 0.90026357 | F23: 0.8 | G23: 0.8 | H23: =G23/F23 -> 1 | I23: 10564 | J23: 10667 | K23: 13255 | M23: ECA | N23: 509 | O23: 677 | P23: 905 | Q23: 1203 | R23: =SUM(N23:Q23) -> 3294 | S23: =R23/R5 -> 1.4880289 | U23: TRD | V23: 42.2 | W23: 56.4 | X23: 70.6 | Y23: 84.8 | Z23: =SUM(V23:Y23) -> 254 | AB23: PRG | AC23: Paraguay | AD23: 0.9 | AE23: 0.84 | AG23: PNM | AH23: Panama | AI23: 1
B24: GUT | C24: 839105 | D24: 1055311 | E24: =D24/C24 -> 1.2576626 | F24: 1.39 | G24: 1.37 | H24: =G24/F24 -> 0.98561151 | I24: 7308 | J24: 7188 | K24: 5250 | M24: CST | N24: 927 | O24: 1087 | P24: 1270 | Q24: 1513 | R24: =SUM(N24:Q24) -> 4797 | S24: =R24/R6 -> 1.1881728 | U24: ANT | V24: 1.7458333 | W24: 3.4916667 | X24: 5.2375 | Y24: 6.9833333 | Z24: =SUM(V24:Y24) -> 17.458333 | AB24: DOM | AC24: República Dominicana | AD24: 0.9 | AE24: 1 | AG24: PRG | AH24: Paraguay | AI24: 0.98919308
B25: ELS | C25: 715634 | D25: 736938 | E25: =D25/C25 -> 1.0297694 | F25: 1.01 | G25: 0.93 | H25: =G25/F25 -> 0.92079208 | I25: 5470 | J25: 5013 | K25: 5391 | M25: URU | N25: 1943 | O25: 2108 | P25: 2213 | Q25: 2293 | R25: =SUM(N25:Q25) -> 8557 | S25: =R25/R7 -> 1.0528939 | U25: BHM | V25: 1.125 | W25: 2.25 | X25: 3.375 | Y25: 4.5 | Z25: =SUM(V25:Y25) -> 11.25 | AB25: STK | AC25: ST KITTS (DIS25D09) | AD25: 0.9 | AE25: 0.6 | AG25: DOM | AH25: República Dominicana | AI25: 1
B26: HND | C26: 839768 | D26: 927163 | E26: =D26/C26 -> 1.1040704 | F26: 1.16 | G26: 1.19 | H26: =G26/F26 -> 1.0258621 | I26: 6904 | J26: 7079 | K26: 5934 | M26: COL | N26: 4904 | O26: 5324 | P26: 5807 | Q26: 6100 | R26: =SUM(N26:Q26) -> 22135 | S26: =R26/R8 -> 1.032938 | U26: DMT | V26: 1.0833333 | W26: 1.1666667 | X26: 1.25 | Y26: 1.3333333 | Z26: =SUM(V26:Y26) -> 4.8333333 | AB26: STL | AC26: ST LUCIA (DIS25D05) | AD26: 0.9 | AE26: 1 | AG26: STK | AH26: ST KITTS (DIS25D09) | AI26: 0.28470588
B27: NIC | C27: 287298 | D27: 329937 | E27: =D27/C27 -> 1.1484138 | F27: 0.92 | G27: 1.03 | H27: =G27/F27 -> 1.1195652 | I27: 2216 | J27: 2482 | K27: 2413 | M27: PLT | N27: 1734 | O27: 1801 | P27: 1891 | Q27: 1967 | R27: =SUM(N27:Q27) -> 7393 | S27: =R27/R9 -> 0.96329707 | U27: GRN | V27: 0.4875 | W27: 0.975 | X27: 1.4625 | Y27: 1.95 | Z27: =SUM(V27:Y27) -> 4.875 | AB27: SRI | AC27: SURINAME (DIS25D10) | AD27: 0.9 | AE27: 1 | AG27: STL | AH27: ST LUCIA (DIS25D05) | AI27: 0.21100917
B28: ALB | C28: 98878 | D28: 93056 | E28: =D28/C28 -> 0.94111936 | F28: - | G28: - | I28: - | J28: - | K28: 634 | M28: PNM | N28: 442 | O28: 495 | P28: 566 | Q28: 626 | R28: =SUM(N28:Q28) -> 2129 | S28: =R28/R10 -> 1.1805915 | U28: SRI | V28: 2.2916667 | W28: 4.5833333 | X28: 6.875 | Y28: 9.1666667 | Z28: =SUM(V28:Y28) -> 22.916667 | AB28: TRD | AC28: TRINIDAD Y TOBAGO (DIS25D01) | AD28: 0.9 | AE28: 0.96969697 | AG28: SRI | AH28: SURINAME (DIS25D10) | AI28: 1
B29: BLZ | C29: 33542 | D29: 40836 | E29: =D29/C29 -> 1.2174587 | F29: - | G29: - | I29: - | J29: - | K29: 152 | M29: BOL | N29: 471 | O29: 480 | P29: 487 | Q29: 491 | R29: =SUM(N29:Q29) -> 1929 | S29: =R29/R11 -> 0.9606773 | U29: STK | V29: 0.67083333 | W29: 1.3416667 | X29: 2.0125 | Y29: 2.6833333 | Z29: =SUM(V29:Y29) -> 6.7083333 | AB29: URU | AC29: Uruguay | AD29: 0.9 | AE29: 0.90604575 | AG29: TRD | AH29: TRINIDAD Y TOBAGO (DIS25D01) | AI29: 1
B30: CUR | C30: 99691 | D30: 97601 | E30: =D30/C30 -> 0.97903522 | F30: - | G30: - | I30: - | J30: - | K30: 747 | M30: PRG | N30: 336 | O30: 360 | P30: 407 | Q30: 434 | R30: =SUM(N30:Q30) -> 1537 | S30: =R30/R12 -> 1.0406229 | AG30: URU | AH30: Uruguay | AI30: 0.90638811
B31: DOM | C31: 1139939 | D31: 1120886 | E31: =D31/C31 -> 0.98328595 | F31: 1.51 | G31: 1.43 | H31: =G31/F31 -> 0.94701987 | I31: 9271 | J31: 8821 | K31: 6160 | M31: NIC | N31: 88 | O31: 90 | P31: 90 | Q31: 94 | R31: =SUM(N31:Q31) -> 362 | S31: =R31/R13 -> 0.89548547 | U31: NSC | V31: APR | W31: MAY | X31: JUN | Y31: JUL | Z31: FYTD | AB31: GEL | AC31: 0.9 | AD31: =(AE7+AE20+AE26)/3 -> 0.77417027 | AG31: GEL | AI31: =(AI7+AI21+AI27)/3 -> 0.30126741
B32: HIT | C32: 121350 | D32: 126221 | E32: =D32/C32 -> 1.0401401 | F32: 0.51 | G32: - | I32: 522 | J32: - | K32: 1028 | M32: ELS | N32: 178 | O32: 201 | P32: 219 | Q32: 234 | R32: =SUM(N32:Q32) -> 832 | S32: =R32/R14 -> 1.0242626 | U32: TRD | V32: 44 | W32: 67 | X32: 82 | Y32: 102 | Z32: =SUM(V32:Y32) -> 295 | AB32: MASSY | AC32: 0.9 | AD32: =(AE5+AE6+AE8+AE13+AE16+AE18+AE25+AE27+AE28)/9 -> 0.95218855 | AG32: MASSY | AI32: =(AI4+AI6+AI13+AI16+AI18+AI26+AI28+AI29)/8 -> 0.72184397
B33: PLT | C33: 954157 | D33: 816571 | E33: =D33/C33 -> 0.8558036 | F33: 0.86 | G33: 0.86 | H33: =G33/F33 -> 1 | I33: 23664 | J33: 23908 | K33: 27658 | M33: GUT | N33: 91 | O33: 97 | P33: 107 | Q33: 139 | R33: =SUM(N33:Q33) -> 434 | S33: =R33/R15 -> 0.83334667 | U33: ANT | V33: 0 | W33: 0 | X33: 0 | Y33: 0 | Z33: =SUM(V33:Y33) -> 0
B34: CST | C34: 2209419 | D34: 2416855 | E34: =D34/C34 -> 1.0938871 | F34: 1.32 | G34: 1.32 | H34: =G34/F34 -> 1 | I34: 18840 | J34: 18895 | K34: 14320 | M34: DOM | N34: 414 | O34: 421 | P34: 438 | Q34: 462 | R34: =SUM(N34:Q34) -> 1735 | S34: =R34/R16 -> 1.0096748 | U34: BHM | V34: 0 | W34: 0 | X34: 0 | Y34: 0 | Z34: =SUM(V34:Y34) -> 0
M35: HND | N35: 177 | O35: 185 | P35: 191 | Q35: 197 | R35: =SUM(N35:Q35) -> 750 | S35: =R35/R17 -> 0.9771987 | U35: DMT | V35: 1 | W35: 1 | X35: 1 | Y35: 1 | Z35: =SUM(V35:Y35) -> 4
B36: GEL | C36: =C11+C17+C20+C21 -> 20000 | D36: =D11+D17+D20+D21 -> 32428 | E36: =D36/C36 -> 1.6214 | F36: =I36/K36 -> 2.0824176 | G36: =J36/K36 -> 2.1794872 | H36: =G36/F36 -> 1.0466139 | I36: =I11+I17+I20+I21 -> 3411 | J36: =J11+J17+J20+J21 -> 3570 | K36: =K11+K17+K20+K21 -> 1638 | M36: TRD | N36: 44 | O36: 67 | P36: 82 | Q36: 102 | R36: =SUM(N36:Q36) -> 295 | S36: =R36/R18 -> 1.1614173 | U36: GRN | V36: 0 | W36: 0 | X36: 0 | Y36: 0 | Z36: =SUM(V36:Y36) -> 0
B37: MASSY | C37: =C10+C12+C13+C14+C15+C16+C18+C19+C22 -> 51858 | D37: =D10+D12+D13+D14+D15+D16+D18+D19+D22 -> 108093 | E37: =D37/C37 -> 2.0844036 | F37: =I37/K37 -> 1.0197649 | G37: =J37/K37 -> 0.981939 | H37: =G37/F37 -> 0.96290727 | I37: =I10+I12+I13+I14+I15+I16+I18+I19+I22 -> 5985 | J37: =J10+J12+J13+J14+J15+J16+J18+J19+J22 -> 5763 | K37: =K10+K12+K13+K14+K15+K16+K18+K19+K22 -> 5869 | U37: SRI | V37: 0 | W37: 0 | X37: 0 | Y37: 0 | Z37: =SUM(V37:Y37) -> 0
U38: STK | V38: 0 | W38: 0 | X38: 0 | Y38: 0 | Z38: =SUM(V38:Y38) -> 0
B40: Grafica Retention vs Sell In FYTD JUL
B41: 1 | C41: 2 | D41: 3 | E41: 4 | U41: TRD | V41: =Z23 -> 254 | W41: =Z32 -> 295 | X41: 1.1010101 | Y41: =IF(X41>=100%,75%,(X41*75%/100%)) -> 0.75
B42: NSC | C42: Retention | D42: Sell In | E42: Weigth | G42: NSC | H42: Target CSI | I42: CSI | J42: % Achiev. | K42: Target SSI | L42: SSI | M42: % Achiev. | U42: R9 | V42: =SUM(Z24:Z29) -> 68.041667 | W42: =SUM(Z33:Z38) -> 4 | X42: 0.037570445 | Y42: =IF(X42>=100%,25%,(X42*25%/100%)) -> 0.0093926111
B43: COL | C43: =VLOOKUP(B43,$B$3:$H$37,$H$2,FALSE) -> 1.0606061 | D43: =VLOOKUP(B43,$B$3:$H$37,$E$2,FALSE) -> 1.0378585 | E43: 0.27027135 | G43: COL | H43: =VLOOKUP(G43,'OR Q1'!$J$4:$N$18,'OR Q1'!$K$3,FALSE) -> 0.78 | I43: 0.793 | J43: =I43/H43 -> 1.0166667 | K43: =VLOOKUP(G43,'OR Q1'!$J$4:$N$18,'OR Q1'!$N$3,FALSE) -> 0.92 | L43: 0.958 | M43: =L43/K43 -> 1.0413043
B44: PLT | C44: =VLOOKUP(B44,$B$3:$H$37,$H$2,FALSE) -> 1 | D44: =VLOOKUP(B44,$B$3:$H$37,$E$2,FALSE) -> 0.8558036 | E44: 0.12557032 | G44: CST | H44: =VLOOKUP(G44,'OR Q1'!$J$4:$N$18,'OR Q1'!$K$3,FALSE) -> 0.92 | I44: 0.948 | J44: =I44/H44 -> 1.0304348 | K44: =VLOOKUP(G44,'OR Q1'!$J$4:$N$18,'OR Q1'!$N$3,FALSE) -> 0.92 | L44: 0.937 | M44: =L44/K44 -> 1.0184783
B45: CST | C45: =VLOOKUP(B45,$B$3:$H$37,$H$2,FALSE) -> 1 | D45: =VLOOKUP(B45,$B$3:$H$37,$E$2,FALSE) -> 1.0938871 | E45: 0.13185384 | G45: ECA | H45: =VLOOKUP(G45,'OR Q1'!$J$4:$N$18,'OR Q1'!$K$3,FALSE) -> 0.85 | I45: 0.863 | J45: =I45/H45 -> 1.0152941 | K45: =VLOOKUP(G45,'OR Q1'!$J$4:$N$18,'OR Q1'!$N$3,FALSE) -> 0.94 | L45: 0.992 | M45: =L45/K45 -> 1.0553191
B46: ECA | C46: =VLOOKUP(B46,$B$3:$H$37,$H$2,FALSE) -> 1.0194175 | D46: =VLOOKUP(B46,$B$3:$H$37,$E$2,FALSE) -> 0.99188178 | E46: 0.03700072 | G46: PNM | H46: =VLOOKUP(G46,'OR Q1'!$J$4:$N$18,'OR Q1'!$K$3,FALSE) -> 0.86 | I46: 0.872 | J46: =I46/H46 -> 1.0139535 | K46: =VLOOKUP(G46,'OR Q1'!$J$4:$N$18,'OR Q1'!$N$3,FALSE) -> 0.9 | L46: 0.971 | M46: =L46/K46 -> 1.0788889
B47: PNM | C47: =VLOOKUP(B47,$B$3:$H$37,$H$2,FALSE) -> 1 | D47: =VLOOKUP(B47,$B$3:$H$37,$E$2,FALSE) -> 0.90026357 | E47: 0.049167534 | G47: PLT | H47: =VLOOKUP(G47,'OR Q1'!$J$4:$N$18,'OR Q1'!$K$3,FALSE) -> 0.82 | I47: 0.847 | J47: =I47/H47 -> 1.0329268 | K47: =VLOOKUP(G47,'OR Q1'!$J$4:$N$18,'OR Q1'!$N$3,FALSE) -> 0.91 | L47: 0.911 | M47: =L47/K47 -> 1.0010989
B48: URU | C48: =VLOOKUP(B48,$B$3:$H$37,$H$2,FALSE) -> 0.98823529 | D48: =VLOOKUP(B48,$B$3:$H$37,$E$2,FALSE) -> 0.96495887 | E48: 0.037180821 | G48: URU | H48: =VLOOKUP(G48,'OR Q1'!$J$4:$N$18,'OR Q1'!$K$3,FALSE) -> 0.94 | I48: 0.991 | J48: =I48/H48 -> 1.0542553 | K48: =VLOOKUP(G48,'OR Q1'!$J$4:$N$18,'OR Q1'!$N$3,FALSE) -> 0.95 | L48: 0.981 | M48: =L48/K48 -> 1.0326316
B49: ELS | C49: =VLOOKUP(B49,$B$3:$H$37,$H$2,FALSE) -> 0.92079208 | D49: =VLOOKUP(B49,$B$3:$H$37,$E$2,FALSE) -> 1.0297694 | E49: 0.043844553 | G49: BOL | H49: =VLOOKUP(G49,'OR Q1'!$J$4:$N$18,'OR Q1'!$K$3,FALSE) -> 0.85 | I49: 0.882 | J49: =I49/H49 -> 1.0376471 | K49: =VLOOKUP(G49,'OR Q1'!$J$4:$N$18,'OR Q1'!$N$3,FALSE) -> 0.87 | L49: 0.93 | M49: =L49/K49 -> 1.0689655
B50: HND | C50: =VLOOKUP(B50,$B$3:$H$37,$H$2,FALSE) -> 1.0258621 | D50: =VLOOKUP(B50,$B$3:$H$37,$E$2,FALSE) -> 1.1040704 | E50: 0.049207556 | G50: ELS | H50: =VLOOKUP(G50,'OR Q1'!$J$4:$N$18,'OR Q1'!$K$3,FALSE) -> 0.7 | I50: 0.771 | J50: =I50/H50 -> 1.1014286 | K50: =VLOOKUP(G50,'OR Q1'!$J$4:$N$18,'OR Q1'!$N$3,FALSE) -> 0.83 | L50: 0.959 | M50: =L50/K50 -> 1.1554217
B51: NIC | C51: =VLOOKUP(B51,$B$3:$H$37,$H$2,FALSE) -> 1.1195652 | D51: =VLOOKUP(B51,$B$3:$H$37,$E$2,FALSE) -> 1.1484138 | E51: 0.022992876 | G51: GUT | H51: =VLOOKUP(G51,'OR Q1'!$J$4:$N$18,'OR Q1'!$K$3,FALSE) -> 0.75 | I51: 0.766 | J51: =I51/H51 -> 1.0213333 | K51: =VLOOKUP(G51,'OR Q1'!$J$4:$N$18,'OR Q1'!$N$3,FALSE) -> 0.83 | L51: 0.784 | M51: =L51/K51 -> 0.94457831
B52: DOM | C52: =VLOOKUP(B52,$B$3:$H$37,$H$2,FALSE) -> 0.94701987 | D52: =VLOOKUP(B52,$B$3:$H$37,$E$2,FALSE) -> 0.98328595 | E52: 0.045365405 | G52: HND | H52: =VLOOKUP(G52,'OR Q1'!$J$4:$N$18,'OR Q1'!$K$3,FALSE) -> 0.7 | I52: 0.624 | J52: =I52/H52 -> 0.89142857 | K52: =VLOOKUP(G52,'OR Q1'!$J$4:$N$18,'OR Q1'!$N$3,FALSE) -> 0.83 | L52: 1 | M52: =L52/K52 -> 1.2048193
B53: GUT | C53: =VLOOKUP(B53,$B$3:$H$37,$H$2,FALSE) -> 0.98561151 | D53: =VLOOKUP(B53,$B$3:$H$37,$E$2,FALSE) -> 1.2576626 | E53: 0.048046906 | G53: NIC | H53: =VLOOKUP(G53,'OR Q1'!$J$4:$N$18,'OR Q1'!$K$3,FALSE) -> 0.7 | I53: 0.565 | J53: =I53/H53 -> 0.80714286 | K53: =VLOOKUP(G53,'OR Q1'!$J$4:$N$18,'OR Q1'!$N$3,FALSE) -> 0.83 | L53: 0.917 | M53: =L53/K53 -> 1.1048193
B54: PRG | C54: =VLOOKUP(B54,$B$3:$H$37,$H$2,FALSE) -> 0.8976378 | D54: =VLOOKUP(B54,$B$3:$H$37,$E$2,FALSE) -> 0.88794267 | E54: 0.049287601 | G54: PRG | H54: =VLOOKUP(G54,'OR Q1'!$J$4:$N$18,'OR Q1'!$K$3,FALSE) -> 0.84 | I54: 0.909 | J54: =I54/H54 -> 1.0821429 | K54: =VLOOKUP(G54,'OR Q1'!$J$4:$N$18,'OR Q1'!$N$3,FALSE) -> 0.9 | L54: 0.94 | M54: =L54/K54 -> 1.0444444
... B56: MASSY | C56: =VLOOKUP(B56,$B$3:$H$37,$H$2,FALSE) -> 0.96290727 | D56: =VLOOKUP(B56,$B$3:$H$37,$E$2,FALSE) -> 2.0844036 | E56: 0.032057952 | G56: Massy | H56: =VLOOKUP(G56,'OR Q1'!$J$4:$N$18,'OR Q1'!$K$3,FALSE) -> 0.7 | I56: 0.538 | J56: =I56/H56 -> 0.76857143 | K56: =VLOOKUP(G56,'OR Q1'!$J$4:$N$18,'OR Q1'!$N$3,FALSE) -> 0.88 | L56: 0.935 | M56: =L56/K56 -> 1.0625
B57: GEL | C57: =VLOOKUP(B57,$B$3:$H$37,$H$2,FALSE) -> 1.0466139 | D57: =VLOOKUP(B57,$B$3:$H$37,$E$2,FALSE) -> 1.6214 | E57: 0.012907228
B59: Grafica FYTD 25 JUL vs PY | G59: Grafica FYTD 25 JUL Satisfaction | L59: Grafica Aftersales
B60: 1 | C60: 2 | D60: 3 | E60: 4 | G60: 1 | H60: 2 | I60: 3
B61: NSC | C61: RS | D61: MS | E61: Weigth | G61: NSC | H61: CSI | I61: SSI | J61: Weigth | L61: NSC | M61: Spare Parts/ UIO WS | N61: Retention | O61: Weigth
B62: COL | C62: 1.2076814 | D62: 0.93980082 | E62: =VLOOKUP(B62,$B$42:$E$57,$E$41,FALSE) -> 0.27027135 | G62: COL | H62: 1.0166667 | I62: 1.0413043 | J62: =VLOOKUP(G62,$B$61:$E$76,$E$60,FALSE) -> 0.27027135 | L62: BOL | M62: 182.68611 | N62: 0.8101853 | O62: =VLOOKUP(L62,$B$61:$E$76,$E$60,FALSE) -> 0.022272473
B63: CST | C63: 1.0214883 | D63: 1.1948698 | E63: =VLOOKUP(B63,$B$42:$E$57,$E$41,FALSE) -> 0.13185384 | G63: CST | H63: 1.0304348 | I63: 1.0184783 | J63: =VLOOKUP(G63,$B$61:$E$76,$E$60,FALSE) -> 0.13185384 | L63: COL | M63: 233.2646 | N63: 1.0501222 | O63: =VLOOKUP(L63,$B$61:$E$76,$E$60,FALSE) -> 0.27027135
B64: PLT | C64: 0.75994986 | D64: 0.86148873 | E64: =VLOOKUP(B64,$B$42:$E$57,$E$41,FALSE) -> 0.12557032 | G64: ECA | H64: 1.0152941 | I64: 1.0553191 | J64: =VLOOKUP(G64,$B$61:$E$76,$E$60,FALSE) -> 0.03700072 | L64: CST | M64: 339.64217 | N64: 1.3195273 | O64: =VLOOKUP(L64,$B$61:$E$76,$E$60,FALSE) -> 0.13185384
B65: HND | C65: 0.76557864 | D65: 1.0403919 | E65: =VLOOKUP(B65,$B$42:$E$57,$E$41,FALSE) -> 0.049207556 | G65: PNM | H65: 1.0139535 | I65: 1.0788889 | J65: =VLOOKUP(G65,$B$61:$E$76,$E$60,FALSE) -> 0.049167534 | L65: DOM | M65: 362.75232 | N65: 1.4319805 | O65: =VLOOKUP(L65,$B$61:$E$76,$E$60,FALSE) -> 0.045365405
B66: ELS | C66: 0.96714286 | D66: 0.9384761 | E66: =VLOOKUP(B66,$B$42:$E$57,$E$41,FALSE) -> 0.043844553 | G66: PLT | H66: 1.0329268 | I66: 1.0010989 | J66: =VLOOKUP(G66,$B$61:$E$76,$E$60,FALSE) -> 0.12557032 | L66: ECA | M66: 291.05355 | N66: 1.0493557 | O66: =VLOOKUP(L66,$B$61:$E$76,$E$60,FALSE) -> 0.03700072
B67: GUT | C67: 1.1531365 | D67: 1.1042238 | E67: =VLOOKUP(B67,$B$42:$E$57,$E$41,FALSE) -> 0.048046906 | G67: URU | H67: 1.0542553 | I67: 1.0326316 | J67: =VLOOKUP(G67,$B$61:$E$76,$E$60,FALSE) -> 0.037180821 | L67: ELS | M67: 228.11978 | N67: 0.92982565 | O67: =VLOOKUP(L67,$B$61:$E$76,$E$60,FALSE) -> 0.043844553
B68: PNM | C68: 0.73657289 | D68: 0.6945253 | E68: =VLOOKUP(B68,$B$42:$E$57,$E$41,FALSE) -> 0.049167534 | G68: BOL | H68: 1.0376471 | I68: 1.0689655 | J68: =VLOOKUP(G68,$B$61:$E$76,$E$60,FALSE) -> 0.022272473 | L68: GUT | M68: 361.48042 | N68: 1.3690889 | O68: =VLOOKUP(L68,$B$61:$E$76,$E$60,FALSE) -> 0.048046906
B69: DOM | C69: 0.86757991 | D69: 0.92228237 | E69: =VLOOKUP(B69,$B$42:$E$57,$E$41,FALSE) -> 0.045365405 | G69: ELS | H69: 1.1014286 | I69: 1.1554217 | J69: =VLOOKUP(G69,$B$61:$E$76,$E$60,FALSE) -> 0.043844553 | L69: HND | M69: 286.98448 | N69: 1.1929558 | O69: =VLOOKUP(L69,$B$61:$E$76,$E$60,FALSE) -> 0.049207556
B70: PRG | C70: 0.88087248 | D70: 0.80213006 | E70: =VLOOKUP(B70,$B$42:$E$57,$E$41,FALSE) -> 0.049287601 | G70: GUT | H70: 1.0213333 | I70: 0.94457831 | J70: =VLOOKUP(G70,$B$61:$E$76,$E$60,FALSE) -> 0.048046906 | L70: JAM | M70: 2.3122146 | N70: 2.5011303 | O70: 0.0063635636
B71: ECA | C71: 0.6 | D71: 0.50451046 | E71: =VLOOKUP(B71,$B$42:$E$57,$E$41,FALSE) -> 0.03700072 | G71: HND | H71: 0.89142857 | I71: 1.2048193 | J71: =VLOOKUP(G71,$B$61:$E$76,$E$60,FALSE) -> 0.049207556 | L71: NIC | M71: 234.54666 | N71: 1.0285951 | O71: =VLOOKUP(L71,$B$61:$E$76,$E$60,FALSE) -> 0.022992876
B72: URU | C72: 0.62378641 | D72: 0.60342731 | E72: =VLOOKUP(B72,$B$42:$E$57,$E$41,FALSE) -> 0.037180821 | G72: NIC | H72: 0.80714286 | I72: 1.1048193 | J72: =VLOOKUP(G72,$B$61:$E$76,$E$60,FALSE) -> 0.022992876 | L72: PLT | M72: 50.84656 | N72: 0.86441536 | O72: =VLOOKUP(L72,$B$61:$E$76,$E$60,FALSE) -> 0.12557032
B73: Massy | C73: 0.70903955 | D73: 0.78080949 | E73: =VLOOKUP(B73,$B$42:$E$57,$E$41,FALSE) -> 0.032057952 | G73: PRG | H73: 1.0821429 | I73: 1.0444444 | J73: =VLOOKUP(G73,$B$61:$E$76,$E$60,FALSE) -> 0.049287601 | L73: PNM | M73: 217.0277 | N73: 0.80477316 | O73: =VLOOKUP(L73,$B$61:$E$76,$E$60,FALSE) -> 0.049167534
B74: NIC | C74: 1.0454545 | D74: 1.1686928 | E74: =VLOOKUP(B74,$B$42:$E$57,$E$41,FALSE) -> 0.022992876 | G74: DOM | H74: 1.1485714 | I74: 1.0829545 | J74: =VLOOKUP(G74,$B$61:$E$76,$E$60,FALSE) -> 0.045365405 | L74: PRG | M74: 382.32732 | N74: 1.5725154 | O74: =VLOOKUP(L74,$B$61:$E$76,$E$60,FALSE) -> 0.049287601
B75: BOL | C75: 0.59584665 | D75: 0.75383694 | E75: =VLOOKUP(B75,$B$42:$E$57,$E$41,FALSE) -> 0.022272473 | G75: Massy | H75: 0.76857143 | I75: 1.0625 | J75: =VLOOKUP(G75,$B$61:$E$76,$E$60,FALSE) -> 0.032057952 | L75: TRD | M75: 22.360985 | N75: 1.055408 | O75: 0.02189226
B76: GEL | C76: 0.90140845 | D76: 0.91011561 | E76: =VLOOKUP(B76,$B$42:$E$57,$E$41,FALSE) -> 0.012907228 | L76: URU | M76: 211.10071 | N76: 0.84039256 | O76: =VLOOKUP(L76,$B$61:$E$76,$E$60,FALSE) -> 0.037180821
B78: Grafica YTD BP va PY | G78: Grafica YTD vs BP
B80: NSC | C80: RS | D80: MS | E80: Weigth | G80: NSC | H80: RS | I80: MS | J80: Weigth
B81: COL | C81: 1.2076814 | D81: 1.0771378 | E81: 0.27027135 | G81: COL | H81: 1.0771378 | I81: 0.9094743 | J81: =VLOOKUP(G81,$B$61:$E$76,$E$60,FALSE) -> 0.27027135
B82: CST | C82: 1.0214883 | D82: 1.2235462 | E82: 0.13185384 | G82: CST | H82: 1.2235462 | I82: 1.1021322 | J82: =VLOOKUP(G82,$B$61:$E$76,$E$60,FALSE) -> 0.13185384
B83: PLT | C83: 0.75994986 | D83: 0.82821038 | E83: 0.12557032 | G83: PLT | H83: 0.82821038 | I83: 0.80935204 | J83: =VLOOKUP(G83,$B$61:$E$76,$E$60,FALSE) -> 0.12557032
B84: HND | C84: 0.76557864 | D84: 1.2585366 | E84: 0.049207556 | G84: HND | H84: 1.2585366 | I84: 1.1352126 | J84: =VLOOKUP(G84,$B$61:$E$76,$E$60,FALSE) -> 0.049207556
B85: ELS | C85: 0.96714286 | D85: 1.1672414 | E85: 0.043844553 | G85: ELS | H85: 1.1672414 | I85: 0.99115976 | J85: =VLOOKUP(G85,$B$61:$E$76,$E$60,FALSE) -> 0.043844553
B86: GUT | C86: 1.1531365 | D86: 0.78914141 | E86: 0.048046906 | G86: GUT | H86: 0.78914141 | I86: 0.66304121 | J86: =VLOOKUP(G86,$B$61:$E$76,$E$60,FALSE) -> 0.048046906
B87: PNM | C87: 0.73657289 | D87: 0.66435986 | E87: 0.049167534 | G87: PNM | H87: 0.66435986 | I87: 0.53481492 | J87: =VLOOKUP(G87,$B$61:$E$76,$E$60,FALSE) -> 0.049167534
B88: DOM | C88: 0.86757991 | D88: 0.93289689 | E88: 0.045365405 | G88: DOM | H88: 0.93289689 | I88: 0.75643443 | J88: =VLOOKUP(G88,$B$61:$E$76,$E$60,FALSE) -> 0.045365405
B89: PRG | C89: 0.88087248 | D89: 0.80030488 | E89: 0.049287601 | G89: PRG | H89: 0.80030488 | I89: 0.71123288 | J89: =VLOOKUP(G89,$B$61:$E$76,$E$60,FALSE) -> 0.049287601
B90: ECA | C90: 0.6 | D90: 1.1472527 | E90: 0.03700072 | G90: ECA | H90: 1.1472527 | I90: 0.88109738 | J90: =VLOOKUP(G90,$B$61:$E$76,$E$60,FALSE) -> 0.03700072
B91: URU | C91: 0.62378641 | D91: 1.3385417 | E91: 0.037180821 | G91: URU | H91: 1.3385417 | I91: 1.1636568 | J91: =VLOOKUP(G91,$B$61:$E$76,$E$60,FALSE) -> 0.037180821
B92: Massy | C92: 0.70903955 | D92: 0.9028777 | E92: 0.032057952 | G92: Massy | H92: 0.9028777 | I92: 0.92387485 | J92: =VLOOKUP(G92,$B$61:$E$76,$E$60,FALSE) -> 0.032057952
... B95: GEL | C95: 0.90140845 | D95: 1.0322581 | E95: 0.012907228 | G95: GEL | H95: 1.0322581 | I95: 0.90687149 | J95: =VLOOKUP(G95,$B$61:$E$76,$E$60,FALSE) -> 0.012907228

Sheet AP25JUL
B3: Market | C3: CSI | D3: SSI | E3: NRC | F3: Training | G3: Ser. Campaign | H3: Lead Mng. | I3: Share of Inv. | J3: Game Plan | K3: Sell In | L3: Retention | M3: Retail Sales
B4: COL | C4: =VLOOKUP(B4,'OR Q2'!$G$61:$J$75,'OR Q2'!$H$60,FALSE) -> 1.0166667 | D4: =VLOOKUP(B4,'OR Q2'!$G$61:$J$75,'OR Q2'!$I$60,FALSE) -> 1.0413043 | E4: 1 | F4: 0.96701656 | G4: =VLOOKUP(B4,'OR Q2'!$M$22:$S$36,'OR Q2'!$S$21,FALSE) -> 1.032938 | H4: 1 | I4: 1 | J4: 1 | K4: =VLOOKUP(B4,'OR Q2'!$B$42:$E$57,'OR Q2'!$D$41,FALSE) -> 1.0378585 | L4: =VLOOKUP(B4,'OR Q2'!$B$42:$E$57,'OR Q2'!$C$41,FALSE) -> 1.0606061 | M4: 1.0923829
B5: PLT | C5: =VLOOKUP(B5,'OR Q2'!$G$61:$J$75,'OR Q2'!$H$60,FALSE) -> 1.0329268 | D5: =VLOOKUP(B5,'OR Q2'!$G$61:$J$75,'OR Q2'!$I$60,FALSE) -> 1.0010989 | E5: 1 | F5: 0 | G5: =VLOOKUP(B5,'OR Q2'!$M$22:$S$36,'OR Q2'!$S$21,FALSE) -> 0.96329707 | H5: 0.5 | I5: 1 | J5: 1 | K5: =VLOOKUP(B5,'OR Q2'!$B$42:$E$57,'OR Q2'!$D$41,FALSE) -> 0.8558036 | L5: =VLOOKUP(B5,'OR Q2'!$B$42:$E$57,'OR Q2'!$C$41,FALSE) -> 1 | M5: 0.86360399
B6: CST | C6: =VLOOKUP(B6,'OR Q2'!$G$61:$J$75,'OR Q2'!$H$60,FALSE) -> 1.0304348 | D6: =VLOOKUP(B6,'OR Q2'!$G$61:$J$75,'OR Q2'!$I$60,FALSE) -> 1.0184783 | E6: 1 | F6: 1.1111111 | G6: =VLOOKUP(B6,'OR Q2'!$M$22:$S$36,'OR Q2'!$S$21,FALSE) -> 1.1881728 | H6: 1 | I6: 1 | J6: 1 | K6: =VLOOKUP(B6,'OR Q2'!$B$42:$E$57,'OR Q2'!$D$41,FALSE) -> 1.0938871 | L6: =VLOOKUP(B6,'OR Q2'!$B$42:$E$57,'OR Q2'!$C$41,FALSE) -> 1 | M6: 1.0946695
B7: ECA | C7: =VLOOKUP(B7,'OR Q2'!$G$61:$J$75,'OR Q2'!$H$60,FALSE) -> 1.0152941 | D7: =VLOOKUP(B7,'OR Q2'!$G$61:$J$75,'OR Q2'!$I$60,FALSE) -> 1.0553191 | E7: 1 | F7: 1.0637912 | G7: =VLOOKUP(B7,'OR Q2'!$M$22:$S$36,'OR Q2'!$S$21,FALSE) -> 1.4880289 | H7: 1 | I7: 1 | J7: 1 | K7: =VLOOKUP(B7,'OR Q2'!$B$42:$E$57,'OR Q2'!$D$41,FALSE) -> 0.99188178 | L7: =VLOOKUP(B7,'OR Q2'!$B$42:$E$57,'OR Q2'!$C$41,FALSE) -> 1.0194175 | M7: 1.1082803
B8: PNM | C8: 1.022 | D8: 1.084 | E8: 1 | F8: 1.0957 | G8: 1.044 | H8: 1 | I8: 1 | J8: 1 | K8: 0.834 | L8: 1.039 | M8: 0.828
B9: URU | C9: =VLOOKUP(B9,'OR Q2'!$G$61:$J$75,'OR Q2'!$H$60,FALSE) -> 1.0542553 | D9: =VLOOKUP(B9,'OR Q2'!$G$61:$J$75,'OR Q2'!$I$60,FALSE) -> 1.0326316 | E9: 1 | F9: 1.0069077 | G9: =VLOOKUP(B9,'OR Q2'!$M$22:$S$36,'OR Q2'!$S$21,FALSE) -> 1.0528939 | H9: 1 | I9: 1 | J9: 1 | K9: =VLOOKUP(B9,'OR Q2'!$B$42:$E$57,'OR Q2'!$D$41,FALSE) -> 0.96495887 | L9: =VLOOKUP(B9,'OR Q2'!$B$42:$E$57,'OR Q2'!$C$41,FALSE) -> 0.98823529 | M9: 0.96616541
B10: ELS | C10: =VLOOKUP(B10,'OR Q2'!$G$61:$J$75,'OR Q2'!$H$60,FALSE) -> 1.1014286 | D10: =VLOOKUP(B10,'OR Q2'!$G$61:$J$75,'OR Q2'!$I$60,FALSE) -> 1.1554217 | E10: 1 | F10: 1.0857092 | G10: =VLOOKUP(B10,'OR Q2'!$M$22:$S$36,'OR Q2'!$S$21,FALSE) -> 1.0242626 | H10: 1 | I10: 1 | J10: 1 | K10: =VLOOKUP(B10,'OR Q2'!$B$42:$E$57,'OR Q2'!$D$41,FALSE) -> 1.0297694 | L10: =VLOOKUP(B10,'OR Q2'!$B$42:$E$57,'OR Q2'!$C$41,FALSE) -> 0.92079208 | M10: 0.90266667
B11: HND | C11: =VLOOKUP(B11,'OR Q2'!$G$61:$J$75,'OR Q2'!$H$60,FALSE) -> 0.89142857 | D11: =VLOOKUP(B11,'OR Q2'!$G$61:$J$75,'OR Q2'!$I$60,FALSE) -> 1.2048193 | E11: 1 | F11: 1.0987458 | G11: =VLOOKUP(B11,'OR Q2'!$M$22:$S$36,'OR Q2'!$S$21,FALSE) -> 0.9771987 | H11: 1 | I11: 1 | J11: 1 | K11: =VLOOKUP(B11,'OR Q2'!$B$42:$E$57,'OR Q2'!$D$41,FALSE) -> 1.1040704 | L11: =VLOOKUP(B11,'OR Q2'!$B$42:$E$57,'OR Q2'!$C$41,FALSE) -> 1.0258621 | M11: 0.91381346
B12: NIC | C12: =VLOOKUP(B12,'OR Q2'!$G$61:$J$75,'OR Q2'!$H$60,FALSE) -> 0.80714286 | D12: =VLOOKUP(B12,'OR Q2'!$G$61:$J$75,'OR Q2'!$I$60,FALSE) -> 1.1048193 | E12: 1 | F12: 1.0716166 | G12: =VLOOKUP(B12,'OR Q2'!$M$22:$S$36,'OR Q2'!$S$21,FALSE) -> 0.89548547 | H12: 1 | I12: 1 | J12: 1 | K12: =VLOOKUP(B12,'OR Q2'!$B$42:$E$57,'OR Q2'!$D$41,FALSE) -> 1.1484138 | L12: =VLOOKUP(B12,'OR Q2'!$B$42:$E$57,'OR Q2'!$C$41,FALSE) -> 1.1195652 | M12: 0.9513382
B13: DOM | C13: =VLOOKUP(B13,'OR Q2'!$G$61:$J$75,'OR Q2'!$H$60,FALSE) -> 1.1485714 | D13: =VLOOKUP(B13,'OR Q2'!$G$61:$J$75,'OR Q2'!$I$60,FALSE) -> 1.0829545 | E13: 1 | F13: 1.1111111 | G13: =VLOOKUP(B13,'OR Q2'!$M$22:$S$36,'OR Q2'!$S$21,FALSE) -> 1.0096748 | H13: 1 | I13: 1 | J13: 1 | K13: =VLOOKUP(B13,'OR Q2'!$B$42:$E$57,'OR Q2'!$D$41,FALSE) -> 0.98328595 | L13: =VLOOKUP(B13,'OR Q2'!$B$42:$E$57,'OR Q2'!$C$41,FALSE) -> 0.94701987 | M13: 0.88785047
B14: GUT | C14: =VLOOKUP(B14,'OR Q2'!$G$61:$J$75,'OR Q2'!$H$60,FALSE) -> 1.0213333 | D14: =VLOOKUP(B14,'OR Q2'!$G$61:$J$75,'OR Q2'!$I$60,FALSE) -> 0.94457831 | E14: 1 | F14: 0.99721559 | G14: =VLOOKUP(B14,'OR Q2'!$M$22:$S$36,'OR Q2'!$S$21,FALSE) -> 0.83334667 | H14: 1 | I14: - | J14: 1 | K14: =VLOOKUP(B14,'OR Q2'!$B$42:$E$57,'OR Q2'!$D$41,FALSE) -> 1.2576626 | L14: =VLOOKUP(B14,'OR Q2'!$B$42:$E$57,'OR Q2'!$C$41,FALSE) -> 0.98561151 | M14: 0.91508053
B15: PRG | C15: =VLOOKUP(B15,'OR Q2'!$G$61:$J$75,'OR Q2'!$H$60,FALSE) -> 1.0821429 | D15: =VLOOKUP(B15,'OR Q2'!$G$61:$J$75,'OR Q2'!$I$60,FALSE) -> 1.0444444 | E15: 1 | F15: 0.96666667 | G15: =VLOOKUP(B15,'OR Q2'!$M$22:$S$36,'OR Q2'!$S$21,FALSE) -> 1.0406229 | H15: 1 | I15: - | J15: 1 | K15: =VLOOKUP(B15,'OR Q2'!$B$42:$E$57,'OR Q2'!$D$41,FALSE) -> 0.88794267 | L15: =VLOOKUP(B15,'OR Q2'!$B$42:$E$57,'OR Q2'!$C$41,FALSE) -> 0.8976378 | M15: 0.81521739
B16: BOL | C16: =VLOOKUP(B16,'OR Q2'!$G$61:$J$75,'OR Q2'!$H$60,FALSE) -> 1.0376471 | D16: =VLOOKUP(B16,'OR Q2'!$G$61:$J$75,'OR Q2'!$I$60,FALSE) -> 1.0689655 | E16: 1 | F16: 1.0926032 | G16: =VLOOKUP(B16,'OR Q2'!$M$22:$S$36,'OR Q2'!$S$21,FALSE) -> 0.9606773 | H16: 1 | I16: - | J16: 1 | K16: =VLOOKUP(B16,'OR Q2'!$B$42:$E$57,'OR Q2'!$D$41,FALSE) -> 0.89212234 | L16: =VLOOKUP(B16,'OR Q2'!$B$42:$E$57,'OR Q2'!$C$41,FALSE) -> 0.94186047 | M16: 0.96134021
B17: MASSY | C17: =VLOOKUP(B17,'OR Q2'!$G$61:$J$75,'OR Q2'!$H$60,FALSE) -> 0.76857143 | D17: =VLOOKUP(B17,'OR Q2'!$G$61:$J$75,'OR Q2'!$I$60,FALSE) -> 1.0625 | E17: 1 | F17: 0.90102443 | G17: 0.76 | H17: 1 | I17: - | J17: 1 | K17: =VLOOKUP(B17,'OR Q2'!$B$42:$E$57,'OR Q2'!$D$41,FALSE) -> 2.0844036 | L17: =VLOOKUP(B17,'OR Q2'!$B$42:$E$57,'OR Q2'!$C$41,FALSE) -> 0.96290727 | M17: 0.89483066
B18: GEL | E18: 1 | F18: 0.59746538 | G18: ='OR Q2'!Y18 -> 0.86946677 | H18: 0.5 | I18: - | J18: 1 | K18: =VLOOKUP(B18,'OR Q2'!$B$42:$E$57,'OR Q2'!$D$41,FALSE) -> 1.6214 | L18: =VLOOKUP(B18,'OR Q2'!$B$42:$E$57,'OR Q2'!$C$41,FALSE) -> 1.0466139 | M18: 0.84210526
B21: Market | C21: CSI | D21: SSI | E21: NRC | F21: Training | G21: Ser. Campaign | H21: Lead Mng. | I21: Share of Inv. | J21: Game Plan | K21: Sell In | L21: Retention | M21: Retail Sales | N21: Total
B22: COL | C22: 0.06 | D22: 0.06 | E22: 0.05 | F22: 0.04 | G22: 0.04 | H22: 0.05 | I22: 0.03 | J22: 0.07 | K22: 0.2 | L22: 0.1 | M22: 0.3 | N22: =SUM(C22:M22) -> 1
B23: PLT | C23: 0.06 | D23: 0.06 | E23: 0.05 | F23: 0.04 | G23: 0.04 | H23: 0.05 | I23: 0.03 | J23: 0.07 | K23: 0.2 | L23: 0.1 | M23: 0.3 | N23: =SUM(C23:M23) -> 1
B24: CST | C24: 0.06 | D24: 0.06 | E24: 0.05 | F24: 0.04 | G24: 0.04 | H24: 0.05 | I24: 0.03 | J24: 0.07 | K24: 0.2 | L24: 0.1 | M24: 0.3 | N24: =SUM(C24:M24) -> 1
B25: ECA | C25: 0.06 | D25: 0.06 | E25: 0.05 | F25: 0.04 | G25: 0.04 | H25: 0.05 | I25: 0.03 | J25: 0.07 | K25: 0.2 | L25: 0.1 | M25: 0.3 | N25: =SUM(C25:M25) -> 1
B26: PNM | C26: 0.06 | D26: 0.06 | E26: 0.05 | F26: 0.04 | G26: 0.04 | H26: 0.05 | I26: 0.03 | J26: 0.07 | K26: 0.2 | L26: 0.1 | M26: 0.3 | N26: =SUM(C26:M26) -> 1
B27: URU | C27: 0.06 | D27: 0.06 | E27: 0.05 | F27: 0.04 | G27: 0.04 | H27: 0.05 | I27: 0.03 | J27: 0.07 | K27: 0.2 | L27: 0.1 | M27: 0.3 | N27: =SUM(C27:M27) -> 1
B28: ELS | C28: 0.06 | D28: 0.06 | E28: 0.05 | F28: 0.04 | G28: 0.04 | H28: 0.05 | I28: 0.03 | J28: 0.07 | K28: 0.2 | L28: 0.1 | M28: 0.3 | N28: =SUM(C28:M28) -> 1
B29: HND | C29: 0.06 | D29: 0.06 | E29: 0.05 | F29: 0.04 | G29: 0.04 | H29: 0.05 | I29: 0.03 | J29: 0.07 | K29: 0.2 | L29: 0.1 | M29: 0.3 | N29: =SUM(C29:M29) -> 1
B30: NIC | C30: 0.06 | D30: 0.06 | E30: 0.05 | F30: 0.04 | G30: 0.04 | H30: 0.05 | I30: 0.03 | J30: 0.07 | K30: 0.2 | L30: 0.1 | M30: 0.3 | N30: =SUM(C30:M30) -> 1
B31: DOM | C31: 0.06 | D31: 0.06 | E31: 0.05 | F31: 0.04 | G31: 0.04 | H31: 0.05 | I31: 0.03 | J31: 0.07 | K31: 0.2 | L31: 0.1 | M31: 0.3 | N31: =SUM(C31:M31) -> 1
B32: GUT | C32: 0.06 | D32: 0.06 | E32: 0.05 | F32: 0.04 | G32: 0.04 | H32: 0.05 | I32: - | J32: 0.1 | K32: 0.2 | L32: 0.1 | M32: 0.3 | N32: =SUM(C32:M32) -> 1
B33: PRG | C33: 0.06 | D33: 0.06 | E33: 0.05 | F33: 0.04 | G33: 0.04 | H33: 0.05 | I33: - | J33: 0.1 | K33: 0.2 | L33: 0.1 | M33: 0.3 | N33: =SUM(C33:M33) -> 1
B34: BOL | C34: 0.06 | D34: 0.06 | E34: 0.05 | F34: 0.04 | G34: 0.04 | H34: 0.05 | I34: - | J34: 0.1 | K34: 0.2 | L34: 0.1 | M34: 0.3 | N34: =SUM(C34:M34) -> 1
B35: MASSY | C35: 0.06 | D35: 0.06 | E35: 0.05 | F35: 0.04 | G35: 0.04 | H35: 0.05 | I35: - | J35: 0.1 | K35: 0.2 | L35: 0.1 | M35: 0.3 | N35: =SUM(C35:M35) -> 1
B36: Gel Group | C36: - | D36: - | E36: 0.05 | F36: 0.05 | G36: 0.05 | H36: 0.05 | I36: - | J36: 0.1 | K36: 0.25 | L36: 0.1 | M36: 0.35 | N36: =SUM(C36:M36) -> 1
B39: Market | C39: CSI | D39: SSI | E39: NRC | F39: Training | G39: Ser. Campaign | H39: Lead Mng. | I39: Share of Inv. | J39: Game Plan | K39: Sell In | L39: Retention | M39: Retail Sales | N39: Total
B40: COL | C40: =IF(C4>=100%,C22,(C4*C22)/100%) -> 0.06 | D40: =IF(D4>=100%,D22,(D4*D22)/100%) -> 0.06 | E40: =IF(E4>=100%,E22,(E4*E22)/100%) -> 0.05 | F40: =IF(F4>=100%,F22,(F4*F22)/100%) -> 0.038680662 | G40: =IF(G4>=100%,G22,(G4*G22)/100%) -> 0.04 | H40: =IF(H4>=100%,H22,(H4*H22)/100%) -> 0.05 | I40: =IF(I4>=100%,I22,(I4*I22)/100%) -> 0.03 | J40: =IF(J4>=100%,J22,(J4*J22)/100%) -> 0.07 | ... M40: =IF(M4>=100%,M22,(M4*M22)/100%) -> 0.3 | N40: =SUM(C40:M40) -> 0.99868066
B41: PLT | C41: =IF(C5>=100%,C23,(C5*C23)/100%) -> 0.06 | D41: =IF(D5>=100%,D23,(D5*D23)/100%) -> 0.06 | E41: =IF(E5>=100%,E23,(E5*E23)/100%) -> 0.05 | F41: =IF(F5>=100%,F23,(F5*F23)/100%) -> 0 | G41: =IF(G5>=100%,G23,(G5*G23)/100%) -> 0.038531883 | H41: =IF(H5>=100%,H23,(H5*H23)/100%) -> 0.025 | I41: =IF(I5>=100%,I23,(I5*I23)/100%) -> 0.03 | J41: =IF(J5>=100%,J23,(J5*J23)/100%) -> 0.07 | ... M41: =IF(M5>=100%,M23,(M5*M23)/100%) -> 0.2590812 | N41: =SUM(C41:M41) -> 0.8637738
B42: CST | C42: =IF(C6>=100%,C24,(C6*C24)/100%) -> 0.06 | D42: =IF(D6>=100%,D24,(D6*D24)/100%) -> 0.06 | E42: =IF(E6>=100%,E24,(E6*E24)/100%) -> 0.05 | F42: =IF(F6>=100%,F24,(F6*F24)/100%) -> 0.04 | G42: =IF(G6>=100%,G24,(G6*G24)/100%) -> 0.04 | H42: =IF(H6>=100%,H24,(H6*H24)/100%) -> 0.05 | I42: =IF(I6>=100%,I24,(I6*I24)/100%) -> 0.03 | J42: =IF(J6>=100%,J24,(J6*J24)/100%) -> 0.07 | ... M42: =IF(M6>=100%,M24,(M6*M24)/100%) -> 0.3 | N42: =SUM(C42:M42) -> 1
B43: ECA | C43: =IF(C7>=100%,C25,(C7*C25)/100%) -> 0.06 | D43: =IF(D7>=100%,D25,(D7*D25)/100%) -> 0.06 | E43: =IF(E7>=100%,E25,(E7*E25)/100%) -> 0.05 | F43: =IF(F7>=100%,F25,(F7*F25)/100%) -> 0.04 | G43: =IF(G7>=100%,G25,(G7*G25)/100%) -> 0.04 | H43: =IF(H7>=100%,H25,(H7*H25)/100%) -> 0.05 | I43: =IF(I7>=100%,I25,(I7*I25)/100%) -> 0.03 | J43: =IF(J7>=100%,J25,(J7*J25)/100%) -> 0.07 | ... M43: =IF(M7>=100%,M25,(M7*M25)/100%) -> 0.3 | N43: =SUM(C43:M43) -> 0.99837636
B44: PNM | C44: =IF(C8>=100%,C26,(C8*C26)/100%) -> 0.06 | D44: =IF(D8>=100%,D26,(D8*D26)/100%) -> 0.06 | E44: =IF(E8>=100%,E26,(E8*E26)/100%) -> 0.05 | F44: =IF(F8>=100%,F26,(F8*F26)/100%) -> 0.04 | G44: =IF(G8>=100%,G26,(G8*G26)/100%) -> 0.04 | H44: =IF(H8>=100%,H26,(H8*H26)/100%) -> 0.05 | I44: =IF(I8>=100%,I26,(I8*I26)/100%) -> 0.03 | J44: =IF(J8>=100%,J26,(J8*J26)/100%) -> 0.07 | ... M44: =IF(M8>=100%,M26,(M8*M26)/100%) -> 0.2484 | N44: =SUM(C44:M44) -> 0.9152
B45: URU | C45: =IF(C9>=100%,C27,(C9*C27)/100%) -> 0.06 | D45: =IF(D9>=100%,D27,(D9*D27)/100%) -> 0.06 | E45: =IF(E9>=100%,E27,(E9*E27)/100%) -> 0.05 | F45: =IF(F9>=100%,F27,(F9*F27)/100%) -> 0.04 | G45: =IF(G9>=100%,G27,(G9*G27)/100%) -> 0.04 | H45: =IF(H9>=100%,H27,(H9*H27)/100%) -> 0.05 | I45: =IF(I9>=100%,I27,(I9*I27)/100%) -> 0.03 | J45: =IF(J9>=100%,J27,(J9*J27)/100%) -> 0.07 | ... M45: =IF(M9>=100%,M27,(M9*M27)/100%) -> 0.28984962 | N45: =SUM(C45:M45) -> 0.98166493
B46: ELS | C46: =IF(C10>=100%,C28,(C10*C28)/100%) -> 0.06 | D46: =IF(D10>=100%,D28,(D10*D28)/100%) -> 0.06 | E46: =IF(E10>=100%,E28,(E10*E28)/100%) -> 0.05 | F46: =IF(F10>=100%,F28,(F10*F28)/100%) -> 0.04 | G46: =IF(G10>=100%,G28,(G10*G28)/100%) -> 0.04 | H46: =IF(H10>=100%,H28,(H10*H28)/100%) -> 0.05 | I46: =IF(I10>=100%,I28,(I10*I28)/100%) -> 0.03 | J46: =IF(J10>=100%,J28,(J10*J28)/100%) -> 0.07 | ... M46: =IF(M10>=100%,M28,(M10*M28)/100%) -> 0.2708 | N46: =SUM(C46:M46) -> 0.96287921
B47: HND | C47: =IF(C11>=100%,C29,(C11*C29)/100%) -> 0.053485714 | D47: =IF(D11>=100%,D29,(D11*D29)/100%) -> 0.06 | E47: =IF(E11>=100%,E29,(E11*E29)/100%) -> 0.05 | F47: =IF(F11>=100%,F29,(F11*F29)/100%) -> 0.04 | G47: =IF(G11>=100%,G29,(G11*G29)/100%) -> 0.039087948 | H47: =IF(H11>=100%,H29,(H11*H29)/100%) -> 0.05 | I47: =IF(I11>=100%,I29,(I11*I29)/100%) -> 0.03 | J47: =IF(J11>=100%,J29,(J11*J29)/100%) -> 0.07 | ... M47: =IF(M11>=100%,M29,(M11*M29)/100%) -> 0.27414404 | N47: =SUM(C47:M47) -> 0.9667177
B48: NIC | C48: =IF(C12>=100%,C30,(C12*C30)/100%) -> 0.048428571 | D48: =IF(D12>=100%,D30,(D12*D30)/100%) -> 0.06 | E48: =IF(E12>=100%,E30,(E12*E30)/100%) -> 0.05 | F48: =IF(F12>=100%,F30,(F12*F30)/100%) -> 0.04 | G48: =IF(G12>=100%,G30,(G12*G30)/100%) -> 0.035819419 | H48: =IF(H12>=100%,H30,(H12*H30)/100%) -> 0.05 | I48: =IF(I12>=100%,I30,(I12*I30)/100%) -> 0.03 | J48: =IF(J12>=100%,J30,(J12*J30)/100%) -> 0.07 | ... M48: =IF(M12>=100%,M30,(M12*M30)/100%) -> 0.28540146 | N48: =SUM(C48:M48) -> 0.96964945
B49: DOM | C49: =IF(C13>=100%,C31,(C13*C31)/100%) -> 0.06 | D49: =IF(D13>=100%,D31,(D13*D31)/100%) -> 0.06 | E49: =IF(E13>=100%,E31,(E13*E31)/100%) -> 0.05 | F49: =IF(F13>=100%,F31,(F13*F31)/100%) -> 0.04 | G49: =IF(G13>=100%,G31,(G13*G31)/100%) -> 0.04 | H49: =IF(H13>=100%,H31,(H13*H31)/100%) -> 0.05 | I49: =IF(I13>=100%,I31,(I13*I31)/100%) -> 0.03 | J49: =IF(J13>=100%,J31,(J13*J31)/100%) -> 0.07 | ... M49: =IF(M13>=100%,M31,(M13*M31)/100%) -> 0.26635514 | N49: =SUM(C49:M49) -> 0.95771432
B50: GUT | C50: =IF(C14>=100%,C32,(C14*C32)/100%) -> 0.06 | D50: =IF(D14>=100%,D32,(D14*D32)/100%) -> 0.056674699 | E50: =IF(E14>=100%,E32,(E14*E32)/100%) -> 0.05 | F50: =IF(F14>=100%,F32,(F14*F32)/100%) -> 0.039888624 | G50: =IF(G14>=100%,G32,(G14*G32)/100%) -> 0.033333867 | H50: =IF(H14>=100%,H32,(H14*H32)/100%) -> 0.05 | I50: - | J50: =IF(J14>=100%,J32,(J14*J32)/100%) -> 0.1 | K50: =IF(K14>=100%,K32,(K14*K32)/100%) -> 0.2 | L50: =IF(L14>=100%,L32,(L14*L32)/100%) -> 0.098561151 | M50: =IF(M14>=100%,M32,(M14*M32)/100%) -> 0.27452416 | N50: =SUM(C50:M50) -> 0.9629825
B51: PRG | C51: =IF(C15>=100%,C33,(C15*C33)/100%) -> 0.06 | D51: =IF(D15>=100%,D33,(D15*D33)/100%) -> 0.06 | E51: =IF(E15>=100%,E33,(E15*E33)/100%) -> 0.05 | F51: =IF(F15>=100%,F33,(F15*F33)/100%) -> 0.038666667 | G51: =IF(G15>=100%,G33,(G15*G33)/100%) -> 0.04 | H51: =IF(H15>=100%,H33,(H15*H33)/100%) -> 0.05 | I51: - | J51: =IF(J15>=100%,J33,(J15*J33)/100%) -> 0.1 | K51: =IF(K15>=100%,K33,(K15*K33)/100%) -> 0.17758853 | L51: =IF(L15>=100%,L33,(L15*L33)/100%) -> 0.08976378 | M51: =IF(M15>=100%,M33,(M15*M33)/100%) -> 0.24456522 | N51: =SUM(C51:M51) -> 0.9105842
B52: BOL | C52: =IF(C16>=100%,C34,(C16*C34)/100%) -> 0.06 | D52: =IF(D16>=100%,D34,(D16*D34)/100%) -> 0.06 | E52: =IF(E16>=100%,E34,(E16*E34)/100%) -> 0.05 | F52: =IF(F16>=100%,F34,(F16*F34)/100%) -> 0.04 | G52: =IF(G16>=100%,G34,(G16*G34)/100%) -> 0.038427092 | H52: =IF(H16>=100%,H34,(H16*H34)/100%) -> 0.05 | I52: - | J52: =IF(J16>=100%,J34,(J16*J34)/100%) -> 0.1 | K52: =IF(K16>=100%,K34,(K16*K34)/100%) -> 0.17842447 | L52: =IF(L16>=100%,L34,(L16*L34)/100%) -> 0.094186047 | M52: =IF(M16>=100%,M34,(M16*M34)/100%) -> 0.28840206 | N52: =SUM(C52:M52) -> 0.95943967
B53: MASSY | C53: =IF(C17>=100%,C35,(C17*C35)/100%) -> 0.046114286 | D53: =IF(D17>=100%,D35,(D17*D35)/100%) -> 0.06 | E53: =IF(E17>=100%,E35,(E17*E35)/100%) -> 0.05 | F53: =IF(F17>=100%,F35,(F17*F35)/100%) -> 0.036040977 | G53: =IF(G17>=100%,G35,(G17*G35)/100%) -> 0.0304 | H53: =IF(H17>=100%,H35,(H17*H35)/100%) -> 0.05 | I53: - | J53: =IF(J17>=100%,J35,(J17*J35)/100%) -> 0.1 | K53: =IF(K17>=100%,K35,(K17*K35)/100%) -> 0.2 | L53: =IF(L17>=100%,L35,(L17*L35)/100%) -> 0.096290727 | M53: =IF(M17>=100%,M35,(M17*M35)/100%) -> 0.2684492 | N53: =SUM(C53:M53) -> 0.93729519
B54: Gel Group | C54: - | D54: - | E54: =IF(E18>=100%,E36,(E18*E36)/100%) -> 0.05 | F54: =IF(F18>=100%,F36,(F18*F36)/100%) -> 0.029873269 | G54: =IF(G18>=100%,G36,(G18*G36)/100%) -> 0.043473339 | H54: =IF(H18>=100%,H36,(H18*H36)/100%) -> 0.025 | I54: - | J54: =IF(J18>=100%,J36,(J18*J36)/100%) -> 0.1 | K54: =IF(K18>=100%,K36,(K18*K36)/100%) -> 0.25 | L54: =IF(L18>=100%,L36,(L18*L36)/100%) -> 0.1 | M54: =IF(M18>=100%,M36,(M18*M36)/100%) -> 0.29473684 | N54: =SUM(C54:M54) -> 0.89308345
B59: Market | C59: FY24 | D59: FYTD JUL | E59: Weigth
B60: COL | C60: 0.98980082 | D60: 0.99859778 | E60: =VLOOKUP(B60,'OR Q2'!$B$61:$E$76,'OR Q2'!$E$60,FALSE) -> 0.27027135
B61: CST | C61: 1 | D61: 1 | E61: =VLOOKUP(B61,'OR Q2'!$B$61:$E$76,'OR Q2'!$E$60,FALSE) -> 0.13185384
B62: ECA | C62: 0.96686117 | D62: 0.99837636 | E62: =VLOOKUP(B62,'OR Q2'!$B$61:$E$76,'OR Q2'!$E$60,FALSE) -> 0.03700072
B63: PNM | C63: 0.91 | D63: 0.91708975 | E63: =VLOOKUP(B63,'OR Q2'!$B$61:$E$76,'OR Q2'!$E$60,FALSE) -> 0.049167534
B64: URU | C64: 0.9311047 | D64: 0.98166493 | E64: =VLOOKUP(B64,'OR Q2'!$B$61:$E$76,'OR Q2'!$E$60,FALSE) -> 0.037180821
B65: ELS | C65: 0.97207403 | D65: 0.96287921 | E65: =VLOOKUP(B65,'OR Q2'!$B$61:$E$76,'OR Q2'!$E$60,FALSE) -> 0.043844553
B66: HND | C66: 0.97973452 | D66: 0.9667177 | E66: =VLOOKUP(B66,'OR Q2'!$B$61:$E$76,'OR Q2'!$E$60,FALSE) -> 0.049207556
B67: NIC | C67: 0.93991572 | D67: 0.96964945 | E67: =VLOOKUP(B67,'OR Q2'!$B$61:$E$76,'OR Q2'!$E$60,FALSE) -> 0.022992876
B68: DOM | C68: 0.94524218 | D68: 0.95771432 | E68: =VLOOKUP(B68,'OR Q2'!$B$61:$E$76,'OR Q2'!$E$60,FALSE) -> 0.045365405
B69: GUT | C69: 0.915 | D69: 0.96309387 | E69: =VLOOKUP(B69,'OR Q2'!$B$61:$E$76,'OR Q2'!$E$60,FALSE) -> 0.048046906
B70: PRG | C70: 0.99989691 | D70: 0.91191753 | E70: =VLOOKUP(B70,'OR Q2'!$B$61:$E$76,'OR Q2'!$E$60,FALSE) -> 0.049287601
B71: BOL | C71: 0.9 | D71: 0.95943967 | E71: =VLOOKUP(B71,'OR Q2'!$B$61:$E$76,'OR Q2'!$E$60,FALSE) -> 0.022272473
... B73: GEL | C73: 0.48232272 | D73: 0.8961112 | E73: =VLOOKUP(B73,'OR Q2'!$B$61:$E$76,'OR Q2'!$E$60,FALSE) -> 0.012907228

Sheet OR AUG
B1: 1 | C1: 2 | D1: 3 | F1: 1 | G1: 2 | H1: 3 | I1: 4 | J1: 5 | K1: 6 | L1: 7 | AI1: AFTERSALES TARGETS 2+10
B2: DESTINATION | C2: RS 5+7 | D2: % | F2: NSC | G2: Target CSI | H2: Real CSI | I2: %Achiev. CSI | J2: Target SSI | K2: Real SSI | L2: %Achiev. SSI | N2: SERVICE CAMPAIGN | S2: 1 | T2: 2
B3: MON | C3: 1 | D3: =C3/$C$35 -> 2.0011206e-05 | F3: COL | G3: =VLOOKUP(F3,'OR Q1'!$J$4:$N$18,'OR Q1'!$K$3,FALSE) -> 0.78 | H3: 0.784 | I3: =H3/G3 -> 1.0051282 | J3: =VLOOKUP(F3,'OR Q1'!$J$4:$N$18,'OR Q1'!$N$3,FALSE) -> 0.92 | K3: 0.957 | L3: =K3/J3 -> 1.0402174 | N3: 1 | O3: 2 | P3: 3 | Q3: 4 | S3: Market | T3: TR | V3: 1 | W3: 2 | X3: 3 | Y3: 4 | Z3: 5 | AA3: 6 | AB3: 7 | AC3: Target retention | AE3: Real retention | AI3: 1 | AJ3: 2 | AK3: 3 | AL3: 4 | AM3: 5 | AN3: 6 | AO3: 7 | AP3: 8 | AQ3: 9 | AT3: 1 | AU3: 2 | AV3: 3 | AW3: 4 | AX3: 5 | BJ3: 1 | BK3: 2 | BL3: 3 | BM3: 4
B4: ALB | C4: 231 | D4: =C4/$C$35 -> 0.0046225886 | F4: CST | G4: =VLOOKUP(F4,'OR Q1'!$J$4:$N$18,'OR Q1'!$K$3,FALSE) -> 0.92 | H4: 0.951 | I4: =H4/G4 -> 1.0336957 | J4: =VLOOKUP(F4,'OR Q1'!$J$4:$N$18,'OR Q1'!$N$3,FALSE) -> 0.92 | K4: 0.935 | L4: =K4/J4 -> 1.0163043 | N4: NSC | O4: Target | P4: Real | Q4: Cumpli. | S4: COL | T4: 0.96701656 | V4: NSC | W4: Target Sell-In | X4: Total Sell-In | Y4: %cumpli. | Z4: target retention | AA4: Service Frequency | AB4: %cumpli. | AC4: Total Repair Orders | AD4: UIO | AE4: Total Repair Orders | AF4: UIO | AI4: NSC | AJ4: Target Sell-In | AK4: Total Sell-In | AL4: %cumpli. | AM4: Target Retention | AN4: Service Frequency | AO4: %cumpli. | AP4: Total Repair Orders | AQ4: UIO | AT4: Market | AU4: Lead Mng. | AV4: Share of Inv. | AW4: Game Plan | AX4: %Cumpli. | AZ4: NSC | BA4: FY24 | BB4: FYTD25 AUG | BC4: Weigth | BE4: NSC | BF4: Retention | BG4: Spare Parts/ UIO WS ($) | BH4: Weigth | BJ4: NSC | BK4: WS | BL4: RS | BM4: Weigth
B5: ANT | C5: 137 | D5: =C5/$C$35 -> 0.0027415353 | F5: ECA | G5: =VLOOKUP(F5,'OR Q1'!$J$4:$N$18,'OR Q1'!$K$3,FALSE) -> 0.85 | H5: 0.868 | I5: =H5/G5 -> 1.0211765 | J5: =VLOOKUP(F5,'OR Q1'!$J$4:$N$18,'OR Q1'!$N$3,FALSE) -> 0.94 | K5: 0.982 | L5: =K5/J5 -> 1.0446809 | N5: ECA | O5: 0.34417278 | P5: 0.62640587 | Q5: =P5/O5 -> 1.8200332 | S5: PLT | T5: 0 | AT5: COL | AU5: 1 | AV5: 1 | AW5: 1 | AX5: =AVERAGE(AU5:AW5) -> 1 | AZ5: COL | BA5: 1 | BB5: =VLOOKUP(AZ5,$AT$4:$AX$19,$AX$3,FALSE) -> 1 | BC5: =VLOOKUP(AZ5,$B$2:$D$37,$D$1,FALSE) -> 0.27055151 | BE5: BOL | BF5: 0.8048231 | BG5: 177.94642 | BH5: =VLOOKUP(BE5,$B$2:$D$38,$D$1,FALSE) -> 0.021512047 | BJ5: COL | BK5: 0.96 | BL5: 1.06 | BM5: =VLOOKUP(BJ5,$B$2:$D$38,$D$1,FALSE) -> 0.27055151 | BO5: =BM5+BM6+BM15+BM17 -> 0.46311935
B6: BAR | C6: 184 | D6: =C6/$C$35 -> 0.003682062 | F6: PNM | G6: =VLOOKUP(F6,'OR Q1'!$J$4:$N$18,'OR Q1'!$K$3,FALSE) -> 0.86 | H6: 0.879 | I6: =H6/G6 -> 1.022093 | J6: =VLOOKUP(F6,'OR Q1'!$J$4:$N$18,'OR Q1'!$N$3,FALSE) -> 0.9 | K6: 0.976 | L6: =K6/J6 -> 1.0844444 | N6: CST | O6: 0.37527362 | P6: 0.51374465 | Q6: =P6/O6 -> 1.3689869 | S6: CST | T6: 1.1111111 | V6: COL | W6: 6772785 | X6: 6737647 | Y6: =X6/W6 -> 0.99481188 | Z6: 1 | AA6: 1.04 | AB6: =AA6/Z6 -> 1.04 | AC6: 60162 | AD6: 60336 | AE6: 62740 | AF6: 60336 | AI6: COL | AJ6: 6772785 | AK6: 6737647 | AL6: =AK6/AJ6 -> 0.99481188 | AM6: 1.02 | AN6: 1.04 | AO6: =AN6/AM6 -> 1.0196078 | AP6: 61579 | AQ6: 60336 | AT6: PLT | AU6: 0.75 | AV6: 1 | AW6: 1 | AX6: =AVERAGE(AU6:AW6) -> 0.91666667 | AZ6: CST | BA6: 1 | BB6: =VLOOKUP(AZ6,$AT$4:$AX$19,$AX$3,FALSE) -> 0.91666667 | BC6: =VLOOKUP(AZ6,$B$2:$D$37,$D$1,FALSE) -> 0.13185384 | BE6: COL | BF6: 1.0398464 | BG6: 251.57802 | BH6: =VLOOKUP(BE6,$B$2:$D$38,$D$1,FALSE) -> 0.27055151 | BJ6: CST | BK6: 0.96 | BL6: 1.19 | BM6: =VLOOKUP(BJ6,$B$2:$D$38,$D$1,FALSE) -> 0.13185384 | BO6: =BM8+BM9+BM13 -> 0.1323141
B7: BEM | C7: 13 | D7: =C7/$C$35 -> 0.00026014568 | F7: PLT | G7: =VLOOKUP(F7,'OR Q1'!$J$4:$N$18,'OR Q1'!$K$3,FALSE) -> 0.82 | H7: 0.838 | I7: =H7/G7 -> 1.0219512 | J7: =VLOOKUP(F7,'OR Q1'!$J$4:$N$18,'OR Q1'!$N$3,FALSE) -> 0.91 | K7: 0.918 | L7: =K7/J7 -> 1.0087912 | N7: URU | O7: 0.37599905 | P7: 0.40168443 | Q7: =P7/O7 -> 1.0683123 | S7: ECA | T7: 1.0637912 | V7: BOL | W7: 871593 | X7: 756854 | Y7: =X7/W7 -> 0.86835713 | Z7: 0.86 | AA7: 0.8 | AB7: =AA7/Z7 -> 0.93023256 | AC7: 6954 | AD7: 8112 | AE7: 6529 | AF7: 8112 | AI7: BOL | AJ7: 871593 | AK7: 756854 | AL7: =AK7/AJ7 -> 0.86835713 | AM7: 0.84 | AN7: 0.8 | AO7: =AN7/AM7 -> 0.95238095 | AP7: 6852 | AQ7: 8112 | AT7: CST | AU7: 0.75 | AV7: 1 | AW7: 1 | AX7: =AVERAGE(AU7:AW7) -> 0.91666667 | AZ7: ECA | BA7: 1 | BB7: =VLOOKUP(AZ7,$AT$4:$AX$19,$AX$3,FALSE) -> 1 | BC7: =VLOOKUP(AZ7,$B$2:$D$37,$D$1,FALSE) -> 0.037220844 | BE7: CST | BF7: 1.3335572 | BG7: 337.57918 | BH7: =VLOOKUP(BE7,$B$2:$D$38,$D$1,FALSE) -> 0.13185384 | BJ7: PLT | BK7: 0.71 | BL7: 0.89 | BM7: =VLOOKUP(BJ7,$B$2:$D$38,$D$1,FALSE) -> 0.12957256 | BO7: =BM18+BM14 -> 0.070799648
B8: BHM | C8: 84 | D8: =C8/$C$35 -> 0.0016809413 | F8: URU | G8: =VLOOKUP(F8,'OR Q1'!$J$4:$N$18,'OR Q1'!$K$3,FALSE) -> 0.94 | H8: 0.993 | I8: =H8/G8 -> 1.056383 | J8: =VLOOKUP(F8,'OR Q1'!$J$4:$N$18,'OR Q1'!$N$3,FALSE) -> 0.95 | K8: 0.986 | L8: =K8/J8 -> 1.0378947 | N8: COL | O8: 0.53854223 | P8: 0.58911429 | Q8: =P8/O8 -> 1.0939055 | S8: PNM | T8: 1.1111111 | V8: ECA | W8: 1623544 | X8: 1548634 | Y8: =X8/W8 -> 0.9538602 | Z8: 1.03 | AA8: 1.04 | AB8: =AA8/Z8 -> 1.0097087 | AC8: 11987 | AD8: 11590 | AE8: 12072 | AF8: 11590 | AI8: ECA | AJ8: 1623544 | AK8: 1548634 | AL8: =AK8/AJ8 -> 0.9538602 | AM8: 1.05 | AN8: 1.04 | AO8: =AN8/AM8 -> 0.99047619 | AP8: 12208 | AQ8: 11590 | AT8: ECA | AU8: 1 | AV8: 1 | AW8: 1 | AX8: =AVERAGE(AU8:AW8) -> 1 | AZ8: URU | BA8: 1 | BB8: =VLOOKUP(AZ8,$AT$4:$AX$19,$AX$3,FALSE) -> 1 | BC8: =VLOOKUP(AZ8,$B$2:$D$37,$D$1,FALSE) -> 0.037180821 | BE8: DOM | BF8: 1.4351948 | BG8: 375.22733 | BH8: =VLOOKUP(BE8,$B$2:$D$38,$D$1,FALSE) -> 0.042563836 | BJ8: HND | BK8: 1.2 | BL8: 1.24 | BM8: =VLOOKUP(BJ8,$B$2:$D$38,$D$1,FALSE) -> 0.050408229 | BO8: =SUM(BO5:BO7) -> 0.66623309
B9: BLZ | C9: 56 | D9: =C9/$C$35 -> 0.0011206276 | F9: BOL | G9: =VLOOKUP(F9,'OR Q1'!$J$4:$N$18,'OR Q1'!$K$3,FALSE) -> 0.85 | H9: 0.893 | I9: =H9/G9 -> 1.0505882 | J9: =VLOOKUP(F9,'OR Q1'!$J$4:$N$18,'OR Q1'!$N$3,FALSE) -> 0.87 | K9: 0.924 | L9: =K9/J9 -> 1.062069 | N9: PLT | O9: 0.38293339 | P9: 0.37859054 | Q9: =P9/O9 -> 0.988659 | S9: URU | T9: 1.0069077 | V9: PRG | W9: 1668553 | X9: 1410976 | Y9: =X9/W9 -> 0.84562852 | Z9: 1.27 | AA9: 1.56 | AB9: =AA9/Z9 -> 1.2283465 | AC9: 7655 | AD9: 6025 | AE9: 9413 | AF9: 6025 | AI9: PRG | AJ9: 1668553 | AK9: 1410976 | AL9: =AK9/AJ9 -> 0.84562852 | AM9: 1.38 | AN9: 1.56 | AO9: =AN9/AM9 -> 1.1304348 | AP9: 8313 | AQ9: 6025 | AT9: PNM | AU9: 1 | AV9: 1 | AW9: 1 | AX9: =AVERAGE(AU9:AW9) -> 1 | AZ9: BOL | BA9: 1 | BB9: =VLOOKUP(AZ9,$AT$4:$AX$19,$AX$3,FALSE) -> 0.875 | BC9: =VLOOKUP(AZ9,$B$2:$D$37,$D$1,FALSE) -> 0.021512047 | BE9: ECA | BF9: 1.0415476 | BG9: 293.92653 | BH9: =VLOOKUP(BE9,$B$2:$D$38,$D$1,FALSE) -> 0.037220844 | BJ9: ELS | BK9: 1.34 | BL9: 1.17 | BM9: =VLOOKUP(BJ9,$B$2:$D$38,$D$1,FALSE) -> 0.044685024 | BO9: =BM20-BO8 -> 0.31073401
B10: BOL | C10: 1075 | D10: =C10/$C$35 -> 0.021512047 | F10: ELS | G10: =VLOOKUP(F10,'OR Q1'!$J$4:$N$18,'OR Q1'!$K$3,FALSE) -> 0.7 | H10: 0.777 | I10: =H10/G10 -> 1.11 | J10: =VLOOKUP(F10,'OR Q1'!$J$4:$N$18,'OR Q1'!$N$3,FALSE) -> 0.83 | K10: 0.945 | L10: =K10/J10 -> 1.1385542 | N10: PNM | O10: 0.5233088 | P10: 0.68874869 | Q10: =P10/O10 -> 1.316142 | S10: ELS | T10: 1.0857092 | V10: URU | W10: 1140771 | X10: 1143779 | Y10: =X10/W10 -> 1.0026368 | Z10: 0.85 | AA10: 0.85 | AB10: =AA10/Z10 -> 1 | AC10: 8226 | AD10: 9680 | AE10: 8181 | AF10: 9680 | AI10: URU | AJ10: 1140771 | AK10: 1143779 | AL10: =AK10/AJ10 -> 1.0026368 | AM10: 0.85 | AN10: 0.85 | AO10: =AN10/AM10 -> 1 | AP10: 8215 | AQ10: 9680 | AT10: URU | AU10: 1 | AV10: 1 | AW10: 1 | AX10: =AVERAGE(AU10:AW10) -> 1 | AZ10: PRG | BA10: 1 | BB10: =VLOOKUP(AZ10,$AT$4:$AX$19,$AX$3,FALSE) -> 0.75 | BC10: =VLOOKUP(AZ10,$B$2:$D$37,$D$1,FALSE) -> 0.049287601 | BE10: ELS | BF10: 0.93186596 | BG10: 243.7689 | BH10: =VLOOKUP(BE10,$B$2:$D$38,$D$1,FALSE) -> 0.044685024 | BJ10: GUT | BK10: 0.79 | BL10: 0.81 | BM10: =VLOOKUP(BJ10,$B$2:$D$38,$D$1,FALSE) -> 0.048407108
B11: COL | C11: 13520 | D11: =C11/$C$35 -> 0.27055151 | F11: GUT | G11: =VLOOKUP(F11,'OR Q1'!$J$4:$N$18,'OR Q1'!$K$3,FALSE) -> 0.75 | H11: 0.757 | I11: =H11/G11 -> 1.0093333 | J11: =VLOOKUP(F11,'OR Q1'!$J$4:$N$18,'OR Q1'!$N$3,FALSE) -> 0.83 | K11: 0.862 | L11: =K11/J11 -> 1.0385542 | N11: BOL | O11: 0.55964935 | P11: 0.52057613 | Q11: =P11/O11 -> 0.93018268 | S11: HND | T11: 1.0987458 | V11: ANT | Y11: =X11/W11 -> #DIV/0! | Z11: 1.01 | AA11: 1.58 | AB11: =AA11/Z11 -> 1.5643564 | AC11: 432 | AD11: 428 | AE11: 677 | AF11: 428 | AI11: ANT | AM11: 1.26 | AN11: 1.58 | AO11: =AN11/AM11 -> 1.2539683 | AP11: 541 | AQ11: 428 | AT11: ELS | AU11: 0.75 | AV11: 1 | AW11: 1 | AX11: =AVERAGE(AU11:AW11) -> 0.91666667 | AZ11: GUT | BA11: 1 | BB11: =VLOOKUP(AZ11,$AT$4:$AX$19,$AX$3,FALSE) -> 0.875 | BC11: =VLOOKUP(AZ11,$B$2:$D$37,$D$1,FALSE) -> 0.048407108 | BE11: GUT | BF11: 1.3745097 | BG11: 360.39105 | BH11: =VLOOKUP(BE11,$B$2:$D$38,$D$1,FALSE) -> 0.048407108 | BJ11: PNM | BK11: 0.6 | BL11: 0.67 | BM11: =VLOOKUP(BJ11,$B$2:$D$38,$D$1,FALSE) -> 0.047706716
B12: CST | C12: 6589 | D12: =C12/$C$35 -> 0.13185384 | F12: HND | G12: =VLOOKUP(F12,'OR Q1'!$J$4:$N$18,'OR Q1'!$K$3,FALSE) -> 0.7 | H12: 0.643 | I12: =H12/G12 -> 0.91857143 | J12: =VLOOKUP(F12,'OR Q1'!$J$4:$N$18,'OR Q1'!$N$3,FALSE) -> 0.83 | K12: 1 | L12: =K12/J12 -> 1.2048193 | N12: PRG | O12: 0.5931085 | P12: 0.67155425 | Q12: =P12/O12 -> 1.1322621 | S12: NIC | T12: 1.0716166 | V12: BAR | X12: 831 | Y12: =X12/W12 -> #DIV/0! | Z12: 2.11 | AA12: 1.58 | AB12: =AA12/Z12 -> 0.74881517 | AC12: 1278 | AD12: 605 | AE12: 959 | AF12: 605 | AI12: BAR | AK12: 831 | AM12: 1.93 | AN12: 1.58 | AO12: =AN12/AM12 -> 0.81865285 | AP12: 1170 | AQ12: 605 | AT12: HND | AU12: 0.75 | AV12: 1 | AW12: 1 | AX12: =AVERAGE(AU12:AW12) -> 0.91666667 | AZ12: PNM | BA12: 1 | BB12: =VLOOKUP(AZ12,$AT$4:$AX$19,$AX$3,FALSE) -> 1 | BC12: =VLOOKUP(AZ12,$B$2:$D$37,$D$1,FALSE) -> 0.047706716 | BE12: HND | BF12: 1.1956859 | BG12: 293.65148 | BH12: =VLOOKUP(BE12,$B$2:$D$38,$D$1,FALSE) -> 0.050408229 | BJ12: DOM | BK12: 0.78 | BL12: 0.95 | BM12: =VLOOKUP(BJ12,$B$2:$D$38,$D$1,FALSE) -> 0.042563836
B13: CUR | C13: 263 | D13: =C13/$C$35 -> 0.0052629473 | F13: NIC | G13: =VLOOKUP(F13,'OR Q1'!$J$4:$N$18,'OR Q1'!$K$3,FALSE) -> 0.7 | H13: 0.6 | I13: =H13/G13 -> 0.85714286 | J13: =VLOOKUP(F13,'OR Q1'!$J$4:$N$18,'OR Q1'!$N$3,FALSE) -> 0.83 | K13: 0.918 | L13: =K13/J13 -> 1.1060241 | N13: NIC | O13: 0.56497525 | P13: 0.48019802 | Q13: =P13/O13 -> 0.84994524 | S13: DOM | T13: 1.1111111 | V13: BEM | Y13: =X13/W13 -> #DIV/0! | Z13: 1.18 | AA13: - | AC13: 70 | AD13: 59 | AF13: 59 | AI13: BEM | AM13: 0.69 | AO13: =AN13/AM13 -> 0 | AP13: 41 | AQ13: 59 | AT13: NIC | AU13: 0.75 | AV13: 1 | AW13: 1 | AX13: =AVERAGE(AU13:AW13) -> 0.91666667 | AZ13: PLT | BA13: 1 | BB13: =VLOOKUP(AZ13,$AT$4:$AX$19,$AX$3,FALSE) -> 0.91666667 | BC13: =VLOOKUP(AZ13,$B$2:$D$37,$D$1,FALSE) -> 0.12957256 | BE13: JAM | BF13: 2.4574864 | BG13: 1.8497716 | BH13: =VLOOKUP(BE13,$B$2:$D$38,$D$1,FALSE) -> 0.0063635636 | BJ13: ECA | BK13: 1.33 | BL13: 1.15 | BM13: =VLOOKUP(BJ13,$B$2:$D$38,$D$1,FALSE) -> 0.037220844
B14: DMT | C14: 56 | D14: =C14/$C$35 -> 0.0011206276 | F14: PRG | G14: =VLOOKUP(F14,'OR Q1'!$J$4:$N$18,'OR Q1'!$K$3,FALSE) -> 0.84 | H14: 0.91 | I14: =H14/G14 -> 1.0833333 | J14: =VLOOKUP(F14,'OR Q1'!$J$4:$N$18,'OR Q1'!$N$3,FALSE) -> 0.9 | K14: 0.936 | L14: =K14/J14 -> 1.04 | N14: ELS | O14: 0.48684438 | P14: 0.51345756 | Q14: =P14/O14 -> 1.0546647 | S14: GUT | T14: 0.99721559 | V14: BHM | Y14: =X14/W14 -> #DIV/0! | Z14: 1.01 | AA14: 0.32 | AB14: =AA14/Z14 -> 0.31683168 | AC14: 428 | AD14: 423 | AE14: 134 | AF14: 423 | AI14: BHM | AM14: 0.9 | AN14: 0.32 | AO14: =AN14/AM14 -> 0.35555556 | AP14: 381 | AQ14: 423 | AT14: DOM | AU14: 1 | AV14: 1 | AW14: 1 | AX14: =AVERAGE(AU14:AW14) -> 1 | AZ14: DOM | BA14: 1 | BB14: =VLOOKUP(AZ14,$AT$4:$AX$19,$AX$3,FALSE) -> 1 | BC14: =VLOOKUP(AZ14,$B$2:$D$37,$D$1,FALSE) -> 0.042563836 | BE14: NIC | BF14: 1.0380439 | BG14: 243.26844 | BH14: =VLOOKUP(BE14,$B$2:$D$38,$D$1,FALSE) -> 0.023533179 | BJ14: PRG | BK14: 1.19 | BL14: 0.78 | BM14: =VLOOKUP(BJ14,$B$2:$D$38,$D$1,FALSE) -> 0.049287601
B15: DOM | C15: 2127 | D15: =C15/$C$35 -> 0.042563836 | F15: DOM | G15: =VLOOKUP(F15,'OR Q1'!$J$4:$N$18,'OR Q1'!$K$3,FALSE) -> 0.7 | H15: 0.79 | I15: =H15/G15 -> 1.1285714 | J15: =VLOOKUP(F15,'OR Q1'!$J$4:$N$18,'OR Q1'!$N$3,FALSE) -> 0.88 | K15: 0.963 | L15: =K15/J15 -> 1.0943182 | N15: GUT | O15: 0.41269608 | P15: 0.44941176 | Q15: =P15/O15 -> 1.0889654 | S15: PRG | T15: 0.96666667 | V15: DMT | Y15: =X15/W15 -> #DIV/0! | Z15: 1.02 | AA15: - | AC15: 186 | AD15: 183 | AF15: 183 | AI15: DMT | AM15: 0.58 | AO15: =AN15/AM15 -> 0 | AP15: 107 | AQ15: 183 | AT15: GUT | AU15: 0.75 | AV15: - | AW15: 1 | AX15: =AVERAGE(AU15:AW15) -> 0.875 | AZ15: ELS | BA15: 1 | BB15: =VLOOKUP(AZ15,$AT$4:$AX$19,$AX$3,FALSE) -> 0.91666667 | BC15: =VLOOKUP(AZ15,$B$2:$D$37,$D$1,FALSE) -> 0.044685024 | BE15: PLT | BF15: 0.85584126 | BG15: 48.633809 | BH15: =VLOOKUP(BE15,$B$2:$D$38,$D$1,FALSE) -> 0.12957256 | BJ15: URU | BK15: 0.6 | BL15: 1.19 | BM15: =VLOOKUP(BJ15,$B$2:$D$38,$D$1,FALSE) -> 0.037180821
B16: ECA | C16: 1860 | D16: =C16/$C$35 -> 0.037220844 | F16: Massy | G16: =VLOOKUP(F16,'OR Q1'!$J$4:$N$18,'OR Q1'!$K$3,FALSE) -> 0.7 | H16: 0.529 | I16: =H16/G16 -> 0.75571429 | J16: =VLOOKUP(F16,'OR Q1'!$J$4:$N$18,'OR Q1'!$N$3,FALSE) -> 0.88 | K16: 0.927 | L16: =K16/J16 -> 1.0534091 | N16: DOM | O16: 0.65345014 | P16: 0.68786127 | Q16: =P16/O16 -> 1.0526607 | S16: BOL | T16: 1.0926032 | V16: GRN | Y16: =X16/W16 -> #DIV/0! | Z16: 1.01 | AA16: 2.88 | AB16: =AA16/Z16 -> 2.8514851 | AC16: 192 | AD16: 190 | AE16: 549 | AF16: 190 | AI16: GRN | AM16: 1.64 | AN16: 2.88 | AO16: =AN16/AM16 -> 1.7560976 | AP16: 313 | AQ16: 190 | AT16: PRG | AU16: 0.5 | AV16: - | AW16: 1 | AX16: =AVERAGE(AU16:AW16) -> 0.75 | AZ16: HND | BA16: 1 | BB16: =VLOOKUP(AZ16,$AT$4:$AX$19,$AX$3,FALSE) -> 0.91666667 | BC16: =VLOOKUP(AZ16,$B$2:$D$37,$D$1,FALSE) -> 0.050408229 | BE16: PNM | BF16: 0.77357724 | BG16: 223.03903 | BH16: =VLOOKUP(BE16,$B$2:$D$38,$D$1,FALSE) -> 0.047706716 | BJ16: Massy | BK16: 0.72 | BL16: 0.87 | BM16: =VLOOKUP(BJ16,$B$2:$D$38,$D$1,FALSE) -> 0.029836709
B17: ELS | C17: 2233 | D17: =C17/$C$35 -> 0.044685024 | N17: HND | O17: 0.47106987 | P17: 0.45633188 | Q17: =P17/O17 -> 0.96871379 | S17: MASSY | T17: 0.90102443 | V17: GUI | Y17: =X17/W17 -> #DIV/0! | Z17: 1.01 | AA17: 0.23 | AB17: =AA17/Z17 -> 0.22772277 | AC17: 372 | AD17: 367 | AE17: 83 | AF17: 367 | AI17: GUI | AM17: 0.81 | AN17: 0.23 | AO17: =AN17/AM17 -> 0.28395062 | AP17: 297 | AQ17: 367 | AT17: BOL | AU17: 0.75 | AV17: - | AW17: 1 | AX17: =AVERAGE(AU17:AW17) -> 0.875 | AZ17: NIC | BA17: 1 | BB17: =VLOOKUP(AZ17,$AT$4:$AX$19,$AX$3,FALSE) -> 0.91666667 | BC17: =VLOOKUP(AZ17,$B$2:$D$37,$D$1,FALSE) -> 0.023533179 | BE17: PRG | BF17: 1.5624317 | BG17: 384.23544 | BH17: =VLOOKUP(BE17,$B$2:$D$38,$D$1,FALSE) -> 0.049287601 | BJ17: NIC | BK17: 0.6 | BL17: 1.17 | BM17: =VLOOKUP(BJ17,$B$2:$D$38,$D$1,FALSE) -> 0.023533179
B18: GRN | C18: 55 | D18: =C18/$C$35 -> 0.0011006163 | N18: TRD | O18: 0.26259947 | P18: 0.28912467 | Q18: =P18/O18 -> 1.1010101 | S18: GEL | T18: 0.59746538 | V18: JAM | W18: 30000 | X18: 954 | Y18: =X18/W18 -> 0.0318 | Z18: 2.11 | AA18: 2.46 | AB18: =AA18/Z18 -> 1.1658768 | AC18: 2356 | AD18: 1117 | AE18: 2745 | AF18: 1117 | AI18: JAM | AJ18: 30000 | AK18: 954 | AL18: =AK18/AJ18 -> 0.0318 | AM18: 2.29 | AN18: 2.46 | AO18: =AN18/AM18 -> 1.0742358 | AP18: 2560 | AQ18: 1117 | AT18: MASSY | AU18: 0.75 | AV18: - | AW18: 1 | AX18: =AVERAGE(AU18:AW18) -> 0.875 | AZ18: Gel | BA18: 0.25 | BB18: =VLOOKUP(AZ18,$AT$4:$AX$19,$AX$3,FALSE) -> 0.875 | BC18: =VLOOKUP(AZ18,$B$2:$D$37,$D$1,FALSE) -> 0.012647082 | BE18: TRD | BF18: 1.0533086 | BG18: 17.888788 | BH18: =VLOOKUP(BE18,$B$2:$D$38,$D$1,FALSE) -> 0.019630993 | BJ18: BOL | BK18: 1.13 | BL18: 0.96 | BM18: =VLOOKUP(BJ18,$B$2:$D$38,$D$1,FALSE) -> 0.021512047
B19: GUI | C19: 80 | D19: =C19/$C$35 -> 0.0016008965 | F19: Grafica Satisfaction | N19: R9 | O19: 0.24827694 | P19: 0.007518797 | Q19: =P19/O19 -> 0.030283912 | S19: HIT | T19: 0.001977066 | V19: SRI | Y19: =X19/W19 -> #DIV/0! | Z19: 1.01 | AA19: - | AC19: 297 | AD19: 294 | AF19: 294 | AI19: SRI | AM19: 0.58 | AO19: =AN19/AM19 -> 0 | AP19: 171 | AQ19: 294 | AT19: GEL | AU19: 0.75 | AV19: - | AW19: 1 | AX19: =AVERAGE(AU19:AW19) -> 0.875 | AZ19: MASSY | BA19: 0 | BB19: =VLOOKUP(AZ19,$AT$4:$AX$19,$AX$3,FALSE) -> 0.875 | BC19: =VLOOKUP(AZ19,$B$2:$D$37,$D$1,FALSE) -> 0.029836709 | BE19: URU | BF19: 0.84514463 | BG19: 217.23928 | BH19: =VLOOKUP(BE19,$B$2:$D$38,$D$1,FALSE) -> 0.037180821 | BJ19: Gel | BK19: 0.75 | BL19: 0.94 | BM19: =VLOOKUP(BJ19,$B$2:$D$38,$D$1,FALSE) -> 0.012647082
B20: GUT | C20: 2419 | D20: =C20/$C$35 -> 0.048407108 | N20: Massy | Q20: =P23+P24 -> 0.76059937 | S20: ALB | T20: 0.96546547 | V20: STK | Y20: =X20/W20 -> #DIV/0! | Z20: - | AA20: 0.86 | AD20: 153 | AE20: 132 | AF20: 153 | AI20: STK | AM20: 0.41 | AN20: 0.86 | AO20: =AN20/AM20 -> 2.097561 | AP20: 63 | AQ20: 153 | BM20: =SUM(BM5:BM19) -> 0.9769671
B21: HIT | C21: 81 | D21: =C21/$C$35 -> 0.0016209077 | N21: GEL | O21: 0.41113617 | P21: 0.32989691 | Q21: =P21/O21 -> 0.80240303 | S21: BLZ | T21: 0.29751063 | V21: STL | X21: 30934 | Y21: =X21/W21 -> #DIV/0! | Z21: 2.11 | AA21: 2.72 | AB21: =AA21/Z21 -> 1.2890995 | AC21: 495 | AD21: 234 | AE21: 637 | AF21: 234 | AI21: STL | AK21: 30934 | AM21: 2.47 | AN21: 2.72 | AO21: =AN21/AM21 -> 1.1012146 | AP21: 578 | AQ21: 234
B22: HND | C22: 2519 | D22: =C22/$C$35 -> 0.050408229 | F22: Market | G22: CSI | H22: SSI | I22: Weigth | S22: CUR | T22: 1.1111111 | V22: STV | Y22: =X22/W22 -> #DIV/0! | Z22: 2.1 | AA22: - | AC22: 192 | AD22: 92 | AF22: 92 | AI22: STV | AM22: 1.31 | AO22: =AN22/AM22 -> 0 | AP22: 120 | AQ22: 92
B23: JAM | C23: 318 | D23: =C23/$C$35 -> 0.0063635636 | F23: COL | G23: 1.0051282 | H23: 1.0402174 | I23: =VLOOKUP(F23,$B$2:$D$35,$D$1,FALSE) -> 0.27055151 | J23: =I30+I36+I31 -> 0.10377812 | O23: TRD | P23: 0.75 | V23: TRD | W23: 101858 | X23: 126970 | Y23: =X23/W23 -> 1.2465393 | Z23: 1.01 | AA23: 1.05 | AB23: =AA23/Z23 -> 1.039604 | AC23: 5308 | AD23: 5240 | AE23: 5519 | AF23: 5240 | AI23: TRD | AJ23: 101858 | AK23: 126970 | AL23: =AK23/AJ23 -> 1.2465393 | AM23: 1 | AN23: 1.05 | AO23: =AN23/AM23 -> 1.05 | AP23: 5259 | AQ23: 5240
B24: NIC | C24: 1176 | D24: =C24/$C$35 -> 0.023533179 | F24: PLT | G24: 1.0219512 | H24: 1.0087912 | I24: =VLOOKUP(F24,$B$2:$D$35,$D$1,FALSE) -> 0.12957256 | J24: =I23+I24+I25+I26+I27+I28+I29+I32+I33+I34+I35 -> 0.8605419 | O24: R9 | P24: =Q19*35%/100% -> 0.010599369 | V24: PNM | W24: 1610884 | X24: 1426757 | Y24: =X24/W24 -> 0.88569816 | Z24: 0.77 | AA24: 0.77 | AB24: =AA24/Z24 -> 1 | AC24: 13275 | AD24: 17220 | AE24: 13321 | AF24: 17220 | AI24: PNM | AJ24: 1610884 | AK24: 1426757 | AL24: =AK24/AJ24 -> 0.88569816 | AM24: 0.77 | AN24: 0.77 | AO24: =AN24/AM24 -> 1 | AP24: 13295 | AQ24: 17220
B25: PLT | C25: 6475 | D25: =C25/$C$35 -> 0.12957256 | F25: CST | G25: 1.0336957 | H25: 1.0163043 | I25: =VLOOKUP(F25,$B$2:$D$35,$D$1,FALSE) -> 0.13185384 | V25: GUT | W25: 1030080 | X25: 1306799 | Y25: =X25/W25 -> 1.2686384 | Z25: 1.39 | AA25: 1.37 | AB25: =AA25/Z25 -> 0.98561151 | AC25: 9106 | AD25: 6541 | AE25: 8991 | AF25: 6541 | AI25: GUT | AJ25: 1030080 | AK25: 1306799 | AL25: =AK25/AJ25 -> 1.2686384 | AM25: 1.39 | AN25: 1.37 | AO25: =AN25/AM25 -> 0.98561151 | AP25: 9099 | AQ25: 6541
B26: PNM | C26: 2384 | D26: =C26/$C$35 -> 0.047706716 | F26: ECA | G26: 1.0211765 | H26: 1.0446809 | I26: =VLOOKUP(F26,$B$2:$D$35,$D$1,FALSE) -> 0.037220844 | V26: ELS | W26: 939310 | X26: 1000559 | Y26: =X26/W26 -> 1.0652064 | Z26: 0.99 | AA26: 0.93 | AB26: =AA26/Z26 -> 0.93939394 | AC26: 6702 | AD26: 6739 | AE26: 6280 | AF26: 6739 | AI26: ELS | AJ26: 939310 | AK26: 1000559 | AL26: =AK26/AJ26 -> 1.0652064 | AM26: 0.96 | AN26: 0.93 | AO26: =AN26/AM26 -> 0.96875 | AP26: 6471 | AQ26: 6739
B27: PRG | C27: 2463 | D27: =C27/$C$35 -> 0.049287601 | F27: PNM | G27: 1.022093 | H27: 1.0844444 | I27: =VLOOKUP(F27,$B$2:$D$35,$D$1,FALSE) -> 0.047706716 | V27: HND | W27: 1073461 | X27: 1184707 | Y27: =X27/W27 -> 1.103633 | Z27: 1.16 | AA27: 1.2 | AB27: =AA27/Z27 -> 1.0344828 | AC27: 8640 | AD27: 7418 | AE27: 8869 | AF27: 7418 | AI27: HND | AJ27: 1073461 | AK27: 1184707 | AL27: =AK27/AJ27 -> 1.103633 | AM27: 1.16 | AN27: 1.2 | AO27: =AN27/AM27 -> 1.0344828 | AP27: 8619 | AQ27: 7418
B28: SRI | C28: 49 | D28: =C28/$C$35 -> 0.00098054911 | F28: URU | G28: 1.056383 | H28: 1.0378947 | I28: =VLOOKUP(F28,$B$2:$D$35,$D$1,FALSE) -> 0.037180821 | V28: NIC | W28: 371216 | X28: 424289 | Y28: =X28/W28 -> 1.1429707 | Z28: 0.91 | AA28: 1.04 | AB28: =AA28/Z28 -> 1.1428571 | AC28: 2759 | AD28: 3016 | AE28: 3131 | AF28: 3016 | AI28: NIC | AJ28: 371216 | AK28: 424289 | AL28: =AK28/AJ28 -> 1.1429707 | AM28: 0.95 | AN28: 1.04 | AO28: =AN28/AM28 -> 1.0947368 | AP28: 2864 | AQ28: 3016
B29: STK | C29: 35 | D29: =C29/$C$35 -> 0.00070039222 | F29: ELS | G29: 1.11 | H29: 1.1385542 | I29: =VLOOKUP(F29,$B$2:$D$35,$D$1,FALSE) -> 0.044685024 | V29: ALB | W29: 124878 | X29: 118599 | Y29: =X29/W29 -> 0.94971893 | Z29: - | AA29: - | AD29: 793 | AF29: 793 | AI29: ALB | AJ29: 124878 | AK29: 118599 | AL29: =AK29/AJ29 -> 0.94971893 | AQ29: 793
B30: STL | C30: 97 | D30: =C30/$C$35 -> 0.001941087 | F30: HND | G30: 0.91857143 | H30: 1.2048193 | I30: =VLOOKUP(F30,$B$2:$D$35,$D$1,FALSE) -> 0.050408229 | V30: BLZ | W30: 46542 | X30: 40836 | Y30: =X30/W30 -> 0.87740106 | Z30: - | AA30: - | AD30: 190 | AF30: 190 | AI30: BLZ | AJ30: 46542 | AK30: 40836 | AL30: =AK30/AJ30 -> 0.87740106 | AQ30: 190
B31: STM | C31: 520 | D31: =C31/$C$35 -> 0.010405827 | F31: NIC | G31: 0.85714286 | H31: 1.1060241 | I31: =VLOOKUP(F31,$B$2:$D$35,$D$1,FALSE) -> 0.023533179 | V31: CUR | W31: 129691 | X31: 159976 | Y31: =X31/W31 -> 1.2335166 | Z31: - | AA31: - | AD31: 934 | AF31: 934 | AI31: CUR | AJ31: 129691 | AK31: 159976 | AL31: =AK31/AJ31 -> 1.2335166 | AQ31: 934
B32: STV | C32: 33 | D32: =C32/$C$35 -> 0.00066036981 | F32: DOM | G32: 1.1285714 | H32: 1.0943182 | I32: =VLOOKUP(F32,$B$2:$D$35,$D$1,FALSE) -> 0.042563836 | V32: DOM | W32: 1414939 | X32: 1446325 | Y32: =X32/W32 -> 1.0221819 | Z32: 1.48 | AA32: 1.44 | AB32: =AA32/Z32 -> 0.97297297 | AC32: 11394 | AD32: 7700 | AE32: 11051 | AF32: 7700 | AI32: DOM | AJ32: 1414939 | AK32: 1446325 | AL32: =AK32/AJ32 -> 1.0221819 | AM32: 1.46 | AN32: 1.44 | AO32: =AN32/AM32 -> 0.98630137 | AP32: 11272 | AQ32: 7700
B33: TRD | C33: 981 | D33: =C33/$C$35 -> 0.019630993 | F33: GUT | G33: 1.0093333 | H33: 1.0385542 | I33: =VLOOKUP(F33,$B$2:$D$35,$D$1,FALSE) -> 0.048407108 | V33: HIT | W33: 211350 | X33: 183394 | Y33: =X33/W33 -> 0.86772652 | Z33: 0.51 | AA33: - | AB33: =AA33/Z33 -> #VALUE! | AC33: 653 | AD33: 1286 | AF33: 1286 | AI33: HIT | AJ33: 211350 | AK33: 183394 | AL33: =AK33/AJ33 -> 0.86772652 | AM33: 0.31 | AO33: =AN33/AM33 -> 0 | AP33: 393 | AQ33: 1286
B34: URU | C34: 1858 | D34: =C34/$C$35 -> 0.037180821 | F34: PRG | G34: 1.0833333 | H34: 1.04 | I34: =VLOOKUP(F34,$B$2:$D$35,$D$1,FALSE) -> 0.049287601 | V34: PLT | W34: 1254157 | X34: 975247 | Y34: =X34/W34 -> 0.77761157 | Z34: 0.86 | AA34: 0.86 | AB34: =AA34/Z34 -> 1 | AC34: 29581 | AD34: 34573 | AE34: 29589 | AF34: 34573 | AI34: PLT | AJ34: 1254157 | AK34: 975247 | AL34: =AK34/AJ34 -> 0.77761157 | AM34: 0.86 | AN34: 0.86 | AO34: =AN34/AM34 -> 1 | AP34: 29699 | AQ34: 34573
B35: TOTAL | C35: =SUM(C3:C34) -> 49972 | D35: =C35/$C$35 -> 1 | F35: BOL | G35: 1.0505882 | H35: 1.062069 | I35: =VLOOKUP(F35,$B$2:$D$35,$D$1,FALSE) -> 0.021512047 | V35: CST | W35: 2709419 | X35: 3008469 | Y35: =X35/W35 -> 1.1103742 | Z35: 1.32 | AA35: 1.33 | AB35: =AA35/Z35 -> 1.0075758 | AC35: 23420 | AD35: 17801 | AE35: 23738 | AF35: 17801 | AI35: CST | AJ35: 2709419 | AK35: 3008469 | AL35: =AK35/AJ35 -> 1.1103742 | AM35: 1.33 | AN35: 1.33 | AO35: =AN35/AM35 -> 1 | AP35: 23717 | AQ35: 17801
B36: GEL | C36: =C30+C32+C6+C23 -> 632 | D36: =C36/$C$35 -> 0.012647082 | F36: MASSY | G36: 0.75571429 | H36: 1.0534091 | I36: =D37 -> 0.029836709 | V36: Massy | W36: =W11+W13+W14+W15+W16+W17+W19+W20+W23 -> 101858 | X36: =X11+X13+X14+X15+X16+X17+X19+X20+X23 -> 126970 | Y36: =X36/W36 -> 1.2465393 | Z36: =AC36/AD36 -> 0.99291263 | AA36: =AE36/AF36 -> 0.9668802 | AB36: =AA36/Z36 -> 0.97378174 | AC36: =AC11+AC13+AC14+AC15+AC16+AC17+AC19+AC20+AC23 -> 7285 | AD36: =AD11+AD13+AD14+AD15+AD16+AD17+AD19+AD20+AD23 -> 7337 | AE36: =AE11+AE13+AE14+AE15+AE16+AE17+AE19+AE20+AE23 -> 7094 | AF36: =AF11+AF13+AF14+AF15+AF16+AF17+AF19+AF20+AF23 -> 7337 | AI36: Massy | AJ36: =AJ11+AJ13+AJ14+AJ15+AJ16+AJ17+AJ19+AJ20+AJ23 -> 101858 | AK36: =AK11+AK13+AK14+AK15+AK16+AK17+AK19+AK20+AK23 -> 126970 | AL36: =AK36/AJ36 -> 1.2465393 | AM36: =AP36/AQ36 -> 0.97764754 | AN36: 0.9668802 | AO36: =AN36/AM36 -> 0.98898648 | AP36: =AP11+AP13+AP14+AP15+AP16+AP17+AP19+AP20+AP23 -> 7173 | AQ36: =AQ11+AQ13+AQ14+AQ15+AQ16+AQ17+AQ19+AQ20+AQ23 -> 7337
B37: Massy | C37: =C3+C5+C7+C8+C14+C18+C19+C28+C29+C33 -> 1491 | D37: =C37/$C$35 -> 0.029836709 | V37: Gel | W37: =W22+W21+W18+W12 -> 30000 | X37: =X22+X21+X18+X12 -> 32719 | Y37: =X37/W37 -> 1.0906333 | Z37: =AC37/AD37 -> 2.1098633 | AA37: =AE37/AF37 -> 2.1196289 | AB37: =AA37/Z37 -> 1.0046286 | AC37: =AC22+AC21+AC18+AC12 -> 4321 | AD37: =AD22+AD21+AD18+AD12 -> 2048 | AE37: =AE22+AE21+AE18+AE12 -> 4341 | AF37: =AF22+AF21+AF18+AF12 -> 2048 | AI37: Gel | AJ37: =AJ22+AJ21+AJ18+AJ12 -> 30000 | AK37: =AK22+AK21+AK18+AK12 -> 32719 | AL37: =AK37/AJ37 -> 1.0906333 | AM37: =AP37/AQ37 -> 2.1621094 | AN37: 2.1196289 | AO37: =AN37/AM37 -> 0.9803523 | AP37: =AP22+AP21+AP18+AP12 -> 4428 | AQ37: =AQ22+AQ21+AQ18+AQ12 -> 2048
B38: No AP
O39: YTD Grafica vs 2+10 | T39: YTD Grafica vs PY | Y39: YTD Grafica 2+10 vs PY
F40: 1 | G40: 2 | J40: 1 | K40: 2 | L40: 3 | M40: 4 | AI40: NSC | AJ40: Sell In | AK40: Retention | AL40: Weigth
F41: NSC | G41: Lead Mng | J41: DESTINATION | K41: AUG'25 YTD | L41: Real | M41: % | O41: NSC | P41: RS | Q41: MS | R41: Weigth | T41: NSC | U41: RS | V41: MS | W41: Weigth | Y41: NSC | Z41: PY | AA41: 2+10 | AB41: Weigth | AI41: COL | AJ41: =VLOOKUP(AI41,$AI$4:$AQ$37,$AL$3,FALSE) -> 0.99481188 | AK41: =VLOOKUP(AI41,$AI$4:$AQ$37,$AO$3,FALSE) -> 1.0196078 | AL41: =VLOOKUP(AI41,$B$2:$D$38,$D$1,FALSE) -> 0.27055151
F42: BOL | G42: 0.75 | J42: MON | K42: 1 | L42: 0 | M42: =L42/K42 -> 0 | O42: COL | P42: 1.0394195 | Q42: 0.9271718 | R42: =VLOOKUP(O42,$B$2:$D$38,$D$1,FALSE) -> 0.27055151 | T42: COL | U42: 1.1650912 | V42: 0.9116824 | W42: =VLOOKUP(T42,$B$2:$D$38,$D$1,FALSE) -> 0.27055151 | Y42: COL | Z42: 1.1650912 | AA42: 1.0394195 | AB42: =VLOOKUP(Y42,$B$2:$D$38,$D$1,FALSE) -> 0.27055151 | AI42: PLT | AJ42: =VLOOKUP(AI42,$AI$4:$AQ$37,$AL$3,FALSE) -> 0.77761157 | AK42: =VLOOKUP(AI42,$AI$4:$AQ$37,$AO$3,FALSE) -> 1 | AL42: =VLOOKUP(AI42,$B$2:$D$38,$D$1,FALSE) -> 0.12957256
F43: URU | G43: 1 | J43: ALB | K43: 79 | L43: 112 | M43: =L43/K43 -> 1.4177215 | O43: CST | P43: 1.1069616 | Q43: 1.0296163 | R43: =VLOOKUP(O43,$B$2:$D$38,$D$1,FALSE) -> 0.13185384 | T43: CST | U43: 0.99123377 | V43: 1.1471654 | W43: =VLOOKUP(T43,$B$2:$D$38,$D$1,FALSE) -> 0.13185384 | Y43: CST | Z43: 0.99123377 | AA43: 1.1069616 | AB43: =VLOOKUP(Y43,$B$2:$D$38,$D$1,FALSE) -> 0.13185384 | AI43: CST | AJ43: =VLOOKUP(AI43,$AI$4:$AQ$37,$AL$3,FALSE) -> 1.1103742 | AK43: =VLOOKUP(AI43,$AI$4:$AQ$37,$AO$3,FALSE) -> 1 | AL43: =VLOOKUP(AI43,$B$2:$D$38,$D$1,FALSE) -> 0.13185384
F44: PRG | G44: 0.5 | J44: ANT | K44: 40 | L44: 27 | M44: =L44/K44 -> 0.675 | O44: PLT | P44: 0.88987458 | Q44: 0.88742477 | R44: =VLOOKUP(O44,$B$2:$D$38,$D$1,FALSE) -> 0.12957256 | T44: PLT | U44: 0.73851231 | V44: 0.85738391 | W44: =VLOOKUP(T44,$B$2:$D$38,$D$1,FALSE) -> 0.12957256 | Y44: PLT | Z44: 0.73851231 | AA44: 0.88987458 | AB44: =VLOOKUP(Y44,$B$2:$D$38,$D$1,FALSE) -> 0.12957256 | AI44: ECA | AJ44: =VLOOKUP(AI44,$AI$4:$AQ$37,$AL$3,FALSE) -> 0.9538602 | AK44: =VLOOKUP(AI44,$AI$4:$AQ$37,$AO$3,FALSE) -> 0.99047619 | AL44: =VLOOKUP(AI44,$B$2:$D$38,$D$1,FALSE) -> 0.037220844
F45: ECA | G45: 1 | J45: BAR | K45: 89 | L45: 55 | M45: =L45/K45 -> 0.61797753 | O45: HND | P45: 1.1271676 | Q45: 1.065232 | R45: =VLOOKUP(O45,$B$2:$D$38,$D$1,FALSE) -> 0.050408229 | T45: HND | U45: 0.78883495 | V45: 1.0427276 | W45: =VLOOKUP(T45,$B$2:$D$38,$D$1,FALSE) -> 0.050408229 | Y45: HND | Z45: 0.78883495 | AA45: 1.1271676 | AB45: =VLOOKUP(Y45,$B$2:$D$38,$D$1,FALSE) -> 0.050408229 | AI45: PNM | AJ45: =VLOOKUP(AI45,$AI$4:$AQ$37,$AL$3,FALSE) -> 0.88569816 | AK45: =VLOOKUP(AI45,$AI$4:$AQ$37,$AO$3,FALSE) -> 1 | AL45: =VLOOKUP(AI45,$B$2:$D$38,$D$1,FALSE) -> 0.047706716
F46: COL | G46: 1 | J46: BEM | K46: 6 | L46: 6 | M46: =L46/K46 -> 1 | O46: ELS | P46: 1.0561097 | Q46: 0.91232728 | R46: =VLOOKUP(O46,$B$2:$D$38,$D$1,FALSE) -> 0.044685024 | T46: ELS | U46: 0.92669584 | V46: 0.8990369 | W46: =VLOOKUP(T46,$B$2:$D$38,$D$1,FALSE) -> 0.044685024 | Y46: ELS | Z46: 0.92669584 | AA46: 1.0561097 | AB46: =VLOOKUP(Y46,$B$2:$D$38,$D$1,FALSE) -> 0.044685024 | AI46: URU | AJ46: =VLOOKUP(AI46,$AI$4:$AQ$37,$AL$3,FALSE) -> 1.0026368 | AK46: =VLOOKUP(AI46,$AI$4:$AQ$37,$AO$3,FALSE) -> 1 | AL46: =VLOOKUP(AI46,$B$2:$D$38,$D$1,FALSE) -> 0.037180821
F47: CST | G47: 0.75 | J47: BHM | K47: 42 | L47: 44 | M47: =L47/K47 -> 1.047619 | O47: GUT | P47: 0.91713961 | Q47: 0.806453 | R47: =VLOOKUP(O47,$B$2:$D$38,$D$1,FALSE) -> 0.048407108 | T47: GUT | U47: 1.1023192 | V47: 1.0863525 | W47: =VLOOKUP(T47,$B$2:$D$38,$D$1,FALSE) -> 0.048407108 | Y47: GUT | Z47: 1.1023192 | AA47: 0.91713961 | AB47: =VLOOKUP(Y47,$B$2:$D$38,$D$1,FALSE) -> 0.048407108 | AI47: ELS | AJ47: =VLOOKUP(AI47,$AI$4:$AQ$37,$AL$3,FALSE) -> 1.0652064 | AK47: =VLOOKUP(AI47,$AI$4:$AQ$37,$AO$3,FALSE) -> 0.96875 | AL47: =VLOOKUP(AI47,$B$2:$D$38,$D$1,FALSE) -> 0.044685024
F48: DOM | G48: 1 | J48: BLZ | K48: 19 | L48: 21 | M48: =L48/K48 -> 1.1052632 | O48: PNM | P48: 0.82236842 | Q48: 0.7319156 | R48: =VLOOKUP(O48,$B$2:$D$38,$D$1,FALSE) -> 0.047706716 | T48: PNM | U48: 0.73385519 | V48: 0.70559598 | W48: =VLOOKUP(T48,$B$2:$D$38,$D$1,FALSE) -> 0.047706716 | Y48: PNM | Z48: 0.73385519 | AA48: 0.82236842 | AB48: =VLOOKUP(Y48,$B$2:$D$38,$D$1,FALSE) -> 0.047706716 | AI48: HND | AJ48: =VLOOKUP(AI48,$AI$4:$AQ$37,$AL$3,FALSE) -> 1.103633 | AK48: =VLOOKUP(AI48,$AI$4:$AQ$37,$AO$3,FALSE) -> 1.0344828 | AL48: =VLOOKUP(AI48,$B$2:$D$38,$D$1,FALSE) -> 0.050408229
F49: PNM | G49: 1 | J49: BOL | K49: 472 | L49: 439 | M49: =L49/K49 -> 0.93008475 | O49: DOM | P49: 0.94986807 | Q49: 0.89117947 | R49: =VLOOKUP(O49,$B$2:$D$38,$D$1,FALSE) -> 0.042563836 | T49: DOM | U49: 0.9033877 | V49: 0.96057701 | W49: =VLOOKUP(T49,$B$2:$D$38,$D$1,FALSE) -> 0.042563836 | Y49: DOM | Z49: 0.9033877 | AA49: 0.94986807 | AB49: =VLOOKUP(Y49,$B$2:$D$38,$D$1,FALSE) -> 0.042563836 | AI49: NIC | AJ49: =VLOOKUP(AI49,$AI$4:$AQ$37,$AL$3,FALSE) -> 1.1429707 | AK49: =VLOOKUP(AI49,$AI$4:$AQ$37,$AO$3,FALSE) -> 1.0947368 | AL49: =VLOOKUP(AI49,$B$2:$D$38,$D$1,FALSE) -> 0.023533179
F50: GUT | G50: 0.75 | J50: COL | K50: 4917 | L50: 5300 | M50: =L50/K50 -> 1.077893 | O50: ECA | P50: 1.1076159 | Q50: 0.92899323 | R50: =VLOOKUP(O50,$B$2:$D$38,$D$1,FALSE) -> 0.037220844 | T50: ECA | U50: 0.62935089 | V50: 0.53931948 | W50: =VLOOKUP(T50,$B$2:$D$38,$D$1,FALSE) -> 0.037220844 | Y50: ECA | Z50: 0.62935089 | AA50: 1.1076159 | AB50: =VLOOKUP(Y50,$B$2:$D$38,$D$1,FALSE) -> 0.037220844 | AI50: DOM | AJ50: =VLOOKUP(AI50,$AI$4:$AQ$37,$AL$3,FALSE) -> 1.0221819 | AK50: =VLOOKUP(AI50,$AI$4:$AQ$37,$AO$3,FALSE) -> 0.98630137 | AL50: =VLOOKUP(AI50,$B$2:$D$38,$D$1,FALSE) -> 0.042563836
F51: PLT | G51: 0.75 | J51: CST | K51: 2884 | L51: 3053 | M51: =L51/K51 -> 1.0585992 | O51: PRG | P51: 0.78545888 | Q51: 0.74440877 | R51: =VLOOKUP(O51,$B$2:$D$38,$D$1,FALSE) -> 0.049287601 | T51: PRG | U51: 0.91400832 | V51: 0.83374699 | W51: =VLOOKUP(T51,$B$2:$D$38,$D$1,FALSE) -> 0.049287601 | Y51: PRG | Z51: 0.91400832 | AA51: 0.78545888 | AB51: =VLOOKUP(Y51,$B$2:$D$38,$D$1,FALSE) -> 0.049287601 | AI51: GUT | AJ51: =VLOOKUP(AI51,$AI$4:$AQ$37,$AL$3,FALSE) -> 1.2686384 | AK51: =VLOOKUP(AI51,$AI$4:$AQ$37,$AO$3,FALSE) -> 0.98561151 | AL51: =VLOOKUP(AI51,$B$2:$D$38,$D$1,FALSE) -> 0.048407108
F52: ELS | G52: 0.75 | J52: CUR | K52: 112 | L52: 106 | M52: =L52/K52 -> 0.94642857 | O52: URU | P52: 0.90087464 | Q52: 0.8424691 | R52: =VLOOKUP(O52,$B$2:$D$38,$D$1,FALSE) -> 0.037180821 | T52: URU | U52: 0.60946746 | V52: 0.61382421 | W52: =VLOOKUP(T52,$B$2:$D$38,$D$1,FALSE) -> 0.037180821 | Y52: URU | Z52: 0.60946746 | AA52: 0.90087464 | AB52: =VLOOKUP(Y52,$B$2:$D$38,$D$1,FALSE) -> 0.037180821 | AI52: PRG | AJ52: =VLOOKUP(AI52,$AI$4:$AQ$37,$AL$3,FALSE) -> 0.84562852 | AK52: =VLOOKUP(AI52,$AI$4:$AQ$37,$AO$3,FALSE) -> 1.1304348 | AL52: =VLOOKUP(AI52,$B$2:$D$38,$D$1,FALSE) -> 0.049287601
F53: NIC | G53: 0.75 | J53: DMT | K53: 20 | L53: 23 | M53: =L53/K53 -> 1.15 | O53: Massy | P53: 0.94871795 | Q53: 0.94568932 | R53: =VLOOKUP(O53,$B$2:$D$38,$D$1,FALSE) -> 0.029836709 | T53: Massy | U53: 0.74371859 | V53: 0.78942197 | W53: =VLOOKUP(T53,$B$2:$D$38,$D$1,FALSE) -> 0.029836709 | Y53: Massy | Z53: 0.74371859 | AA53: 0.94871795 | AB53: =VLOOKUP(Y53,$B$2:$D$38,$D$1,FALSE) -> 0.029836709 | AI53: BOL | AJ53: =VLOOKUP(AI53,$AI$4:$AQ$37,$AL$3,FALSE) -> 0.86835713 | AK53: =VLOOKUP(AI53,$AI$4:$AQ$37,$AO$3,FALSE) -> 0.95238095 | AL53: =VLOOKUP(AI53,$B$2:$D$38,$D$1,FALSE) -> 0.021512047
... F55: GEL | G55: 0.75 | J55: ECA | K55: 611 | L55: 669 | M55: =L55/K55 -> 1.0949264 | O55: BOL | P55: 0.92811839 | Q55: 0.9806305 | R55: =VLOOKUP(O55,$B$2:$D$38,$D$1,FALSE) -> 0.021512047 | T55: BOL | U55: 0.56138107 | V55: 0.73967779 | W55: =VLOOKUP(T55,$B$2:$D$38,$D$1,FALSE) -> 0.021512047 | Y55: BOL | Z55: 0.56138107 | AA55: 0.92811839 | AB55: =VLOOKUP(Y55,$B$2:$D$38,$D$1,FALSE) -> 0.021512047 | AI55: GEL | AJ55: =VLOOKUP(AI55,$AI$4:$AQ$37,$AL$3,FALSE) -> 1.0906333 | AK55: =VLOOKUP(AI55,$AI$4:$AQ$37,$AO$3,FALSE) -> 0.9803523 | AL55: =VLOOKUP(AI55,$B$2:$D$38,$D$1,FALSE) -> 0.012647082
F56: MASSY | G56: 0.75 | J56: ELS | K56: 947 | L56: 847 | M56: =L56/K56 -> 0.89440338 | O56: Gel | P56: 0.92490119 | Q56: 0.8427578 | R56: =VLOOKUP(O56,$B$2:$D$38,$D$1,FALSE) -> 0.012647082 | T56: Gel | U56: 0.8540146 | V56: 0.87233448 | W56: =VLOOKUP(T56,$B$2:$D$38,$D$1,FALSE) -> 0.012647082 | Y56: Gel | Z56: 0.8540146 | AA56: 0.92490119 | AB56: =VLOOKUP(Y56,$B$2:$D$38,$D$1,FALSE) -> 0.012647082
J57: GRN | K57: 24 | L57: 24 | M57: =L57/K57 -> 1
J58: GUI | K58: 12 | L58: 6 | M58: =L58/K58 -> 0.5 | P58: 98 | W58: 29
J59: GUT | K59: 903 | L59: 808 | M59: =L59/K59 -> 0.89479513 | P59: 38 | W59: 5
J60: HIT | K60: 34 | L60: 51 | M60: =L60/K60 -> 1.5 | P60: 18 | W60: 26
J61: HND | K61: 1063 | L61: 975 | M61: =L61/K61 -> 0.91721543 | P61: =P58-(P59+P60) -> 42 | W61: =SUM(W58:W60) -> 60
J62: JAM | K62: 149 | L62: 120 | M62: =L62/K62 -> 0.80536913
J63: NIC | K63: 525 | L63: 485 | M63: =L63/K63 -> 0.92380952
J64: PLT | K64: 3485 | L64: 2909 | M64: =L64/K64 -> 0.83472023
J65: PNM | K65: 906 | L65: 750 | M65: =L65/K65 -> 0.82781457
J66: PRG | K66: 842 | L66: 659 | M66: =L66/K66 -> 0.78266033
J67: SRI | K67: 21 | L67: 16 | M67: =L67/K67 -> 0.76190476
J68: STK | K68: 8 | L68: 9 | M68: =L68/K68 -> 1.125
J69: STL | K69: 44 | L69: 47 | M69: =L69/K69 -> 1.0681818
J70: STM | K70: 154 | L70: 143 | M70: =L70/K70 -> 0.92857143
J71: STV | K71: 15 | L71: 12 | M71: =L71/K71 -> 0.8
J72: TRD | K72: 525 | L72: 437 | M72: =L72/K72 -> 0.83238095
J73: URU | K73: 683 | L73: 618 | M73: =L73/K73 -> 0.90483163
J74: GEL | K74: =K71+K69+K62+K45 -> 297 | L74: =L71+L69+L62+L45 -> 234 | M74: =L74/K74 -> 0.78787879
J75: MASSY | K75: =K44+K46+K47+K53+K57+K58+K67+K68+K72+K42 -> 699 | L75: =L44+L46+L47+L53+L57+L58+L67+L68+L72+L42 -> 592 | M75: =L75/K75 -> 0.84692418

Sheet AP25AUG
B3: Market | C3: CSI | D3: SSI | E3: NRC | F3: Training | G3: Ser. Campaign | H3: Lead Mng. | I3: Share of Inv. | J3: Game Plan | K3: Sell In | L3: Retention | M3: Retail Sales | AD3: CSI | AF3: SSI | AH3: NRC | AJ3: Training | AL3: Service Campaign | AM3: Ser. Campaign
B4: COL | C4: =VLOOKUP(B4,'OR AUG'!$F$2:$L$16,'OR AUG'!$I$1,FALSE) -> 1.0051282 | D4: =VLOOKUP(B4,'OR AUG'!$F$2:$L$16,'OR AUG'!$L$1,FALSE) -> 1.0402174 | E4: 1 | F4: =VLOOKUP(B4,'OR AUG'!$S$3:$T$22,'OR AUG'!$T$2,FALSE) -> 0.96701656 | G4: =VLOOKUP(B4,'OR AUG'!$N$4:$Q$21,'OR AUG'!$Q$3,FALSE) -> 1.0939055 | H4: =VLOOKUP(B4,'OR AUG'!$F$41:$G$56,'OR AUG'!$G$40,FALSE) -> 1 | I4: 1 | J4: 1 | K4: =VLOOKUP(B4,'OR AUG'!$V$4:$AB$37,'OR AUG'!$Y$3,FALSE) -> 0.99481188 | L4: =VLOOKUP(B4,'OR AUG'!$V$4:$AB$37,'OR AUG'!$AB$3,FALSE) -> 1.04 | M4: =VLOOKUP(B4,'OR AUG'!$J$41:$M$75,'OR AUG'!$M$40,FALSE) -> 1.077893 | AC4: MASSY | AD4: 1 | AE4: 0.75571429 | AF4: 3 | AG4: 1.0534091 | AH4: 3 | AI4: 1 | AJ4: 3 | AK4: 0.90102443 | AL4: 3 | AM4: 1.1010101
B5: PLT | C5: =VLOOKUP(B5,'OR AUG'!$F$2:$L$16,'OR AUG'!$I$1,FALSE) -> 1.0219512 | D5: =VLOOKUP(B5,'OR AUG'!$F$2:$L$16,'OR AUG'!$L$1,FALSE) -> 1.0087912 | E5: 1 | F5: =VLOOKUP(B5,'OR AUG'!$S$3:$T$22,'OR AUG'!$T$2,FALSE) -> 0 | G5: =VLOOKUP(B5,'OR AUG'!$N$4:$Q$21,'OR AUG'!$Q$3,FALSE) -> 0.988659 | H5: =VLOOKUP(B5,'OR AUG'!$F$41:$G$56,'OR AUG'!$G$40,FALSE) -> 0.75 | I5: 1 | J5: 1 | K5: =VLOOKUP(B5,'OR AUG'!$V$4:$AB$37,'OR AUG'!$Y$3,FALSE) -> 0.77761157 | L5: =VLOOKUP(B5,'OR AUG'!$V$4:$AB$37,'OR AUG'!$AB$3,FALSE) -> 1 | M5: =VLOOKUP(B5,'OR AUG'!$J$41:$M$75,'OR AUG'!$M$40,FALSE) -> 0.83472023 | AL5: 1 | AM5: 0.030283912
B6: CST | C6: =VLOOKUP(B6,'OR AUG'!$F$2:$L$16,'OR AUG'!$I$1,FALSE) -> 1.0336957 | D6: =VLOOKUP(B6,'OR AUG'!$F$2:$L$16,'OR AUG'!$L$1,FALSE) -> 1.0163043 | E6: 1 | F6: =VLOOKUP(B6,'OR AUG'!$S$3:$T$22,'OR AUG'!$T$2,FALSE) -> 1.1111111 | G6: =VLOOKUP(B6,'OR AUG'!$N$4:$Q$21,'OR AUG'!$Q$3,FALSE) -> 1.3689869 | H6: =VLOOKUP(B6,'OR AUG'!$F$41:$G$56,'OR AUG'!$G$40,FALSE) -> 0.75 | I6: 1 | J6: 1 | K6: =VLOOKUP(B6,'OR AUG'!$V$4:$AB$37,'OR AUG'!$Y$3,FALSE) -> 1.1103742 | L6: =VLOOKUP(B6,'OR AUG'!$V$4:$AB$37,'OR AUG'!$AB$3,FALSE) -> 1.0075758 | M6: =VLOOKUP(B6,'OR AUG'!$J$41:$M$75,'OR AUG'!$M$40,FALSE) -> 1.0585992 | S6: tamaño de dealers de puerto rico NRC
B7: ECA | C7: =VLOOKUP(B7,'OR AUG'!$F$2:$L$16,'OR AUG'!$I$1,FALSE) -> 1.0211765 | D7: =VLOOKUP(B7,'OR AUG'!$F$2:$L$16,'OR AUG'!$L$1,FALSE) -> 1.0446809 | E7: 1 | F7: =VLOOKUP(B7,'OR AUG'!$S$3:$T$22,'OR AUG'!$T$2,FALSE) -> 1.0637912 | G7: =VLOOKUP(B7,'OR AUG'!$N$4:$Q$21,'OR AUG'!$Q$3,FALSE) -> 1.8200332 | H7: =VLOOKUP(B7,'OR AUG'!$F$41:$G$56,'OR AUG'!$G$40,FALSE) -> 1 | I7: 1 | J7: 1 | K7: =VLOOKUP(B7,'OR AUG'!$V$4:$AB$37,'OR AUG'!$Y$3,FALSE) -> 0.9538602 | L7: =VLOOKUP(B7,'OR AUG'!$V$4:$AB$37,'OR AUG'!$AB$3,FALSE) -> 1.0097087 | M7: =VLOOKUP(B7,'OR AUG'!$J$41:$M$75,'OR AUG'!$M$40,FALSE) -> 1.0949264 | S7: Legal las ventas de refacciones en PLT porque NNA vende en este mercado
B8: PNM | C8: =VLOOKUP(B8,'OR AUG'!$F$2:$L$16,'OR AUG'!$I$1,FALSE) -> 1.022093 | D8: =VLOOKUP(B8,'OR AUG'!$F$2:$L$16,'OR AUG'!$L$1,FALSE) -> 1.0844444 | E8: 1 | F8: =VLOOKUP(B8,'OR AUG'!$S$3:$T$22,'OR AUG'!$T$2,FALSE) -> 1.1111111 | G8: =VLOOKUP(B8,'OR AUG'!$N$4:$Q$21,'OR AUG'!$Q$3,FALSE) -> 1.316142 | H8: =VLOOKUP(B8,'OR AUG'!$F$41:$G$56,'OR AUG'!$G$40,FALSE) -> 1 | I8: 1 | J8: 1 | K8: =VLOOKUP(B8,'OR AUG'!$V$4:$AB$37,'OR AUG'!$Y$3,FALSE) -> 0.88569816 | L8: =VLOOKUP(B8,'OR AUG'!$V$4:$AB$37,'OR AUG'!$AB$3,FALSE) -> 1 | M8: =VLOOKUP(B8,'OR AUG'!$J$41:$M$75,'OR AUG'!$M$40,FALSE) -> 0.82781457 | S8: logos de EU a PLT
B9: URU | C9: =VLOOKUP(B9,'OR AUG'!$F$2:$L$16,'OR AUG'!$I$1,FALSE) -> 1.056383 | D9: =VLOOKUP(B9,'OR AUG'!$F$2:$L$16,'OR AUG'!$L$1,FALSE) -> 1.0378947 | E9: 1 | F9: =VLOOKUP(B9,'OR AUG'!$S$3:$T$22,'OR AUG'!$T$2,FALSE) -> 1.0069077 | G9: =VLOOKUP(B9,'OR AUG'!$N$4:$Q$21,'OR AUG'!$Q$3,FALSE) -> 1.0683123 | H9: =VLOOKUP(B9,'OR AUG'!$F$41:$G$56,'OR AUG'!$G$40,FALSE) -> 1 | I9: 1 | J9: 1 | K9: =VLOOKUP(B9,'OR AUG'!$V$4:$AB$37,'OR AUG'!$Y$3,FALSE) -> 1.0026368 | L9: =VLOOKUP(B9,'OR AUG'!$V$4:$AB$37,'OR AUG'!$AB$3,FALSE) -> 1 | M9: =VLOOKUP(B9,'OR AUG'!$J$41:$M$75,'OR AUG'!$M$40,FALSE) -> 0.90483163 | S9: junta con TOM y Diego ECA | AD9: Lead Management | AF9: Share of Inv. | AH9: Game Plan
B10: ELS | C10: =VLOOKUP(B10,'OR AUG'!$F$2:$L$16,'OR AUG'!$I$1,FALSE) -> 1.11 | D10: =VLOOKUP(B10,'OR AUG'!$F$2:$L$16,'OR AUG'!$L$1,FALSE) -> 1.1385542 | E10: 1 | F10: =VLOOKUP(B10,'OR AUG'!$S$3:$T$22,'OR AUG'!$T$2,FALSE) -> 1.0857092 | G10: =VLOOKUP(B10,'OR AUG'!$N$4:$Q$21,'OR AUG'!$Q$3,FALSE) -> 1.0546647 | H10: =VLOOKUP(B10,'OR AUG'!$F$41:$G$56,'OR AUG'!$G$40,FALSE) -> 0.75 | I10: 1 | J10: 1 | K10: =VLOOKUP(B10,'OR AUG'!$V$4:$AB$37,'OR AUG'!$Y$3,FALSE) -> 1.0652064 | L10: =VLOOKUP(B10,'OR AUG'!$V$4:$AB$37,'OR AUG'!$AB$3,FALSE) -> 0.93939394 | M10: =VLOOKUP(B10,'OR AUG'!$J$41:$M$75,'OR AUG'!$M$40,FALSE) -> 0.89440338 | S10: HIT Retomar el tema del DOA | AD10: 1 | AE10: 0.75 | AF10: NA | AH10: 3 | AI10: 1
B11: HND | C11: =VLOOKUP(B11,'OR AUG'!$F$2:$L$16,'OR AUG'!$I$1,FALSE) -> 0.91857143 | D11: =VLOOKUP(B11,'OR AUG'!$F$2:$L$16,'OR AUG'!$L$1,FALSE) -> 1.2048193 | E11: 1 | F11: =VLOOKUP(B11,'OR AUG'!$S$3:$T$22,'OR AUG'!$T$2,FALSE) -> 1.0987458 | G11: =VLOOKUP(B11,'OR AUG'!$N$4:$Q$21,'OR AUG'!$Q$3,FALSE) -> 0.96871379 | H11: =VLOOKUP(B11,'OR AUG'!$F$41:$G$56,'OR AUG'!$G$40,FALSE) -> 0.75 | I11: 1 | J11: 1 | K11: =VLOOKUP(B11,'OR AUG'!$V$4:$AB$37,'OR AUG'!$Y$3,FALSE) -> 1.103633 | L11: =VLOOKUP(B11,'OR AUG'!$V$4:$AB$37,'OR AUG'!$AB$3,FALSE) -> 1.0344828 | M11: =VLOOKUP(B11,'OR AUG'!$J$41:$M$75,'OR AUG'!$M$40,FALSE) -> 0.91721543
B12: NIC | C12: =VLOOKUP(B12,'OR AUG'!$F$2:$L$16,'OR AUG'!$I$1,FALSE) -> 0.85714286 | D12: =VLOOKUP(B12,'OR AUG'!$F$2:$L$16,'OR AUG'!$L$1,FALSE) -> 1.1060241 | E12: 1 | F12: =VLOOKUP(B12,'OR AUG'!$S$3:$T$22,'OR AUG'!$T$2,FALSE) -> 1.0716166 | G12: =VLOOKUP(B12,'OR AUG'!$N$4:$Q$21,'OR AUG'!$Q$3,FALSE) -> 0.84994524 | H12: =VLOOKUP(B12,'OR AUG'!$F$41:$G$56,'OR AUG'!$G$40,FALSE) -> 0.75 | I12: 1 | J12: 1 | K12: =VLOOKUP(B12,'OR AUG'!$V$4:$AB$37,'OR AUG'!$Y$3,FALSE) -> 1.1429707 | L12: =VLOOKUP(B12,'OR AUG'!$V$4:$AB$37,'OR AUG'!$AB$3,FALSE) -> 1.1428571 | M12: =VLOOKUP(B12,'OR AUG'!$J$41:$M$75,'OR AUG'!$M$40,FALSE) -> 0.92380952 | AD12: Sell In | AF12: Retention | AH12: Retail Sales
B13: DOM | C13: =VLOOKUP(B13,'OR AUG'!$F$2:$L$16,'OR AUG'!$I$1,FALSE) -> 1.1285714 | D13: =VLOOKUP(B13,'OR AUG'!$F$2:$L$16,'OR AUG'!$L$1,FALSE) -> 1.0943182 | E13: 1 | F13: =VLOOKUP(B13,'OR AUG'!$S$3:$T$22,'OR AUG'!$T$2,FALSE) -> 1.1111111 | G13: =VLOOKUP(B13,'OR AUG'!$N$4:$Q$21,'OR AUG'!$Q$3,FALSE) -> 1.0526607 | H13: =VLOOKUP(B13,'OR AUG'!$F$41:$G$56,'OR AUG'!$G$40,FALSE) -> 1 | I13: 1 | J13: 1 | K13: =VLOOKUP(B13,'OR AUG'!$V$4:$AB$37,'OR AUG'!$Y$3,FALSE) -> 1.0221819 | L13: =VLOOKUP(B13,'OR AUG'!$V$4:$AB$37,'OR AUG'!$AB$3,FALSE) -> 0.97297297 | M13: =VLOOKUP(B13,'OR AUG'!$J$41:$M$75,'OR AUG'!$M$40,FALSE) -> 0.87378641 | AD13: 3 | AE13: 1.2465393 | AF13: 1 | AG13: 0.97378174 | AH13: 1 | AI13: 0.84692418
B14: GUT | C14: =VLOOKUP(B14,'OR AUG'!$F$2:$L$16,'OR AUG'!$I$1,FALSE) -> 1.0093333 | D14: =VLOOKUP(B14,'OR AUG'!$F$2:$L$16,'OR AUG'!$L$1,FALSE) -> 1.0385542 | E14: 1 | F14: =VLOOKUP(B14,'OR AUG'!$S$3:$T$22,'OR AUG'!$T$2,FALSE) -> 0.99721559 | G14: =VLOOKUP(B14,'OR AUG'!$N$4:$Q$21,'OR AUG'!$Q$3,FALSE) -> 1.0889654 | H14: =VLOOKUP(B14,'OR AUG'!$F$41:$G$56,'OR AUG'!$G$40,FALSE) -> 0.75 | I14: - | J14: 1 | K14: =VLOOKUP(B14,'OR AUG'!$V$4:$AB$37,'OR AUG'!$Y$3,FALSE) -> 1.2686384 | L14: =VLOOKUP(B14,'OR AUG'!$V$4:$AB$37,'OR AUG'!$AB$3,FALSE) -> 0.98561151 | M14: =VLOOKUP(B14,'OR AUG'!$J$41:$M$75,'OR AUG'!$M$40,FALSE) -> 0.89479513
B15: PRG | C15: =VLOOKUP(B15,'OR AUG'!$F$2:$L$16,'OR AUG'!$I$1,FALSE) -> 1.0833333 | D15: =VLOOKUP(B15,'OR AUG'!$F$2:$L$16,'OR AUG'!$L$1,FALSE) -> 1.04 | E15: 1 | F15: =VLOOKUP(B15,'OR AUG'!$S$3:$T$22,'OR AUG'!$T$2,FALSE) -> 0.96666667 | G15: =VLOOKUP(B15,'OR AUG'!$N$4:$Q$21,'OR AUG'!$Q$3,FALSE) -> 1.1322621 | H15: =VLOOKUP(B15,'OR AUG'!$F$41:$G$56,'OR AUG'!$G$40,FALSE) -> 0.5 | I15: - | J15: 1 | K15: =VLOOKUP(B15,'OR AUG'!$V$4:$AB$37,'OR AUG'!$Y$3,FALSE) -> 0.84562852 | L15: =VLOOKUP(B15,'OR AUG'!$V$4:$AB$37,'OR AUG'!$AB$3,FALSE) -> 1.2283465 | M15: =VLOOKUP(B15,'OR AUG'!$J$41:$M$75,'OR AUG'!$M$40,FALSE) -> 0.78266033
B16: BOL | C16: =VLOOKUP(B16,'OR AUG'!$F$2:$L$16,'OR AUG'!$I$1,FALSE) -> 1.0505882 | D16: =VLOOKUP(B16,'OR AUG'!$F$2:$L$16,'OR AUG'!$L$1,FALSE) -> 1.062069 | E16: 1 | F16: =VLOOKUP(B16,'OR AUG'!$S$3:$T$22,'OR AUG'!$T$2,FALSE) -> 1.0926032 | G16: =VLOOKUP(B16,'OR AUG'!$N$4:$Q$21,'OR AUG'!$Q$3,FALSE) -> 0.93018268 | H16: =VLOOKUP(B16,'OR AUG'!$F$41:$G$56,'OR AUG'!$G$40,FALSE) -> 0.75 | I16: - | J16: 1 | K16: =VLOOKUP(B16,'OR AUG'!$V$4:$AB$37,'OR AUG'!$Y$3,FALSE) -> 0.86835713 | L16: =VLOOKUP(B16,'OR AUG'!$V$4:$AB$37,'OR AUG'!$AB$3,FALSE) -> 0.93023256 | M16: =VLOOKUP(B16,'OR AUG'!$J$41:$M$75,'OR AUG'!$M$40,FALSE) -> 0.93008475
B17: MASSY | C17: =VLOOKUP(B17,'OR AUG'!$F$2:$L$16,'OR AUG'!$I$1,FALSE) -> 0.75571429 | D17: =VLOOKUP(B17,'OR AUG'!$F$2:$L$16,'OR AUG'!$L$1,FALSE) -> 1.0534091 | E17: 1 | F17: =VLOOKUP(B17,'OR AUG'!$S$3:$T$22,'OR AUG'!$T$2,FALSE) -> 0.90102443 | G17: =VLOOKUP(B17,'OR AUG'!$N$4:$Q$21,'OR AUG'!$Q$3,FALSE) -> 0.76059937 | H17: =VLOOKUP(B17,'OR AUG'!$F$41:$G$56,'OR AUG'!$G$40,FALSE) -> 0.75 | I17: - | J17: 1 | K17: =VLOOKUP(B17,'OR AUG'!$V$4:$AB$37,'OR AUG'!$Y$3,FALSE) -> 1.2465393 | L17: =VLOOKUP(B17,'OR AUG'!$V$4:$AB$37,'OR AUG'!$AB$3,FALSE) -> 0.97378174 | M17: =VLOOKUP(B17,'OR AUG'!$J$41:$M$75,'OR AUG'!$M$40,FALSE) -> 0.84692418
B18: GEL | C18: - | D18: - | E18: 1 | F18: =VLOOKUP(B18,'OR AUG'!$S$3:$T$22,'OR AUG'!$T$2,FALSE) -> 0.59746538 | G18: =VLOOKUP(B18,'OR AUG'!$N$4:$Q$21,'OR AUG'!$Q$3,FALSE) -> 0.80240303 | H18: =VLOOKUP(B18,'OR AUG'!$F$41:$G$56,'OR AUG'!$G$40,FALSE) -> 0.75 | I18: - | J18: 1 | K18: =VLOOKUP(B18,'OR AUG'!$V$4:$AB$37,'OR AUG'!$Y$3,FALSE) -> 1.0906333 | L18: =VLOOKUP(B18,'OR AUG'!$V$4:$AB$37,'OR AUG'!$AB$3,FALSE) -> 1.0046286 | M18: =VLOOKUP(B18,'OR AUG'!$J$41:$M$75,'OR AUG'!$M$40,FALSE) -> 0.78787879 | AI18: 15800000
AI19: =AI18*7% -> 1106000
B21: Market | C21: CSI | D21: SSI | E21: NRC | F21: Training | G21: Ser. Campaign | H21: Lead Mng. | I21: Share of Inv. | J21: Game Plan | K21: Sell In | L21: Retention | M21: Retail Sales | N21: Total
B22: COL | C22: 0.06 | D22: 0.06 | E22: 0.05 | F22: 0.04 | G22: 0.04 | H22: 0.05 | I22: 0.03 | J22: 0.07 | K22: 0.2 | L22: 0.1 | M22: 0.3 | N22: =SUM(C22:M22) -> 1
B23: PLT | C23: 0.06 | D23: 0.06 | E23: 0.05 | F23: 0.04 | G23: 0.04 | H23: 0.05 | I23: 0.03 | J23: 0.07 | K23: 0.2 | L23: 0.1 | M23: 0.3 | N23: =SUM(C23:M23) -> 1
B24: CST | C24: 0.06 | D24: 0.06 | E24: 0.05 | F24: 0.04 | G24: 0.04 | H24: 0.05 | I24: 0.03 | J24: 0.07 | K24: 0.2 | L24: 0.1 | M24: 0.3 | N24: =SUM(C24:M24) -> 1
B25: ECA | C25: 0.06 | D25: 0.06 | E25: 0.05 | F25: 0.04 | G25: 0.04 | H25: 0.05 | I25: 0.03 | J25: 0.07 | K25: 0.2 | L25: 0.1 | M25: 0.3 | N25: =SUM(C25:M25) -> 1
B26: PNM | C26: 0.06 | D26: 0.06 | E26: 0.05 | F26: 0.04 | G26: 0.04 | H26: 0.05 | I26: 0.03 | J26: 0.07 | K26: 0.2 | L26: 0.1 | M26: 0.3 | N26: =SUM(C26:M26) -> 1
B27: URU | C27: 0.06 | D27: 0.06 | E27: 0.05 | F27: 0.04 | G27: 0.04 | H27: 0.05 | I27: 0.03 | J27: 0.07 | K27: 0.2 | L27: 0.1 | M27: 0.3 | N27: =SUM(C27:M27) -> 1
B28: ELS | C28: 0.06 | D28: 0.06 | E28: 0.05 | F28: 0.04 | G28: 0.04 | H28: 0.05 | I28: 0.03 | J28: 0.07 | K28: 0.2 | L28: 0.1 | M28: 0.3 | N28: =SUM(C28:M28) -> 1
B29: HND | C29: 0.06 | D29: 0.06 | E29: 0.05 | F29: 0.04 | G29: 0.04 | H29: 0.05 | I29: 0.03 | J29: 0.07 | K29: 0.2 | L29: 0.1 | M29: 0.3 | N29: =SUM(C29:M29) -> 1
B30: NIC | C30: 0.06 | D30: 0.06 | E30: 0.05 | F30: 0.04 | G30: 0.04 | H30: 0.05 | I30: 0.03 | J30: 0.07 | K30: 0.2 | L30: 0.1 | M30: 0.3 | N30: =SUM(C30:M30) -> 1
B31: DOM | C31: 0.06 | D31: 0.06 | E31: 0.05 | F31: 0.04 | G31: 0.04 | H31: 0.05 | I31: 0.03 | J31: 0.07 | K31: 0.2 | L31: 0.1 | M31: 0.3 | N31: =SUM(C31:M31) -> 1
B32: GUT | C32: 0.06 | D32: 0.06 | E32: 0.05 | F32: 0.04 | G32: 0.04 | H32: 0.05 | I32: - | J32: 0.1 | K32: 0.2 | L32: 0.1 | M32: 0.3 | N32: =SUM(C32:M32) -> 1
B33: PRG | C33: 0.06 | D33: 0.06 | E33: 0.05 | F33: 0.04 | G33: 0.04 | H33: 0.05 | I33: - | J33: 0.1 | K33: 0.2 | L33: 0.1 | M33: 0.3 | N33: =SUM(C33:M33) -> 1
B34: BOL | C34: 0.06 | D34: 0.06 | E34: 0.05 | F34: 0.04 | G34: 0.04 | H34: 0.05 | I34: - | J34: 0.1 | K34: 0.2 | L34: 0.1 | M34: 0.3 | N34: =SUM(C34:M34) -> 1
B35: MASSY | C35: 0.06 | D35: 0.06 | E35: 0.05 | F35: 0.04 | G35: 0.04 | H35: 0.05 | I35: - | J35: 0.1 | K35: 0.2 | L35: 0.1 | M35: 0.3 | N35: =SUM(C35:M35) -> 1
B36: Gel Group | C36: - | D36: - | E36: 0.05 | F36: 0.05 | G36: 0.05 | H36: 0.05 | I36: - | J36: 0.1 | K36: 0.25 | L36: 0.1 | M36: 0.35 | N36: =SUM(C36:M36) -> 1
B38: 1 | C38: 2 | D38: 3 | E38: 4 | F38: 5 | G38: 6 | H38: 7 | I38: 8 | J38: 9 | K38: 10 | L38: 11 | M38: 12 | N38: 13
B39: Market | C39: CSI | D39: SSI | E39: NRC | F39: Training | G39: Ser. Campaign | H39: Lead Mng. | I39: Share of Inv. | J39: Game Plan | K39: Sell In | L39: Retention | M39: Retail Sales | N39: Total
B40: COL | C40: =IF(C4>=100%,C22,(C4*C22)/100%) -> 0.06 | D40: =IF(D4>=100%,D22,(D4*D22)/100%) -> 0.06 | E40: =IF(E4>=100%,E22,(E4*E22)/100%) -> 0.05 | F40: =IF(F4>=100%,F22,(F4*F22)/100%) -> 0.038680662 | G40: =IF(G4>=100%,G22,(G4*G22)/100%) -> 0.04 | H40: =IF(H4>=100%,H22,(H4*H22)/100%) -> 0.05 | I40: =IF(I4>=100%,I22,(I4*I22)/100%) -> 0.03 | J40: =IF(J4>=100%,J22,(J4*J22)/100%) -> 0.07 | ... M40: =IF(M4>=100%,M22,(M4*M22)/100%) -> 0.3 | N40: =SUM(C40:M40) -> 0.99764304
B41: PLT | C41: =IF(C5>=100%,C23,(C5*C23)/100%) -> 0.06 | D41: =IF(D5>=100%,D23,(D5*D23)/100%) -> 0.06 | E41: =IF(E5>=100%,E23,(E5*E23)/100%) -> 0.05 | F41: =IF(F5>=100%,F23,(F5*F23)/100%) -> 0 | G41: =IF(G5>=100%,G23,(G5*G23)/100%) -> 0.03954636 | H41: =IF(H5>=100%,H23,(H5*H23)/100%) -> 0.0375 | I41: =IF(I5>=100%,I23,(I5*I23)/100%) -> 0.03 | J41: =IF(J5>=100%,J23,(J5*J23)/100%) -> 0.07 | ... M41: =IF(M5>=100%,M23,(M5*M23)/100%) -> 0.25041607 | N41: =SUM(C41:M41) -> 0.85298474
B42: CST | C42: =IF(C6>=100%,C24,(C6*C24)/100%) -> 0.06 | D42: =IF(D6>=100%,D24,(D6*D24)/100%) -> 0.06 | E42: =IF(E6>=100%,E24,(E6*E24)/100%) -> 0.05 | F42: =IF(F6>=100%,F24,(F6*F24)/100%) -> 0.04 | G42: =IF(G6>=100%,G24,(G6*G24)/100%) -> 0.04 | H42: =IF(H6>=100%,H24,(H6*H24)/100%) -> 0.0375 | I42: =IF(I6>=100%,I24,(I6*I24)/100%) -> 0.03 | J42: =IF(J6>=100%,J24,(J6*J24)/100%) -> 0.07 | ... M42: =IF(M6>=100%,M24,(M6*M24)/100%) -> 0.3 | N42: =SUM(C42:M42) -> 0.9875
B43: ECA | C43: =IF(C7>=100%,C25,(C7*C25)/100%) -> 0.06 | D43: =IF(D7>=100%,D25,(D7*D25)/100%) -> 0.06 | E43: =IF(E7>=100%,E25,(E7*E25)/100%) -> 0.05 | F43: =IF(F7>=100%,F25,(F7*F25)/100%) -> 0.04 | G43: =IF(G7>=100%,G25,(G7*G25)/100%) -> 0.04 | H43: =IF(H7>=100%,H25,(H7*H25)/100%) -> 0.05 | I43: =IF(I7>=100%,I25,(I7*I25)/100%) -> 0.03 | J43: =IF(J7>=100%,J25,(J7*J25)/100%) -> 0.07 | ... M43: =IF(M7>=100%,M25,(M7*M25)/100%) -> 0.3 | N43: =SUM(C43:M43) -> 0.99077204
B44: PNM | C44: =IF(C8>=100%,C26,(C8*C26)/100%) -> 0.06 | D44: =IF(D8>=100%,D26,(D8*D26)/100%) -> 0.06 | E44: =IF(E8>=100%,E26,(E8*E26)/100%) -> 0.05 | F44: =IF(F8>=100%,F26,(F8*F26)/100%) -> 0.04 | G44: =IF(G8>=100%,G26,(G8*G26)/100%) -> 0.04 | H44: =IF(H8>=100%,H26,(H8*H26)/100%) -> 0.05 | I44: =IF(I8>=100%,I26,(I8*I26)/100%) -> 0.03 | J44: =IF(J8>=100%,J26,(J8*J26)/100%) -> 0.07 | ... M44: =IF(M8>=100%,M26,(M8*M26)/100%) -> 0.24834437 | N44: =SUM(C44:M44) -> 0.925484
B45: URU | C45: =IF(C9>=100%,C27,(C9*C27)/100%) -> 0.06 | D45: =IF(D9>=100%,D27,(D9*D27)/100%) -> 0.06 | E45: =IF(E9>=100%,E27,(E9*E27)/100%) -> 0.05 | F45: =IF(F9>=100%,F27,(F9*F27)/100%) -> 0.04 | G45: =IF(G9>=100%,G27,(G9*G27)/100%) -> 0.04 | H45: =IF(H9>=100%,H27,(H9*H27)/100%) -> 0.05 | I45: =IF(I9>=100%,I27,(I9*I27)/100%) -> 0.03 | J45: =IF(J9>=100%,J27,(J9*J27)/100%) -> 0.07 | ... M45: =IF(M9>=100%,M27,(M9*M27)/100%) -> 0.27144949 | N45: =SUM(C45:M45) -> 0.97144949
B46: ELS | C46: =IF(C10>=100%,C28,(C10*C28)/100%) -> 0.06 | D46: =IF(D10>=100%,D28,(D10*D28)/100%) -> 0.06 | E46: =IF(E10>=100%,E28,(E10*E28)/100%) -> 0.05 | F46: =IF(F10>=100%,F28,(F10*F28)/100%) -> 0.04 | G46: =IF(G10>=100%,G28,(G10*G28)/100%) -> 0.04 | H46: =IF(H10>=100%,H28,(H10*H28)/100%) -> 0.0375 | I46: =IF(I10>=100%,I28,(I10*I28)/100%) -> 0.03 | J46: =IF(J10>=100%,J28,(J10*J28)/100%) -> 0.07 | ... M46: =IF(M10>=100%,M28,(M10*M28)/100%) -> 0.26832101 | N46: =SUM(C46:M46) -> 0.94976041
B47: HND | C47: =IF(C11>=100%,C29,(C11*C29)/100%) -> 0.055114286 | D47: =IF(D11>=100%,D29,(D11*D29)/100%) -> 0.06 | E47: =IF(E11>=100%,E29,(E11*E29)/100%) -> 0.05 | F47: =IF(F11>=100%,F29,(F11*F29)/100%) -> 0.04 | G47: =IF(G11>=100%,G29,(G11*G29)/100%) -> 0.038748552 | H47: =IF(H11>=100%,H29,(H11*H29)/100%) -> 0.0375 | I47: =IF(I11>=100%,I29,(I11*I29)/100%) -> 0.03 | J47: =IF(J11>=100%,J29,(J11*J29)/100%) -> 0.07 | ... M47: =IF(M11>=100%,M29,(M11*M29)/100%) -> 0.27516463 | N47: =SUM(C47:M47) -> 0.95652747
B48: NIC | C48: =IF(C12>=100%,C30,(C12*C30)/100%) -> 0.051428571 | D48: =IF(D12>=100%,D30,(D12*D30)/100%) -> 0.06 | E48: =IF(E12>=100%,E30,(E12*E30)/100%) -> 0.05 | F48: =IF(F12>=100%,F30,(F12*F30)/100%) -> 0.04 | G48: =IF(G12>=100%,G30,(G12*G30)/100%) -> 0.033997809 | H48: =IF(H12>=100%,H30,(H12*H30)/100%) -> 0.0375 | I48: =IF(I12>=100%,I30,(I12*I30)/100%) -> 0.03 | J48: =IF(J12>=100%,J30,(J12*J30)/100%) -> 0.07 | ... M48: =IF(M12>=100%,M30,(M12*M30)/100%) -> 0.27714286 | N48: =SUM(C48:M48) -> 0.95006924
B49: DOM | C49: =IF(C13>=100%,C31,(C13*C31)/100%) -> 0.06 | D49: =IF(D13>=100%,D31,(D13*D31)/100%) -> 0.06 | E49: =IF(E13>=100%,E31,(E13*E31)/100%) -> 0.05 | F49: =IF(F13>=100%,F31,(F13*F31)/100%) -> 0.04 | G49: =IF(G13>=100%,G31,(G13*G31)/100%) -> 0.04 | H49: =IF(H13>=100%,H31,(H13*H31)/100%) -> 0.05 | I49: =IF(I13>=100%,I31,(I13*I31)/100%) -> 0.03 | J49: =IF(J13>=100%,J31,(J13*J31)/100%) -> 0.07 | ... M49: =IF(M13>=100%,M31,(M13*M31)/100%) -> 0.26213592 | N49: =SUM(C49:M49) -> 0.95943322
B50: GUT | C50: =IF(C14>=100%,C32,(C14*C32)/100%) -> 0.06 | D50: =IF(D14>=100%,D32,(D14*D32)/100%) -> 0.06 | E50: =IF(E14>=100%,E32,(E14*E32)/100%) -> 0.05 | F50: =IF(F14>=100%,F32,(F14*F32)/100%) -> 0.039888624 | G50: =IF(G14>=100%,G32,(G14*G32)/100%) -> 0.04 | H50: =IF(H14>=100%,H32,(H14*H32)/100%) -> 0.0375 | I50: - | J50: =IF(J14>=100%,J32,(J14*J32)/100%) -> 0.1 | K50: =IF(K14>=100%,K32,(K14*K32)/100%) -> 0.2 | L50: =IF(L14>=100%,L32,(L14*L32)/100%) -> 0.098561151 | M50: =IF(M14>=100%,M32,(M14*M32)/100%) -> 0.26843854 | N50: =SUM(C50:M50) -> 0.95438831
B51: PRG | C51: =IF(C15>=100%,C33,(C15*C33)/100%) -> 0.06 | D51: =IF(D15>=100%,D33,(D15*D33)/100%) -> 0.06 | E51: =IF(E15>=100%,E33,(E15*E33)/100%) -> 0.05 | F51: =IF(F15>=100%,F33,(F15*F33)/100%) -> 0.038666667 | G51: =IF(G15>=100%,G33,(G15*G33)/100%) -> 0.04 | H51: =IF(H15>=100%,H33,(H15*H33)/100%) -> 0.025 | I51: - | J51: =IF(J15>=100%,J33,(J15*J33)/100%) -> 0.1 | K51: =IF(K15>=100%,K33,(K15*K33)/100%) -> 0.1691257 | L51: =IF(L15>=100%,L33,(L15*L33)/100%) -> 0.1 | M51: =IF(M15>=100%,M33,(M15*M33)/100%) -> 0.2347981 | N51: =SUM(C51:M51) -> 0.87759047
B52: BOL | C52: =IF(C16>=100%,C34,(C16*C34)/100%) -> 0.06 | D52: =IF(D16>=100%,D34,(D16*D34)/100%) -> 0.06 | E52: =IF(E16>=100%,E34,(E16*E34)/100%) -> 0.05 | F52: =IF(F16>=100%,F34,(F16*F34)/100%) -> 0.04 | G52: =IF(G16>=100%,G34,(G16*G34)/100%) -> 0.037207307 | H52: =IF(H16>=100%,H34,(H16*H34)/100%) -> 0.0375 | I52: - | J52: =IF(J16>=100%,J34,(J16*J34)/100%) -> 0.1 | K52: =IF(K16>=100%,K34,(K16*K34)/100%) -> 0.17367143 | L52: =IF(L16>=100%,L34,(L16*L34)/100%) -> 0.093023256 | M52: =IF(M16>=100%,M34,(M16*M34)/100%) -> 0.27902542 | N52: =SUM(C52:M52) -> 0.93042741
B53: MASSY | C53: =IF(C17>=100%,C35,(C17*C35)/100%) -> 0.045342857 | D53: =IF(D17>=100%,D35,(D17*D35)/100%) -> 0.06 | E53: =IF(E17>=100%,E35,(E17*E35)/100%) -> 0.05 | F53: =IF(F17>=100%,F35,(F17*F35)/100%) -> 0.036040977 | G53: =IF(G17>=100%,G35,(G17*G35)/100%) -> 0.030423975 | H53: =IF(H17>=100%,H35,(H17*H35)/100%) -> 0.0375 | I53: - | J53: =IF(J17>=100%,J35,(J17*J35)/100%) -> 0.1 | K53: =IF(K17>=100%,K35,(K17*K35)/100%) -> 0.2 | L53: =IF(L17>=100%,L35,(L17*L35)/100%) -> 0.097378174 | M53: =IF(M17>=100%,M35,(M17*M35)/100%) -> 0.25407725 | N53: =SUM(C53:M53) -> 0.91076324
B54: Gel | C54: - | D54: - | E54: =IF(E18>=100%,E36,(E18*E36)/100%) -> 0.05 | F54: =IF(F18>=100%,F36,(F18*F36)/100%) -> 0.029873269 | G54: =IF(G18>=100%,G36,(G18*G36)/100%) -> 0.040120151 | H54: =IF(H18>=100%,H36,(H18*H36)/100%) -> 0.0375 | I54: - | J54: =IF(J18>=100%,J36,(J18*J36)/100%) -> 0.1 | K54: =IF(K18>=100%,K36,(K18*K36)/100%) -> 0.25 | L54: =IF(L18>=100%,L36,(L18*L36)/100%) -> 0.1 | M54: =IF(M18>=100%,M36,(M18*M36)/100%) -> 0.27575758 | N54: =SUM(C54:M54) -> 0.883251
B59: Market | C59: FY24 | D59: FYTD AUG | E59: Weigth
B60: COL | C60: 0.98980082 | D60: =VLOOKUP(B60,$B$39:$N$54,$N$38,FALSE) -> 0.99764304 | E60: =VLOOKUP(B60,'OR AUG'!$B$2:$D$37,'OR AUG'!$D$1,FALSE) -> 0.27055151
B61: CST | C61: 1 | D61: =VLOOKUP(B61,$B$39:$N$54,$N$38,FALSE) -> 0.9875 | E61: =VLOOKUP(B61,'OR AUG'!$B$2:$D$37,'OR AUG'!$D$1,FALSE) -> 0.13185384
B62: ECA | C62: 0.96686117 | D62: =VLOOKUP(B62,$B$39:$N$54,$N$38,FALSE) -> 0.99077204 | E62: =VLOOKUP(B62,'OR AUG'!$B$2:$D$37,'OR AUG'!$D$1,FALSE) -> 0.037220844
B63: PNM | C63: 0.91 | D63: =VLOOKUP(B63,$B$39:$N$54,$N$38,FALSE) -> 0.925484 | E63: =VLOOKUP(B63,'OR AUG'!$B$2:$D$37,'OR AUG'!$D$1,FALSE) -> 0.047706716
B64: URU | C64: 0.9311047 | D64: =VLOOKUP(B64,$B$39:$N$54,$N$38,FALSE) -> 0.97144949 | E64: =VLOOKUP(B64,'OR AUG'!$B$2:$D$37,'OR AUG'!$D$1,FALSE) -> 0.037180821
B65: ELS | C65: 0.97207403 | D65: =VLOOKUP(B65,$B$39:$N$54,$N$38,FALSE) -> 0.94976041 | E65: =VLOOKUP(B65,'OR AUG'!$B$2:$D$37,'OR AUG'!$D$1,FALSE) -> 0.044685024
B66: HND | C66: 0.97973452 | D66: =VLOOKUP(B66,$B$39:$N$54,$N$38,FALSE) -> 0.95652747 | E66: =VLOOKUP(B66,'OR AUG'!$B$2:$D$37,'OR AUG'!$D$1,FALSE) -> 0.050408229
B67: NIC | C67: 0.93991572 | D67: =VLOOKUP(B67,$B$39:$N$54,$N$38,FALSE) -> 0.95006924 | E67: =VLOOKUP(B67,'OR AUG'!$B$2:$D$37,'OR AUG'!$D$1,FALSE) -> 0.023533179
B68: DOM | C68: 0.94524218 | D68: =VLOOKUP(B68,$B$39:$N$54,$N$38,FALSE) -> 0.95943322 | E68: =VLOOKUP(B68,'OR AUG'!$B$2:$D$37,'OR AUG'!$D$1,FALSE) -> 0.042563836
B69: GUT | C69: 0.915 | D69: =VLOOKUP(B69,$B$39:$N$54,$N$38,FALSE) -> 0.95438831 | E69: =VLOOKUP(B69,'OR AUG'!$B$2:$D$37,'OR AUG'!$D$1,FALSE) -> 0.048407108
B70: PRG | C70: 0.99989691 | D70: =VLOOKUP(B70,$B$39:$N$54,$N$38,FALSE) -> 0.87759047 | E70: =VLOOKUP(B70,'OR AUG'!$B$2:$D$37,'OR AUG'!$D$1,FALSE) -> 0.049287601
B71: BOL | C71: 0.9 | D71: =VLOOKUP(B71,$B$39:$N$54,$N$38,FALSE) -> 0.93042741 | E71: =VLOOKUP(B71,'OR AUG'!$B$2:$D$37,'OR AUG'!$D$1,FALSE) -> 0.021512047
... B73: Gel | C73: 0.48232272 | D73: =VLOOKUP(B73,$B$39:$N$54,$N$38,FALSE) -> 0.883251 | E73: =VLOOKUP(B73,'OR AUG'!$B$2:$D$37,'OR AUG'!$D$1,FALSE) -> 0.012647082

Sheet OR SEP
C2: Target CSI | D2: CSI | E2: %Achie. | F2: Target SSI | G2: SSI | H2: %Achie. | J2: 1 | K2: 2 | L2: 3 | M2: 4 | N2: 5 | O2: 6 | P2: 7 | W2: Service Campaign | AB2: Lead Management | AG2: Training | AK2: Retail Sales
B3: COL | C3: 0.78 | D3: 0.788 | E3: =D3/C3 -> 1.0102564 | F3: 0.92 | G3: 0.956 | H3: =G3/F3 -> 1.0391304 | J3: NSC | K3: Target Sell-In | L3: Real Sell-In | M3: Sell In | N3: Target Retention | O3: Real Retention | P3: Retention | Q3: Total Repair Orders | R3: UIO | S3: Total Repair Orders | T3: UIO | W3: 1 | X3: 2 | Y3: 3 | Z3: 4 | AB3: 1 | AC3: 2 | AG3: 1 | AH3: 2 | AK3: 1 | AL3: 2
B4: CST | C4: 0.92 | D4: 0.955 | E4: =D4/C4 -> 1.0380435 | F4: 0.92 | G4: 0.934 | H4: =G4/F4 -> 1.0152174 | W4: NSC | X4: Target | Y4: SEP | Z4: %Achie. | AB4: Importer | AC4: Lead | AG4: Market | AH4: %Ach. TR | AK4: Importer | AL4: %Achiev.
B5: ECA | C5: 0.85 | D5: 0.873 | E5: =D5/C5 -> 1.0270588 | F5: 0.94 | G5: 0.974 | H5: =G5/F5 -> 1.0361702 | J5: COL | K5: 8979203 | L5: 8869275 | M5: =L5/K5 -> 0.98775749 | N5: 1 | O5: 1.04 | P5: =O5/N5 -> 1.04 | Q5: 72344 | R5: 72403 | S5: 75607 | T5: 72403 | W5: ECA | X5: 0.37359413 | Y5: 0.65721271 | Z5: =Y5/X5 -> 1.7591623 | AB5: BOL | AC5: 1 | AG5: COL | AH5: 0.95243016 | AK5: COL | AL5: 1.1050603
B6: PNM | C6: 0.86 | D6: 0.879 | E6: =D6/C6 -> 1.022093 | F6: 0.9 | G6: 0.98 | H6: =G6/F6 -> 1.0888889 | J6: BOL | K6: 1045143 | L6: 758681 | M6: =L6/K6 -> 0.72591119 | N6: 0.86 | O6: 0.81 | P6: =O6/N6 -> 0.94186047 | Q6: 8334 | R6: 9735 | S6: 7838 | T6: 9735 | W6: CST | X6: 0.40206933 | Y6: 0.54276115 | Z6: =Y6/X6 -> 1.3499193 | AB6: URU | AC6: 1 | AG6: PLT | AH6: 0 | AK6: CST | AL6: 1.0218516
B7: PLT | C7: 0.82 | D7: 0.842 | E7: =D7/C7 -> 1.0268293 | F7: 0.91 | G7: 0.92 | H7: =G7/F7 -> 1.010989 | J7: ECA | K7: 2029052 | L7: 1964033 | M7: =L7/K7 -> 0.96795597 | N7: 1.03 | O7: 1.04 | P7: =O7/N7 -> 1.0097087 | Q7: 14389 | R7: 13909 | S7: 14404 | T7: 13909 | W7: URU | X7: 0.38670935 | Y7: 0.41010657 | Z7: =Y7/X7 -> 1.0605034 | AB7: PRG | AC7: 0.4 | AG7: CST | AH7: 1.1047092 | AK7: PLT | AL7: 0.84118372
B8: URU | C8: 0.94 | D8: 0.994 | E8: =D8/C8 -> 1.0574468 | F8: 0.95 | G8: 0.988 | H8: =G8/F8 -> 1.04 | J8: PRG | K8: 2074613 | L8: 1776487 | M8: =L8/K8 -> 0.85629802 | N8: 1.27 | O8: 1.56 | P8: =O8/N8 -> 1.2283465 | Q8: 9186 | R8: 7230 | S8: 11263 | T8: 7230 | W8: COL | X8: 0.55988951 | Y8: 0.61320413 | Z8: =Y8/X8 -> 1.0952235 | AB8: ECA | AC8: 1 | AG8: ECA | AH8: 1.0382114 | AK8: HND | AL8: 0.96417445
B9: BOL | C9: 0.85 | D9: 0.896 | E9: =D9/C9 -> 1.0541176 | F9: 0.87 | G9: 0.928 | H9: =G9/F9 -> 1.0666667 | J9: URU | K9: 1354889 | L9: 1422188 | M9: =L9/K9 -> 1.0496712 | N9: 0.85 | O9: 0.85 | P9: =O9/N9 -> 1 | Q9: 9866 | R9: 11616 | S9: 9816 | T9: 11616 | W9: PLT | X9: 0.39918109 | Y9: 0.42694023 | Z9: =Y9/X9 -> 1.0695402 | AB9: COL | AC9: 1 | AG9: PNM | AH9: 1.0886913 | AK9: ELS | AL9: 0.88020833
B10: ELS | C10: 0.7 | D10: 0.746 | E10: =D10/C10 -> 1.0657143 | F10: 0.83 | G10: 0.944 | H10: =G10/F10 -> 1.1373494 | J10: ANT | N10: 1.03 | O10: 1.32 | P10: =O10/N10 -> 1.2815534 | Q10: 527 | R10: 514 | S10: 677 | T10: 514 | W10: PNM | X10: 0.54300736 | Y10: 0.7150368 | Z10: =Y10/X10 -> 1.3168087 | AB10: CST | AC10: 1 | AG10: URU | AH10: 0.99951653 | AK10: GUT | AL10: 0.90275229
B11: GUT | C11: 0.75 | D11: 0.76 | E11: =D11/C11 -> 1.0133333 | F11: 0.83 | G11: 0.882 | H11: =G11/F11 -> 1.0626506 | J11: BAR | L11: 831 | M11: =L11/K11 -> #DIV/0! | N11: 2.13 | O11: 1.32 | P11: =O11/N11 -> 0.61971831 | Q11: 1544 | R11: 726 | S11: 959 | T11: 726 | W11: BOL | X11: 0.57692901 | Y11: 0.5308642 | Z11: =Y11/X11 -> 0.92015514 | AB11: DOM | AC11: 1 | AG11: ELS | AH11: 1.0679722 | AK11: PNM | AL11: 0.86082949
B12: HND | C12: 0.7 | D12: 0.658 | E12: =D12/C12 -> 0.94 | F12: 0.83 | G12: 0.995 | H12: =G12/F12 -> 1.1987952 | J12: BEM | N12: 1.19 | O12: - | Q12: 85 | R12: 71 | T12: 71 | W12: PRG | X12: 0.61378299 | Y12: 0.68768328 | Z12: =Y12/X12 -> 1.1204013 | AB12: PNM | AC12: 1 | AG12: HND | AH12: 1.0959734 | AK12: PRG | AL12: 0.85110471
B13: NIC | C13: 0.7 | D13: 0.576 | E13: =D13/C13 -> 0.82285714 | F13: 0.83 | G13: 0.903 | H13: =G13/F13 -> 1.0879518 | J13: BHM | N13: 1.03 | O13: 0.26 | P13: =O13/N13 -> 0.25242718 | Q13: 522 | R13: 508 | S13: 134 | T13: 508 | W13: NIC | X13: 0.59084158 | Y13: 0.50990099 | Z13: =Y13/X13 -> 0.86300796 | AB13: GUT | AC13: 1 | AG13: NIC | AH13: 0.95610747 | AK13: DOM | AL13: 0.8497053
B14: PRG | C14: 0.84 | D14: 0.908 | E14: =D14/C14 -> 1.0809524 | F14: 0.9 | G14: 0.953 | H14: =G14/F14 -> 1.0588889 | J14: DMT | N14: 1.03 | O14: - | Q14: 227 | R14: 220 | T14: 220 | W14: ELS | X14: 0.5134058 | Y14: 0.53623188 | Z14: =Y14/X14 -> 1.0444601 | AB14: PLT | AC14: 1 | AG14: DOM | AH14: 1.1111111 | AK14: ECA | AL14: 1.0222513
B15: DOM | C15: 0.7 | D15: 0.761 | E15: =D15/C15 -> 1.0871429 | F15: 0.88 | G15: 0.956 | H15: =G15/F15 -> 1.0863636 | J15: GRN | N15: 1.02 | O15: 2.4 | P15: =O15/N15 -> 2.3529412 | Q15: 234 | R15: 228 | S15: 549 | T15: 228 | W15: GUT | X15: 0.45523529 | Y15: 0.46352941 | Z15: =Y15/X15 -> 1.0182194 | AB15: NIC | AC15: 1 | AG15: GUT | AH15: 0.96594982 | AK15: URU | AL15: 0.74317492
B16: TRD | C16: 0.7 | D16: 0.536 | E16: =D16/C16 -> 0.76571429 | F16: 0.88 | G16: 0.926 | H16: =G16/F16 -> 1.0522727 | J16: GUI | N16: 1.03 | O16: 0.19 | P16: =O16/N16 -> 0.18446602 | Q16: 454 | R16: 440 | S16: 83 | T16: 440 | W16: DOM | X16: 0.66651012 | Y16: 0.71242775 | Z16: =Y16/X16 -> 1.0688926 | AB16: ELS | AC16: 1 | AG16: PRG | AH16: 0.98309179 | AK16: Massy | AL16: 0.79114642
J17: JAM | K17: 40000 | L17: 2260 | M17: =L17/K17 -> 0.0565 | N17: 2.12 | O17: 2.05 | P17: =O17/N17 -> 0.96698113 | Q17: 2847 | R17: 1340 | S17: 2745 | T17: 1340 | W17: HND | X17: 0.4919214 | Y17: 0.46069869 | Z17: =Y17/X17 -> 0.93652907 | AB17: HND | AC17: 1 | AG17: BOL | AH17: 1.0687884 | AK17: NIC | AL17: 0.90752351
J18: SRI | N18: 1.03 | O18: - | Q18: 362 | R18: 353 | T18: 353 | W18: TRD | X18: 0.30026525 | Y18: 0.29708223 | Z18: =Y18/X18 -> 0.98939929 | AB18: GEL | AC18: 0.8 | AG18: MASSY | AH18: 0.8869557 | AK18: BOL | AL18: 0.9801444
B19: Grafica de Satisfacción | J19: STK | N19: - | O19: 0.72 | R19: 184 | S19: 132 | T19: 184 | W19: Massy | Z19: =Y24+Y25 -> 0.75887762 | AB19: MASSY | AC19: 1 | AG19: GEL | AH19: 0.58751205 | AK19: Gel | AL19: 0.81005587
J20: STL | L20: 30934 | M20: =L20/K20 -> #DIV/0! | N20: 2.13 | O20: 2.27 | P20: =O20/N20 -> 1.0657277 | Q20: 598 | R20: 281 | S20: 637 | T20: 281 | W20: GEL | X20: 0.44284794 | Y20: 0.32989691 | Z20: =Y20/X20 -> 0.74494398 | AG20: HIT | AH20: 0.001977066
B21: 1 | C21: 2 | D21: 3 | J21: STV | N21: 2.11 | O21: - | Q21: 232 | R21: 110 | T21: 110 | W21: R9 | X21: 0.29642857 | Y21: 0.007518797 | Z21: =Y21/X21 -> 0.025364616 | AG21: ALB | AH21: 0.96546547
B22: Market | C22: CSI | D22: SSI | E22: Weigth | J22: TRD | K22: 151858 | L22: 155745 | M22: =L22/K22 -> 1.0255963 | N22: 1.03 | O22: 0.88 | P22: =O22/N22 -> 0.85436893 | Q22: 6474 | R22: 6288 | S22: 5519 | T22: 6288 | AG22: BLZ | AH22: 0.29751063
B23: COL | C23: 1.0102564 | D23: 1.0391304 | E23: =VLOOKUP(B23,$B$42:$D$74,$D$41,FALSE) -> 0.2753013 | J23: PNM | K23: 1997355 | L23: 1906159 | M23: =L23/K23 -> 0.95434162 | N23: 0.77 | O23: 0.76 | P23: =O23/N23 -> 0.98701299 | Q23: 15931 | R23: 20768 | S23: 15850 | T23: 20768 | AG23: CUR | AH23: 1.1111111
B24: CST | C24: 1.0380435 | D24: 1.0152174 | E24: =VLOOKUP(B24,$B$42:$D$74,$D$41,FALSE) -> 0.13033762 | J24: GUT | K24: 1234890 | L24: 1485363 | M24: =L24/K24 -> 1.2028302 | N24: 1.39 | O24: 1.37 | P24: =O24/N24 -> 0.98561151 | Q24: 10943 | R24: 7861 | S24: 10770 | T24: 7861 | X24: R9 | Y24: =Z21*35%/100% -> 0.0088776157
B25: ECA | C25: 1.0270588 | D25: 1.0361702 | E25: =VLOOKUP(B25,$B$42:$D$74,$D$41,FALSE) -> 0.037113896 | J25: ELS | K25: 1169093 | L25: 1282059 | M25: =L25/K25 -> 1.096627 | N25: 1 | O25: 0.94 | P25: =O25/N25 -> 0.94 | Q25: 8085 | R25: 8087 | S25: 7601 | T25: 8087 | X25: TRD | Y25: 0.75
B26: PNM | C26: 1.022093 | D26: 1.0888889 | E26: =VLOOKUP(B26,$B$42:$D$74,$D$41,FALSE) -> 0.046113018 | J26: HND | K26: 1308151 | L26: 1459589 | M26: =L26/K26 -> 1.1157649 | N26: 1.18 | O26: 1.19 | P26: =O26/N26 -> 1.0084746 | Q26: 10511 | R26: 8901 | S26: 10602 | T26: 8901
B27: PLT | C27: 1.0268293 | D27: 1.010989 | E27: =VLOOKUP(B27,$B$42:$D$74,$D$41,FALSE) -> 0.12920026 | J27: NIC | K27: 455871 | L27: 529226 | M27: =L27/K27 -> 1.1609117 | N27: 0.92 | O27: 1.08 | P27: =O27/N27 -> 1.173913 | Q27: 3344 | R27: 3620 | S27: 3926 | T27: 3620
B28: URU | C28: 1.0574468 | D28: 1.04 | E28: =VLOOKUP(B28,$B$42:$D$74,$D$41,FALSE) -> 0.037073988 | J28: ALB | K28: 150878 | L28: 139885 | M28: =L28/K28 -> 0.92713981 | N28: - | O28: - | Q28: - | R28: 952 | T28: 952
B29: BOL | C29: 1.0541176 | D29: 1.0666667 | E29: =VLOOKUP(B29,$B$42:$D$74,$D$41,FALSE) -> 0.021450235 | J29: BLZ | K29: 51542 | L29: 42961 | M29: =L29/K29 -> 0.83351442 | N29: - | O29: - | Q29: - | R29: 228 | T29: 228
B30: ELS | C30: 1.0657143 | D30: 1.1373494 | E30: =VLOOKUP(B30,$B$42:$D$74,$D$41,FALSE) -> 0.045574268 | J30: CUR | K30: 144691 | L30: 169246 | M30: =L30/K30 -> 1.1697065 | N30: - | O30: - | Q30: - | R30: 1120 | T30: 1120
B31: GUT | C31: 1.0133333 | D31: 1.0626506 | E31: =VLOOKUP(B31,$B$42:$D$74,$D$41,FALSE) -> 0.048268018 | J31: DOM | K31: 1689939 | L31: 1633082 | M31: =L31/K31 -> 0.96635559 | N31: 1.47 | O31: 1.44 | P31: =O31/N31 -> 0.97959184 | Q31: 13610 | R31: 9240 | S31: 13272 | T31: 9240
B32: HND | C32: 0.94 | D32: 1.1987952 | E32: =VLOOKUP(B32,$B$42:$D$74,$D$41,FALSE) -> 0.048866629 | J32: HIT | K32: 221350 | L32: 224881 | M32: =L32/K32 -> 1.0159521 | N32: 0.51 | O32: - | Q32: 784 | R32: 1544 | T32: 1544
B33: NIC | C33: 0.82285714 | D33: 1.0879518 | E33: =VLOOKUP(B33,$B$42:$D$74,$D$41,FALSE) -> 0.024263708 | J33: PLT | K33: 1514157 | L33: 1149097 | M33: =L33/K33 -> 0.75890215 | N33: 0.86 | O33: 0.86 | P33: =O33/N33 -> 1 | Q33: 35498 | R33: 41488 | S33: 35685 | T33: 41488
B34: PRG | C34: 1.0809524 | D34: 1.0588889 | E34: =VLOOKUP(B34,$B$42:$D$74,$D$41,FALSE) -> 0.04784899 | J34: CST | K34: 3209419 | L34: 3561321 | M34: =L34/K34 -> 1.1096466 | N34: 1.32 | O34: 1.33 | P34: =O34/N34 -> 1.0075758 | Q34: 28208 | R34: 21440 | S34: 28555 | T34: 21440
B35: DOM | C35: 1.0871429 | D35: 1.0863636 | E35: =VLOOKUP(B35,$B$42:$D$74,$D$41,FALSE) -> 0.042441536 | J35: Massy | K35: =K10+K12+K13+K14+K15+K18+K19+K22+K16 -> 151858 | L35: =L10+L12+L13+L14+L15+L18+L19+L22+L16 -> 155745 | M35: =L35/K35 -> 1.0255963 | N35: =Q35/R35 -> 1.0089712 | O35: =S35/T35 -> 0.8055871 | P35: =O35/N35 -> 0.79842431 | Q35: =Q10+Q12+Q13+Q14+Q15+Q18+Q19+Q22+Q16 -> 8885 | R35: =R10+R12+R13+R14+R15+R18+R19+R22+R16 -> 8806 | S35: =S10+S12+S13+S14+S15+S18+S19+S22+S16 -> 7094 | T35: =T10+T12+T13+T14+T15+T18+T19+T22+T16 -> 8806
B36: TRD | C36: 0.76571429 | D36: 1.0522727 | E36: =VLOOKUP(B36,$B$42:$D$74,$D$41,FALSE) -> 0.019933754 | J36: Gel | K36: =K11+K20+K21+K17 -> 40000 | L36: =L11+L20+L21+L17 -> 34025 | M36: =L36/K36 -> 0.850625 | N36: =Q36/R36 -> 2.1249491 | O36: =S36/T36 -> 1.7667888 | P36: =O36/N36 -> 0.83144991 | Q36: =Q11+Q20+Q21+Q17 -> 5221 | R36: =R11+R20+R21+R17 -> 2457 | S36: =S11+S20+S21+S17 -> 4341 | T36: =T11+T20+T21+T17 -> 2457
B40: Retail Sales | C40: real + fc | J40: Grafica de Posventa
B41: 1 | C41: 2 | D41: 3 | J41: 1 | K41: 2 | L41: 3
B42: DESTINATION | C42: 6+6 | D42: Weigth | J42: NSC | K42: Sell In | L42: Retention | M42: Weigth
B43: MON | C43: 1 | D43: 1.9953707e-05 | J43: COL | K43: =VLOOKUP(J43,$J$3:$P$36,$M$2,FALSE) -> 0.98775749 | L43: =VLOOKUP(J43,$J$3:$P$36,$P$2,FALSE) -> 1.04 | M43: =VLOOKUP(J43,$B$42:$D$76,$D$41,FALSE) -> 0.2753013
B44: ALB | C44: 245 | D44: 0.0048886583 | F44: =D44+D49+D53+D61 -> 0.013408891 | J44: PLT | K44: =VLOOKUP(J44,$J$3:$P$36,$M$2,FALSE) -> 0.75890215 | L44: =VLOOKUP(J44,$J$3:$P$36,$P$2,FALSE) -> 1 | M44: =VLOOKUP(J44,$B$42:$D$76,$D$41,FALSE) -> 0.12920026
B45: ANT | C45: 135 | D45: 0.0026937505 | J45: CST | K45: =VLOOKUP(J45,$J$3:$P$36,$M$2,FALSE) -> 1.1096466 | L45: =VLOOKUP(J45,$J$3:$P$36,$P$2,FALSE) -> 1.0075758 | M45: =VLOOKUP(J45,$B$42:$D$76,$D$41,FALSE) -> 0.13033762
B46: BAR | C46: 200 | D46: 0.0039907415 | J46: ECA | K46: =VLOOKUP(J46,$J$3:$P$36,$M$2,FALSE) -> 0.96795597 | L46: =VLOOKUP(J46,$J$3:$P$36,$P$2,FALSE) -> 1.0097087 | M46: =VLOOKUP(J46,$B$42:$D$76,$D$41,FALSE) -> 0.037113896
B47: BEM | C47: 14 | D47: 0.0002793519 | J47: PNM | K47: =VLOOKUP(J47,$J$3:$P$36,$M$2,FALSE) -> 0.95434162 | L47: =VLOOKUP(J47,$J$3:$P$36,$P$2,FALSE) -> 0.98701299 | M47: =VLOOKUP(J47,$B$42:$D$76,$D$41,FALSE) -> 0.046113018
B48: BHM | C48: 91 | D48: 0.0018157874 | J48: URU | K48: =VLOOKUP(J48,$J$3:$P$36,$M$2,FALSE) -> 1.0496712 | L48: =VLOOKUP(J48,$J$3:$P$36,$P$2,FALSE) -> 1 | M48: =VLOOKUP(J48,$B$42:$D$76,$D$41,FALSE) -> 0.037073988
B49: BLZ | C49: 56 | D49: 0.0011174076 | J49: ELS | K49: =VLOOKUP(J49,$J$3:$P$36,$M$2,FALSE) -> 1.096627 | L49: =VLOOKUP(J49,$J$3:$P$36,$P$2,FALSE) -> 0.94 | M49: =VLOOKUP(J49,$B$42:$D$76,$D$41,FALSE) -> 0.045574268
B50: BOL | C50: 1075 | D50: 0.021450235 | J50: HND | K50: =VLOOKUP(J50,$J$3:$P$36,$M$2,FALSE) -> 1.1157649 | L50: =VLOOKUP(J50,$J$3:$P$36,$P$2,FALSE) -> 1.0084746 | M50: =VLOOKUP(J50,$B$42:$D$76,$D$41,FALSE) -> 0.048866629
B51: COL | C51: 13797 | D51: 0.2753013 | J51: NIC | K51: =VLOOKUP(J51,$J$3:$P$36,$M$2,FALSE) -> 1.1609117 | L51: =VLOOKUP(J51,$J$3:$P$36,$P$2,FALSE) -> 1.173913 | M51: =VLOOKUP(J51,$B$42:$D$76,$D$41,FALSE) -> 0.024263708
B52: CST | C52: 6532 | D52: 0.13033762 | J52: DOM | K52: =VLOOKUP(J52,$J$3:$P$36,$M$2,FALSE) -> 0.96635559 | L52: =VLOOKUP(J52,$J$3:$P$36,$P$2,FALSE) -> 0.97959184 | M52: =VLOOKUP(J52,$B$42:$D$76,$D$41,FALSE) -> 0.042441536
B53: CUR | C53: 271 | D53: 0.0054074547 | J53: GUT | K53: =VLOOKUP(J53,$J$3:$P$36,$M$2,FALSE) -> 1.2028302 | L53: =VLOOKUP(J53,$J$3:$P$36,$P$2,FALSE) -> 0.98561151 | M53: =VLOOKUP(J53,$B$42:$D$76,$D$41,FALSE) -> 0.048268018
B54: DMT | C54: 56 | D54: 0.0011174076 | J54: PRG | K54: =VLOOKUP(J54,$J$3:$P$36,$M$2,FALSE) -> 0.85629802 | L54: =VLOOKUP(J54,$J$3:$P$36,$P$2,FALSE) -> 1.2283465 | M54: =VLOOKUP(J54,$B$42:$D$76,$D$41,FALSE) -> 0.04784899
B55: DOM | C55: 2127 | D55: 0.042441536 | J55: BOL | K55: =VLOOKUP(J55,$J$3:$P$36,$M$2,FALSE) -> 0.72591119 | L55: =VLOOKUP(J55,$J$3:$P$36,$P$2,FALSE) -> 0.94186047 | M55: =VLOOKUP(J55,$B$42:$D$76,$D$41,FALSE) -> 0.021450235
B56: ECA | C56: 1860 | D56: 0.037113896 | J56: MASSY | K56: =VLOOKUP(J56,$J$3:$P$36,$M$2,FALSE) -> 1.0255963 | L56: =VLOOKUP(J56,$J$3:$P$36,$P$2,FALSE) -> 0.79842431 | M56: =VLOOKUP(J56,$B$42:$D$76,$D$41,FALSE) -> 0.029890654
B57: ELS | C57: 2284 | D57: 0.045574268 | J57: GEL | K57: =VLOOKUP(J57,$J$3:$P$36,$M$2,FALSE) -> 0.850625 | L57: =VLOOKUP(J57,$J$3:$P$36,$P$2,FALSE) -> 0.83144991 | M57: =VLOOKUP(J57,$B$42:$D$76,$D$41,FALSE) -> 0.012471067
B58: GRN | C58: 56 | D58: 0.0011174076
B59: GUI | C59: 53 | D59: 0.0010575465
B60: GUT | C60: 2419 | D60: 0.048268018
B61: HIT | C61: 100 | D61: 0.0019953707
B62: HND | C62: 2449 | D62: 0.048866629
B63: JAM | C63: 293 | D63: 0.0058464363
B64: NIC | C64: 1216 | D64: 0.024263708
B65: PLT | C65: 6475 | D65: 0.12920026
B66: PNM | C66: 2311 | D66: 0.046113018
B67: PRG | C67: 2398 | D67: 0.04784899
B68: SRI | C68: 56 | D68: 0.0011174076
B69: STK | C69: 37 | D69: 0.00073828717
... B74: URU | C74: 1858 | D74: 0.037073988
B75: Massy | C75: =C43+C45+C47+C48+C54+C58+C59+C68+C69+C73 -> 1498 | D75: =C75/C78 -> 0.029890654
B76: GEL | C76: =C72+C70+C63+C46 -> 625 | D76: =C76/C78 -> 0.012471067
B78: TOTAL | C78: =SUM(C43:C74) -> 50116

Sheet Sheet1
D3: 1 | E3: 2 | F3: 3 | G3: 4 | H3: 5 | I3: 6 | J3: 7 | K3: 8 | L3: 9 | M3: 10 | N3: 11 | O3: 12 | P3: 13 | Q3: 14 | R3: 15 | S3: 16 | T3: 17 | U3: 18 | V3: 19 | W3: 20 | X3: 21 | Y3: 22 | Z3: 23
D4: Market | E4: CSI | F4: SSI | G4: NRC | H4: Training | I4: Ser. Campaign | J4: Lead Mng. | K4: Share of Inv. | L4: Game Plan | M4: Sell In | N4: Retention | O4: Retail Sales | P4: Achievement | Q4: Target CSI | R4: Target SSI | S4: Target Sell-In | T4: Target Retention | U4: Real-Retention | V4: Target Sell-In2 | W4: Real Sell-In | X4: NSC-Target | Y4: NSC-Sep | Z4: NRC-Imp | AC4: NSC | AD4: SEP | AF4: Market | AH4: PAÍS | AI4: % AVANCE
D5: BOL | E5: 0.899 | F5: 0.94 | G5: 0.65 | H5: 1.0789459 | I5: 0.9359213 | J5: 0.86 | K5: - | L5: 1 | M5: 0.7027635 | N5: 0.94186047 | O5: 0.97691373 | P5: 0.90074972 | Q5: 0.85 | R5: 0.87 | S5: 1598700 | T5: 0.86 | U5: 0.81 | V5: 1598700 | W5: 1123508 | AC5: BOL | AD5: 0.5308642 | AF5: BOL | AH5: BOL | AI5: 0.5
D6: COL | E6: 0.787 | F6: 0.958 | G6: 0.69 | H6: 0.94791174 | I6: 1.041012 | J6: 1 | K6: 1 | L6: 1 | M6: 1.0262017 | N6: 1.049505 | O6: 1.114353 | P6: 0.98241647 | Q6: 0.78 | R6: 0.92 | S6: 15392157 | T6: 1.01 | U6: 1.06 | V6: 15392157 | W6: 15795457 | AC6: COL | AD6: 0.61320413 | AF6: COL | AH6: COL | AI6: 0.3
D7: CST | E7: 0.949 | F7: 0.938 | G7: 0.75 | H7: 1.1111111 | I7: 1.4352075 | J7: 1 | K7: 1 | L7: 1 | M7: 1.122706 | N7: 1.0227273 | O7: 0.95074906 | P7: 0.97272472 | Q7: 0.92 | R7: 0.92 | S7: 4624362 | T7: 1.32 | U7: 1.35 | V7: 4624362 | W7: 5191799 | AC7: CST | AD7: 0.54276115 | AF7: CST | AH7: CST | AI7: 0.7
D8: DOM | E8: 0.763 | F8: 0.96 | G8: 0.85 | H8: 1.1111111 | I8: 1.0955538 | J8: 1 | K8: 1 | L8: 1 | M8: 0.8745356 | N8: 0.94557823 | O8: 0.72788354 | P8: 0.88033 | Q8: 0.7 | R8: 0.88 | S8: 2500000 | T8: 1.47 | U8: 1.39 | V8: 2500000 | W8: 2186339 | AC8: DOM | AD8: 0.71242775 | AF8: DOM | AH8: DOM | AI8: 0.7
D9: ECA | E9: 0.875 | F9: 0.953 | G9: 1 | H9: 0.99061214 | I9: 1.5066173 | J9: 1 | K9: 1 | L9: 1 | M9: 0.93674834 | N9: 1.0097087 | O9: 1.0269627 | P9: 0.98697415 | Q9: 0.85 | R9: 0.94 | S9: 3284657 | T9: 1.03 | U9: 1.04 | V9: 3284657 | W9: 3076897 | AC9: ECA | AD9: 0.65721271 | AF9: ECA | AH9: ECA | AI9: 0.95
D10: ELS | E10: 0.77 | F10: 0.934 | G10: 0.4 | H10: 1.060882 | I10: 0.98093119 | J10: 0.86 | K10: 1 | L10: 1 | M10: 1.0093165 | N10: 0.94117647 | O10: 0.86411536 | P10: 0.9155895 | Q10: 0.7 | R10: 0.83 | S10: 1869902 | T10: 1.02 | U10: 0.96 | V10: 1869902 | W10: 1887323 | AC10: ELS | AD10: 0.53623188 | AF10: ELS | AH10: ELS | AI10: 0.2
D11: GEL | E11: 0 | F11: 0 | G11: 1 | H11: 0.60128185 | I11: 0.70902449 | J11: 0.86 | K11: - | L11: 1 | M11: 0.79874286 | N11: 0.83491279 | O11: 0.77272727 | P11: 0.81214686 | Q11: - | R11: 0 | S11: 70000 | T11: 1.97 | U11: 1.6487659 | V11: 70000 | W11: 55912 | AC11: GEL | AD11: 0.32989691 | AF11: GEL | AH11: GUT | AI11: 0.3
D12: GUT | E12: 0.741 | F12: 0.88 | G12: 0.6 | H12: 1.0808081 | I12: 1.0132714 | J12: 1 | K12: - | L12: 1 | M12: 1.2336759 | N12: 0.98561151 | O12: 0.89495549 | P12: 0.9463278 | Q12: 0.75 | R12: 0.83 | S12: 1741134 | T12: 1.39 | U12: 1.37 | V12: 1741134 | W12: 2147995 | AC12: GUT | AD12: 0.46352941 | AF12: GUT | AH12: HND | AI12: 0.2
D13: HND | E13: 0.674 | F13: 0.992 | G13: 0.4 | H13: 1.039874 | I13: 0.94506793 | J13: 0.86 | K13: 1 | L13: 1 | M13: 1.0948173 | N13: 1.017094 | O13: 0.97803882 | P13: 0.95198579 | Q13: 0.7 | R13: 0.83 | S13: 1902532 | T13: 1.17 | U13: 1.19 | V13: 1902532 | W13: 2082925 | AC13: HND | AD13: 0.46069869 | AF13: HND | AH13: JAM | AI13: 0.95
D14: MASSY | E14: 0.561 | F14: 0.927 | G14: 0.9 | H14: 0.8869557 | I14: 0.59155488 | J14: 1 | K14: - | L14: 1 | M14: 0.53229231 | N14: 0.5339857 | O14: 0.77735849 | P14: 0.75529072 | Q14: 0.7 | R14: 0.88 | S14: 520000 | T14: 1.01 | U14: 0.53709873 | V14: 520000 | W14: 276792 | AC14: Massy | AF14: MASSY | AH14: NIC | AI14: 0.9
D15: NIC | E15: 0.612 | F15: 0.906 | G15: 0.95 | H15: 0.96845124 | I15: 0.84428809 | J15: 0.86 | K15: 1 | L15: 1 | M15: 0.97718068 | N15: 1.1758242 | O15: 0.87031408 | P15: 0.93199708 | Q15: 0.7 | R15: 0.83 | S15: 750373 | T15: 0.91 | U15: 1.07 | V15: 750373 | W15: 733250 | AC15: NIC | AD15: 0.50990099 | AF15: NIC | AH15: PNM | AI15: 0.8
D16: PLT | E16: 0.848 | F16: 0.924 | G16: - | H16: 1.0733333 | I16: 1.1168578 | J16: 1 | K16: 1 | L16: 1 | M16: 0.79364223 | N16: 1 | O16: 0.9342178 | P16: 0.93899379 | Q16: 0.82 | R16: 0.91 | S16: 2344157 | T16: 0.86 | U16: 0.86 | V16: 2344157 | W16: 1860422 | AC16: PLT | AD16: 0.42694023 | AF16: PLT | AH16: PRG | AI16: 0.7
D17: PNM | E17: 0.883 | F17: 0.972 | G17: 0.7 | H17: 1.0928713 | I17: 1.2731401 | J17: 1 | K17: 1 | L17: 1 | M17: 0.84243967 | N17: 1 | O17: 0.87522176 | P17: 0.91605446 | Q17: 0.86 | R17: 0.9 | S17: 3256524 | T17: 0.77 | U17: 0.77 | V17: 3256524 | W17: 2743425 | AC17: PNM | AD17: 0.7150368 | AF17: PNM | AH17: SRI | AI17: 0.8
D18: PRG | E18: 0.873 | F18: 0.938 | G18: 0.85 | H18: 0.98309179 | I18: 1.04578 | J18: 0.86 | K18: - | L18: 1 | M18: 0.78588553 | N18: 1.2362205 | O18: 0.84395473 | P18: 0.8951872 | Q18: 0.84 | R18: 0.9 | S18: 3645265 | T18: 1.27 | U18: 1.57 | V18: 3645265 | W18: 2864761 | AC18: PRG | AD18: 0.68768328 | AF18: PRG | AH18: TRD | AI18: 0.5
D19: URU | E19: 0.989 | F19: 0.991 | G19: 0 | H19: 0.98552128 | I19: 1.0308549 | J19: 1 | K19: 1 | L19: 1 | M19: 0.95996667 | N19: 1 | O19: 0.71533742 | P19: 0.85601541 | Q19: 0.94 | R19: 0.95 | S19: 2100000 | T19: 0.85 | U19: 0.85 | V19: 2100000 | W19: 2015930 | AC19: URU | AD19: 0.41010657 | AF19: URU | AH19: URU | AI19: 0.4
D22: 1 | E22: 2 | F22: 3 | G22: 4 | H22: 5 | I22: 6 | J22: 7 | K22: 8 | L22: 9 | M22: 10 | N22: 11 | O22: 12 | P22: 13 | Q22: 14
E23: CUSTOMER EXPERIENCE (25%) | J23: BRAND POWER (15%) | M23: SUSTAINABLE GROWTH (60%)
E24: 0.06 | F24: 0.06 | G24: 0.05 | H24: 0.04 | I24: 0.04 | J24: 0.05 | K24: 0.03 | L24: 0.07 | M24: 0.2 | N24: 0.1 | O24: 0.3
C26: Ranking | D26: Market | E26: CSI | F26: SSI | G26: NRC | H26: Training | I26: Ser. Campaign | J26: Lead Mng. | K26: Share of Inv. | L26: Game Plan | M26: Sell In | N26: Retention | O26: Retail Sales | P26: General Achievement | Q26: Ranking
C27: 1 | D27: CST | E27: 1.0380435 | F27: 1.0152174 | G27: 1 | H27: 1.1047092 | I27: 1.3499193 | J27: 1 | K27: 1 | L27: 1 | M27: 1.1096466 | N27: 1.0075758 | O27: 1.0218516 | P27: 1 | Q27: 1/15
C28: 2 | D28: COL | E28: 1.0102564 | F28: 1.0391304 | G28: 1 | H28: 0.95243016 | I28: 1.0952235 | J28: 1 | K28: 1 | L28: 1 | M28: 0.98775749 | N28: 1.04 | O28: 1.1050603 | P28: 0.9956487 | Q28: 2/15
C29: 3 | D29: ECA | E29: 1.0270588 | F29: 1.0361702 | G29: 1 | H29: 1.0382114 | I29: 1.7591623 | J29: 1 | K29: 1 | L29: 1 | M29: 0.96795597 | N29: 1.0097087 | O29: 1.0222513 | P29: 0.99359119 | Q29: 3/15
C30: 4 | D30: HND | E30: 0.94 | F30: 1.1987952 | G30: 1 | H30: 1.0959734 | I30: 0.93652907 | J30: 1 | K30: 1 | L30: 1 | M30: 1.1157649 | N30: 1.0084746 | O30: 0.96417445 | P30: 0.9831135 | Q30: 4/15
C31: 5 | D31: GUT | E31: 1.0133333 | F31: 1.0626506 | G31: 1 | H31: 0.96594982 | I31: 1.0182194 | J31: 1 | K31: NA | L31: 1 | M31: 1.2028302 | N31: 0.98561151 | O31: 0.90275229 | P31: 0.96802483 | Q31: 5/15
C32: 6 | D32: ELS | E32: 1.0657143 | F32: 1.1373494 | G32: 1 | H32: 1.0679722 | I32: 1.0444601 | J32: 1 | K32: 1 | L32: 1 | M32: 1.096627 | N32: 0.94 | O32: 0.88020833 | P32: 0.9580625 | Q32: 6/15
C33: 7 | D33: NIC | E33: 0.82285714 | F33: 1.0879518 | G33: 1 | H33: 0.95610747 | I33: 0.86300796 | J33: 1 | K33: 1 | L33: 1 | M33: 1.1609117 | N33: 1.173913 | O33: 0.90752351 | P33: 0.9543931 | Q33: 7/15
C34: 8 | D34: PNM | E34: 1.022093 | F34: 1.0888889 | G34: 1 | H34: 1.0886913 | I34: 1.3168087 | J34: 1 | K34: 1 | L34: 1 | M34: 0.95434162 | N34: 0.98701299 | O34: 0.86082949 | P34: 0.94781847 | Q34: 8/15
C35: 9 | D35: DOM | E35: 1.0871429 | F35: 1.0863636 | G35: 1 | H35: 1.1111111 | I35: 1.0688926 | J35: 1 | K35: 1 | L35: 1 | M35: 0.96635559 | N35: 0.97959184 | O35: 0.8497053 | P35: 0.94614189 | Q35: 9/15
C36: 10 | D36: BOL | E36: 1.0541176 | F36: 1.0666667 | G36: 1 | H36: 1.0687884 | I36: 0.92015514 | J36: 1 | K36: NA | L36: 1 | M36: 0.72591119 | N36: 0.94186047 | O36: 0.9801444 | P36: 0.93021781 | Q36: 10/15
C37: 11 | D37: URU | E37: 1.0574468 | F37: 1.04 | G37: 1 | H37: 0.99951653 | I37: 1.0605034 | J37: 1 | K37: NA | L37: 1 | M37: 1.0496712 | N37: 1 | O37: 0.74317492 | P37: 0.92293314 | Q37: 11/15
C38: 12 | D38: PRG | E38: 1.0809524 | F38: 1.0588889 | G38: 1 | H38: 0.98309179 | I38: 1.1204013 | J38: 0.4 | K38: NA | L38: 1 | M38: 0.85629802 | N38: 1.2283465 | O38: 0.85110471 | P38: 0.89591469 | Q38: 12/15
C39: 13 | D39: MASSY | E39: 0.76571429 | F39: 1.0522727 | G39: 1 | H39: 0.8869557 | I39: 0.75887762 | J39: 1 | K39: NA | L39: 1 | M39: 1.0255963 | N39: 0.79842431 | O39: 0.79114642 | P39: 0.88896255 | Q39: 13/15
C40: 14 | D40: GEL | E40: NA | F40: NA | G40: 1 | H40: 0.58751205 | I40: 0.74494398 | J40: 0.8 | K40: NA | L40: 1 | M40: 0.850625 | N40: 0.83144991 | O40: 0.81005587 | P40: 0.8359436 | Q40: 15/15
D42: <85% | G42: 0.99
E47: CUSTOMER EXPERIENCE (15%) | J47: BRAND POWER (15%) | M47: SUSTAINABLE GROWTH (70%) | P47: TOTAL
E48: NA | F48: NA | G48: 0.05 | H48: 0.05 | I48: 0.05 | J48: 0.05 | K48: NA | L48: 0.1 | M48: 0.25 | N48: 0.1 | O48: 0.35 | P48: =SUM(E48:O48) -> 1
C50: Ranking | D50: Market | E50: CSI | F50: SSI | G50: NRC | H50: Training | I50: Ser. Campaign | J50: Lead Mng. | K50: Share of Inv. | L50: Game Plan | M50: Sell In | N50: Retention | O50: Retail Sales | P50: Overall Compliance
C51: =VLOOKUP($D$51,$D$26:$Q$40,Q22,FALSE) -> 15/15 | D51: GEL | E51: =VLOOKUP($D$51,$D$26:$Q$40,E22,FALSE) -> NA | F51: =VLOOKUP($D$51,$D$26:$Q$40,F22,FALSE) -> NA | G51: =VLOOKUP($D$51,$D$26:$Q$40,G22,FALSE) -> 1 | H51: =VLOOKUP($D$51,$D$26:$Q$40,H22,FALSE) -> 0.58751205 | I51: =VLOOKUP($D$51,$D$26:$Q$40,I22,FALSE) -> 0.74494398 | J51: =VLOOKUP($D$51,$D$26:$Q$40,J22,FALSE) -> 0.8 | K51: =VLOOKUP($D$51,$D$26:$Q$40,K22,FALSE) -> NA | L51: =VLOOKUP($D$51,$D$26:$Q$40,L22,FALSE) -> 1 | ... P51: =VLOOKUP($D$51,$D$26:$Q$40,P22,FALSE) -> 0.8359436
E56: CUSTOMER EXPERIENCE (25%) | K56: BRAND POWER (15%) | N56: SUSTAINABLE GROWTH (70%) | Q56: TOTAL
E57: 0.06 | F57: 0.06 | G57: 0.05 | H57: 0.04 | I57: 0.04 | K57: 0.05 | L57: NA | M57: 0.1 | N57: 0.2 | O57: 0.1 | P57: 0.3 | Q57: =SUM(E57:P57) -> 1
C59: Ranking | D59: Market | E59: CSI | F59: SSI | G59: NRC | H59: Training | I59: Ser. Campaign | K59: Lead Mng. | L59: Share of Inv. | M59: Game Plan | N59: Sell In | O59: Retention | P59: Retail Sales | Q59: Overall Compliance
C60: 14/15 | D60: MASSY | E60: 0.76571429 | F60: 1.0522727 | G60: 1 | H60: 0.8869557 | I60: TRD: 99% | J60: R9: 2.5% | K60: 1 | L60: NA | M60: 1 | N60: 1.0255963 | O60: 0.79842431 | P60: 0.79114642 | Q60: 0.88896255

Sheet AP25SEP
B3: Market | C3: CSI | D3: SSI | E3: NRC | F3: Training | G3: Ser. Campaign | H3: Lead Mng. | I3: Share of Inv. | J3: Game Plan | K3: Sell In | L3: Retention | M3: Retail Sales | O3: Achievement
B4: COL | C4: =VLOOKUP(B4,'OR SEP'!$B$22:$E$36,'OR SEP'!$C$21,FALSE) -> 1.0102564 | D4: =VLOOKUP(B4,'OR SEP'!$B$22:$E$36,'OR SEP'!$D$21,FALSE) -> 1.0391304 | E4: 1 | F4: =VLOOKUP(B4,'OR SEP'!$AG$4:$AH$23,'OR SEP'!$AH$3,FALSE) -> 0.95243016 | G4: =VLOOKUP(B4,'OR SEP'!$W$4:$Z$20,'OR SEP'!$Z$3,FALSE) -> 1.0952235 | H4: =VLOOKUP(B4,'OR SEP'!$AB$4:$AC$19,'OR SEP'!$AC$3,FALSE) -> 1 | I4: 1 | J4: 1 | K4: =VLOOKUP(B4,'OR SEP'!$J$42:$M$57,'OR SEP'!$K$41,FALSE) -> 0.98775749 | L4: =VLOOKUP(B4,'OR SEP'!$J$42:$M$57,'OR SEP'!$L$41,FALSE) -> 1.04 | M4: =VLOOKUP(B4,'OR SEP'!$AK$4:$AL$19,'OR SEP'!$AL$3,FALSE) -> 1.1050603 | O4: 0.9956487
B5: PLT | C5: =VLOOKUP(B5,'OR SEP'!$B$22:$E$36,'OR SEP'!$C$21,FALSE) -> 1.0268293 | D5: =VLOOKUP(B5,'OR SEP'!$B$22:$E$36,'OR SEP'!$D$21,FALSE) -> 1.010989 | E5: 1 | F5: =VLOOKUP(B5,'OR SEP'!$AG$4:$AH$23,'OR SEP'!$AH$3,FALSE) -> 0 | G5: =VLOOKUP(B5,'OR SEP'!$W$4:$Z$20,'OR SEP'!$Z$3,FALSE) -> 1.0695402 | H5: =VLOOKUP(B5,'OR SEP'!$AB$4:$AC$19,'OR SEP'!$AC$3,FALSE) -> 1 | I5: 1 | J5: 1 | K5: =VLOOKUP(B5,'OR SEP'!$J$42:$M$57,'OR SEP'!$K$41,FALSE) -> 0.75890215 | L5: =VLOOKUP(B5,'OR SEP'!$J$42:$M$57,'OR SEP'!$L$41,FALSE) -> 1 | M5: =VLOOKUP(B5,'OR SEP'!$AK$4:$AL$19,'OR SEP'!$AL$3,FALSE) -> 0.84118372 | O5: 0.86413555
B6: CST | C6: =VLOOKUP(B6,'OR SEP'!$B$22:$E$36,'OR SEP'!$C$21,FALSE) -> 1.0380435 | D6: =VLOOKUP(B6,'OR SEP'!$B$22:$E$36,'OR SEP'!$D$21,FALSE) -> 1.0152174 | E6: 1 | F6: =VLOOKUP(B6,'OR SEP'!$AG$4:$AH$23,'OR SEP'!$AH$3,FALSE) -> 1.1047092 | G6: =VLOOKUP(B6,'OR SEP'!$W$4:$Z$20,'OR SEP'!$Z$3,FALSE) -> 1.3499193 | H6: =VLOOKUP(B6,'OR SEP'!$AB$4:$AC$19,'OR SEP'!$AC$3,FALSE) -> 1 | I6: 1 | J6: 1 | K6: =VLOOKUP(B6,'OR SEP'!$J$42:$M$57,'OR SEP'!$K$41,FALSE) -> 1.1096466 | L6: =VLOOKUP(B6,'OR SEP'!$J$42:$M$57,'OR SEP'!$L$41,FALSE) -> 1.0075758 | M6: =VLOOKUP(B6,'OR SEP'!$AK$4:$AL$19,'OR SEP'!$AL$3,FALSE) -> 1.0218516 | O6: 1
B7: ECA | C7: =VLOOKUP(B7,'OR SEP'!$B$22:$E$36,'OR SEP'!$C$21,FALSE) -> 1.0270588 | D7: =VLOOKUP(B7,'OR SEP'!$B$22:$E$36,'OR SEP'!$D$21,FALSE) -> 1.0361702 | E7: 1 | F7: =VLOOKUP(B7,'OR SEP'!$AG$4:$AH$23,'OR SEP'!$AH$3,FALSE) -> 1.0382114 | G7: =VLOOKUP(B7,'OR SEP'!$W$4:$Z$20,'OR SEP'!$Z$3,FALSE) -> 1.7591623 | H7: =VLOOKUP(B7,'OR SEP'!$AB$4:$AC$19,'OR SEP'!$AC$3,FALSE) -> 1 | I7: 1 | J7: 1 | K7: =VLOOKUP(B7,'OR SEP'!$J$42:$M$57,'OR SEP'!$K$41,FALSE) -> 0.96795597 | L7: =VLOOKUP(B7,'OR SEP'!$J$42:$M$57,'OR SEP'!$L$41,FALSE) -> 1.0097087 | M7: =VLOOKUP(B7,'OR SEP'!$AK$4:$AL$19,'OR SEP'!$AL$3,FALSE) -> 1.0222513 | O7: 0.99359119
B8: PNM | C8: =VLOOKUP(B8,'OR SEP'!$B$22:$E$36,'OR SEP'!$C$21,FALSE) -> 1.022093 | D8: =VLOOKUP(B8,'OR SEP'!$B$22:$E$36,'OR SEP'!$D$21,FALSE) -> 1.0888889 | E8: 1 | F8: =VLOOKUP(B8,'OR SEP'!$AG$4:$AH$23,'OR SEP'!$AH$3,FALSE) -> 1.0886913 | G8: =VLOOKUP(B8,'OR SEP'!$W$4:$Z$20,'OR SEP'!$Z$3,FALSE) -> 1.3168087 | H8: =VLOOKUP(B8,'OR SEP'!$AB$4:$AC$19,'OR SEP'!$AC$3,FALSE) -> 1 | I8: 1 | J8: 1 | K8: =VLOOKUP(B8,'OR SEP'!$J$42:$M$57,'OR SEP'!$K$41,FALSE) -> 0.95434162 | L8: =VLOOKUP(B8,'OR SEP'!$J$42:$M$57,'OR SEP'!$L$41,FALSE) -> 0.98701299 | M8: =VLOOKUP(B8,'OR SEP'!$AK$4:$AL$19,'OR SEP'!$AL$3,FALSE) -> 0.86082949 | O8: 0.94781847
B9: URU | C9: =VLOOKUP(B9,'OR SEP'!$B$22:$E$36,'OR SEP'!$C$21,FALSE) -> 1.0574468 | D9: =VLOOKUP(B9,'OR SEP'!$B$22:$E$36,'OR SEP'!$D$21,FALSE) -> 1.04 | E9: 1 | F9: =VLOOKUP(B9,'OR SEP'!$AG$4:$AH$23,'OR SEP'!$AH$3,FALSE) -> 0.99951653 | G9: =VLOOKUP(B9,'OR SEP'!$W$4:$Z$20,'OR SEP'!$Z$3,FALSE) -> 1.0605034 | H9: =VLOOKUP(B9,'OR SEP'!$AB$4:$AC$19,'OR SEP'!$AC$3,FALSE) -> 1 | I9: 1 | J9: 1 | K9: =VLOOKUP(B9,'OR SEP'!$J$42:$M$57,'OR SEP'!$K$41,FALSE) -> 1.0496712 | L9: =VLOOKUP(B9,'OR SEP'!$J$42:$M$57,'OR SEP'!$L$41,FALSE) -> 1 | M9: =VLOOKUP(B9,'OR SEP'!$AK$4:$AL$19,'OR SEP'!$AL$3,FALSE) -> 0.74317492 | O9: 0.92293314
B10: ELS | C10: =VLOOKUP(B10,'OR SEP'!$B$22:$E$36,'OR SEP'!$C$21,FALSE) -> 1.0657143 | D10: =VLOOKUP(B10,'OR SEP'!$B$22:$E$36,'OR SEP'!$D$21,FALSE) -> 1.1373494 | E10: 1 | F10: =VLOOKUP(B10,'OR SEP'!$AG$4:$AH$23,'OR SEP'!$AH$3,FALSE) -> 1.0679722 | G10: =VLOOKUP(B10,'OR SEP'!$W$4:$Z$20,'OR SEP'!$Z$3,FALSE) -> 1.0444601 | H10: =VLOOKUP(B10,'OR SEP'!$AB$4:$AC$19,'OR SEP'!$AC$3,FALSE) -> 1 | I10: 1 | J10: 1 | K10: =VLOOKUP(B10,'OR SEP'!$J$42:$M$57,'OR SEP'!$K$41,FALSE) -> 1.096627 | L10: =VLOOKUP(B10,'OR SEP'!$J$42:$M$57,'OR SEP'!$L$41,FALSE) -> 0.94 | M10: =VLOOKUP(B10,'OR SEP'!$AK$4:$AL$19,'OR SEP'!$AL$3,FALSE) -> 0.88020833 | O10: 0.9580625
B11: HND | C11: =VLOOKUP(B11,'OR SEP'!$B$22:$E$36,'OR SEP'!$C$21,FALSE) -> 0.94 | D11: =VLOOKUP(B11,'OR SEP'!$B$22:$E$36,'OR SEP'!$D$21,FALSE) -> 1.1987952 | E11: 1 | F11: =VLOOKUP(B11,'OR SEP'!$AG$4:$AH$23,'OR SEP'!$AH$3,FALSE) -> 1.0959734 | G11: =VLOOKUP(B11,'OR SEP'!$W$4:$Z$20,'OR SEP'!$Z$3,FALSE) -> 0.93652907 | H11: =VLOOKUP(B11,'OR SEP'!$AB$4:$AC$19,'OR SEP'!$AC$3,FALSE) -> 1 | I11: 1 | J11: 1 | K11: =VLOOKUP(B11,'OR SEP'!$J$42:$M$57,'OR SEP'!$K$41,FALSE) -> 1.1157649 | L11: =VLOOKUP(B11,'OR SEP'!$J$42:$M$57,'OR SEP'!$L$41,FALSE) -> 1.0084746 | M11: =VLOOKUP(B11,'OR SEP'!$AK$4:$AL$19,'OR SEP'!$AL$3,FALSE) -> 0.96417445 | O11: 0.9831135
B12: NIC | C12: =VLOOKUP(B12,'OR SEP'!$B$22:$E$36,'OR SEP'!$C$21,FALSE) -> 0.82285714 | D12: =VLOOKUP(B12,'OR SEP'!$B$22:$E$36,'OR SEP'!$D$21,FALSE) -> 1.0879518 | E12: 1 | F12: =VLOOKUP(B12,'OR SEP'!$AG$4:$AH$23,'OR SEP'!$AH$3,FALSE) -> 0.95610747 | G12: =VLOOKUP(B12,'OR SEP'!$W$4:$Z$20,'OR SEP'!$Z$3,FALSE) -> 0.86300796 | H12: =VLOOKUP(B12,'OR SEP'!$AB$4:$AC$19,'OR SEP'!$AC$3,FALSE) -> 1 | I12: 1 | J12: 1 | K12: =VLOOKUP(B12,'OR SEP'!$J$42:$M$57,'OR SEP'!$K$41,FALSE) -> 1.1609117 | L12: =VLOOKUP(B12,'OR SEP'!$J$42:$M$57,'OR SEP'!$L$41,FALSE) -> 1.173913 | M12: =VLOOKUP(B12,'OR SEP'!$AK$4:$AL$19,'OR SEP'!$AL$3,FALSE) -> 0.90752351 | O12: 0.9543931
B13: DOM | C13: =VLOOKUP(B13,'OR SEP'!$B$22:$E$36,'OR SEP'!$C$21,FALSE) -> 1.0871429 | D13: =VLOOKUP(B13,'OR SEP'!$B$22:$E$36,'OR SEP'!$D$21,FALSE) -> 1.0863636 | E13: 1 | F13: =VLOOKUP(B13,'OR SEP'!$AG$4:$AH$23,'OR SEP'!$AH$3,FALSE) -> 1.1111111 | G13: =VLOOKUP(B13,'OR SEP'!$W$4:$Z$20,'OR SEP'!$Z$3,FALSE) -> 1.0688926 | H13: =VLOOKUP(B13,'OR SEP'!$AB$4:$AC$19,'OR SEP'!$AC$3,FALSE) -> 1 | I13: 1 | J13: 1 | K13: =VLOOKUP(B13,'OR SEP'!$J$42:$M$57,'OR SEP'!$K$41,FALSE) -> 0.96635559 | L13: =VLOOKUP(B13,'OR SEP'!$J$42:$M$57,'OR SEP'!$L$41,FALSE) -> 0.97959184 | M13: =VLOOKUP(B13,'OR SEP'!$AK$4:$AL$19,'OR SEP'!$AL$3,FALSE) -> 0.8497053 | O13: 0.94614189
B14: GUT | C14: =VLOOKUP(B14,'OR SEP'!$B$22:$E$36,'OR SEP'!$C$21,FALSE) -> 1.0133333 | D14: =VLOOKUP(B14,'OR SEP'!$B$22:$E$36,'OR SEP'!$D$21,FALSE) -> 1.0626506 | E14: 1 | F14: =VLOOKUP(B14,'OR SEP'!$AG$4:$AH$23,'OR SEP'!$AH$3,FALSE) -> 0.96594982 | G14: =VLOOKUP(B14,'OR SEP'!$W$4:$Z$20,'OR SEP'!$Z$3,FALSE) -> 1.0182194 | H14: =VLOOKUP(B14,'OR SEP'!$AB$4:$AC$19,'OR SEP'!$AC$3,FALSE) -> 1 | I14: - | J14: 1 | K14: =VLOOKUP(B14,'OR SEP'!$J$42:$M$57,'OR SEP'!$K$41,FALSE) -> 1.2028302 | L14: =VLOOKUP(B14,'OR SEP'!$J$42:$M$57,'OR SEP'!$L$41,FALSE) -> 0.98561151 | M14: =VLOOKUP(B14,'OR SEP'!$AK$4:$AL$19,'OR SEP'!$AL$3,FALSE) -> 0.90275229 | O14: 0.96802483
B15: PRG | C15: =VLOOKUP(B15,'OR SEP'!$B$22:$E$36,'OR SEP'!$C$21,FALSE) -> 1.0809524 | D15: =VLOOKUP(B15,'OR SEP'!$B$22:$E$36,'OR SEP'!$D$21,FALSE) -> 1.0588889 | E15: 1 | F15: =VLOOKUP(B15,'OR SEP'!$AG$4:$AH$23,'OR SEP'!$AH$3,FALSE) -> 0.98309179 | G15: =VLOOKUP(B15,'OR SEP'!$W$4:$Z$20,'OR SEP'!$Z$3,FALSE) -> 1.1204013 | H15: =VLOOKUP(B15,'OR SEP'!$AB$4:$AC$19,'OR SEP'!$AC$3,FALSE) -> 0.4 | I15: - | J15: 1 | K15: =VLOOKUP(B15,'OR SEP'!$J$42:$M$57,'OR SEP'!$K$41,FALSE) -> 0.85629802 | L15: =VLOOKUP(B15,'OR SEP'!$J$42:$M$57,'OR SEP'!$L$41,FALSE) -> 1.2283465 | M15: =VLOOKUP(B15,'OR SEP'!$AK$4:$AL$19,'OR SEP'!$AL$3,FALSE) -> 0.85110471 | O15: 0.89591469
B16: BOL | C16: =VLOOKUP(B16,'OR SEP'!$B$22:$E$36,'OR SEP'!$C$21,FALSE) -> 1.0541176 | D16: =VLOOKUP(B16,'OR SEP'!$B$22:$E$36,'OR SEP'!$D$21,FALSE) -> 1.0666667 | E16: 1 | F16: =VLOOKUP(B16,'OR SEP'!$AG$4:$AH$23,'OR SEP'!$AH$3,FALSE) -> 1.0687884 | G16: =VLOOKUP(B16,'OR SEP'!$W$4:$Z$20,'OR SEP'!$Z$3,FALSE) -> 0.92015514 | H16: =VLOOKUP(B16,'OR SEP'!$AB$4:$AC$19,'OR SEP'!$AC$3,FALSE) -> 1 | I16: - | J16: 1 | K16: =VLOOKUP(B16,'OR SEP'!$J$42:$M$57,'OR SEP'!$K$41,FALSE) -> 0.72591119 | L16: =VLOOKUP(B16,'OR SEP'!$J$42:$M$57,'OR SEP'!$L$41,FALSE) -> 0.94186047 | M16: =VLOOKUP(B16,'OR SEP'!$AK$4:$AL$19,'OR SEP'!$AL$3,FALSE) -> 0.9801444 | O16: 0.93021781
B17: MASSY | C17: 0.76571429 | D17: 1.0522727 | E17: 1 | F17: =VLOOKUP(B17,'OR SEP'!$AG$4:$AH$23,'OR SEP'!$AH$3,FALSE) -> 0.8869557 | G17: =VLOOKUP(B17,'OR SEP'!$W$4:$Z$20,'OR SEP'!$Z$3,FALSE) -> 0.75887762 | H17: =VLOOKUP(B17,'OR SEP'!$AB$4:$AC$19,'OR SEP'!$AC$3,FALSE) -> 1 | I17: - | J17: 1 | K17: =VLOOKUP(B17,'OR SEP'!$J$42:$M$57,'OR SEP'!$K$41,FALSE) -> 1.0255963 | L17: =VLOOKUP(B17,'OR SEP'!$J$42:$M$57,'OR SEP'!$L$41,FALSE) -> 0.79842431 | M17: =VLOOKUP(B17,'OR SEP'!$AK$4:$AL$19,'OR SEP'!$AL$3,FALSE) -> 0.79114642 | O17: 0.88896255
B18: GEL | E18: 1 | F18: =VLOOKUP(B18,'OR SEP'!$AG$4:$AH$23,'OR SEP'!$AH$3,FALSE) -> 0.58751205 | G18: =VLOOKUP(B18,'OR SEP'!$W$4:$Z$20,'OR SEP'!$Z$3,FALSE) -> 0.74494398 | H18: =VLOOKUP(B18,'OR SEP'!$AB$4:$AC$19,'OR SEP'!$AC$3,FALSE) -> 0.8 | I18: - | J18: 1 | K18: =VLOOKUP(B18,'OR SEP'!$J$42:$M$57,'OR SEP'!$K$41,FALSE) -> 0.850625 | L18: =VLOOKUP(B18,'OR SEP'!$J$42:$M$57,'OR SEP'!$L$41,FALSE) -> 0.83144991 | M18: =VLOOKUP(B18,'OR SEP'!$AK$4:$AL$19,'OR SEP'!$AL$3,FALSE) -> 0.81005587 | O18: 0.8359436
B21: Market | C21: CSI | D21: SSI | E21: NRC | F21: Training | G21: Ser. Campaign | H21: Lead Mng. | I21: Share of Inv. | J21: Game Plan | K21: Sell In | L21: Retention | M21: Retail Sales | N21: Total
B22: COL | C22: 0.06 | D22: 0.06 | E22: 0.05 | F22: 0.04 | G22: 0.04 | H22: 0.05 | I22: 0.03 | J22: 0.07 | K22: 0.2 | L22: 0.1 | M22: 0.3 | N22: =SUM(C22:M22) -> 1
B23: PLT | C23: 0.06 | D23: 0.06 | E23: 0.05 | F23: 0.04 | G23: 0.04 | H23: 0.05 | I23: 0.03 | J23: 0.07 | K23: 0.2 | L23: 0.1 | M23: 0.3 | N23: =SUM(C23:M23) -> 1
B24: CST | C24: 0.06 | D24: 0.06 | E24: 0.05 | F24: 0.04 | G24: 0.04 | H24: 0.05 | I24: 0.03 | J24: 0.07 | K24: 0.2 | L24: 0.1 | M24: 0.3 | N24: =SUM(C24:M24) -> 1
B25: ECA | C25: 0.06 | D25: 0.06 | E25: 0.05 | F25: 0.04 | G25: 0.04 | H25: 0.05 | I25: 0.03 | J25: 0.07 | K25: 0.2 | L25: 0.1 | M25: 0.3 | N25: =SUM(C25:M25) -> 1
B26: PNM | C26: 0.06 | D26: 0.06 | E26: 0.05 | F26: 0.04 | G26: 0.04 | H26: 0.05 | I26: 0.03 | J26: 0.07 | K26: 0.2 | L26: 0.1 | M26: 0.3 | N26: =SUM(C26:M26) -> 1
B27: URU | C27: 0.06 | D27: 0.06 | E27: 0.05 | F27: 0.04 | G27: 0.04 | H27: 0.05 | I27: 0.03 | J27: 0.07 | K27: 0.2 | L27: 0.1 | M27: 0.3 | N27: =SUM(C27:M27) -> 1
B28: ELS | C28: 0.06 | D28: 0.06 | E28: 0.05 | F28: 0.04 | G28: 0.04 | H28: 0.05 | I28: 0.03 | J28: 0.07 | K28: 0.2 | L28: 0.1 | M28: 0.3 | N28: =SUM(C28:M28) -> 1
B29: HND | C29: 0.06 | D29: 0.06 | E29: 0.05 | F29: 0.04 | G29: 0.04 | H29: 0.05 | I29: 0.03 | J29: 0.07 | K29: 0.2 | L29: 0.1 | M29: 0.3 | N29: =SUM(C29:M29) -> 1
B30: NIC | C30: 0.06 | D30: 0.06 | E30: 0.05 | F30: 0.04 | G30: 0.04 | H30: 0.05 | I30: 0.03 | J30: 0.07 | K30: 0.2 | L30: 0.1 | M30: 0.3 | N30: =SUM(C30:M30) -> 1
B31: DOM | C31: 0.06 | D31: 0.06 | E31: 0.05 | F31: 0.04 | G31: 0.04 | H31: 0.05 | I31: 0.03 | J31: 0.07 | K31: 0.2 | L31: 0.1 | M31: 0.3 | N31: =SUM(C31:M31) -> 1
B32: GUT | C32: 0.06 | D32: 0.06 | E32: 0.05 | F32: 0.04 | G32: 0.04 | H32: 0.05 | I32: - | J32: 0.1 | K32: 0.2 | L32: 0.1 | M32: 0.3 | N32: =SUM(C32:M32) -> 1
B33: PRG | C33: 0.06 | D33: 0.06 | E33: 0.05 | F33: 0.04 | G33: 0.04 | H33: 0.05 | I33: - | J33: 0.1 | K33: 0.2 | L33: 0.1 | M33: 0.3 | N33: =SUM(C33:M33) -> 1
B34: BOL | C34: 0.06 | D34: 0.06 | E34: 0.05 | F34: 0.04 | G34: 0.04 | H34: 0.05 | I34: - | J34: 0.1 | K34: 0.2 | L34: 0.1 | M34: 0.3 | N34: =SUM(C34:M34) -> 1
B35: MASSY | C35: 0.06 | D35: 0.06 | E35: 0.05 | F35: 0.04 | G35: 0.04 | H35: 0.05 | I35: - | J35: 0.1 | K35: 0.2 | L35: 0.1 | M35: 0.3 | N35: =SUM(C35:M35) -> 1
B36: Gel Group | C36: - | D36: - | E36: 0.05 | F36: 0.05 | G36: 0.05 | H36: 0.05 | I36: - | J36: 0.1 | K36: 0.25 | L36: 0.1 | M36: 0.35 | N36: =SUM(C36:M36) -> 1
B38: 1 | C38: 2 | D38: 3 | E38: 4 | F38: 5 | G38: 6 | H38: 7 | I38: 8 | J38: 9 | K38: 10 | L38: 11 | M38: 12 | N38: 13
B39: Market | C39: CSI | D39: SSI | E39: NRC | F39: Training | G39: Ser. Campaign | H39: Lead Mng. | I39: Share of Inv. | J39: Game Plan | K39: Sell In | L39: Retention | M39: Retail Sales | N39: Total
B40: COL | C40: =IF(C4>=100%,C22,(C4*C22)/100%) -> 0.06 | D40: =IF(D4>=100%,D22,(D4*D22)/100%) -> 0.06 | E40: =IF(E4>=100%,E22,(E4*E22)/100%) -> 0.05 | F40: =IF(F4>=100%,F22,(F4*F22)/100%) -> 0.038097206 | G40: =IF(G4>=100%,G22,(G4*G22)/100%) -> 0.04 | H40: =IF(H4>=100%,H22,(H4*H22)/100%) -> 0.05 | I40: =IF(I4>=100%,I22,(I4*I22)/100%) -> 0.03 | J40: =IF(J4>=100%,J22,(J4*J22)/100%) -> 0.07 | ... M40: =IF(M4>=100%,M22,(M4*M22)/100%) -> 0.3 | N40: =SUM(C40:M40) -> 0.9956487
B41: PLT | C41: =IF(C5>=100%,C23,(C5*C23)/100%) -> 0.06 | D41: =IF(D5>=100%,D23,(D5*D23)/100%) -> 0.06 | E41: =IF(E5>=100%,E23,(E5*E23)/100%) -> 0.05 | F41: =IF(F5>=100%,F23,(F5*F23)/100%) -> 0 | G41: =IF(G5>=100%,G23,(G5*G23)/100%) -> 0.04 | H41: =IF(H5>=100%,H23,(H5*H23)/100%) -> 0.05 | I41: =IF(I5>=100%,I23,(I5*I23)/100%) -> 0.03 | J41: =IF(J5>=100%,J23,(J5*J23)/100%) -> 0.07 | ... M41: =IF(M5>=100%,M23,(M5*M23)/100%) -> 0.25235512 | N41: =SUM(C41:M41) -> 0.86413555
B42: CST | C42: =IF(C6>=100%,C24,(C6*C24)/100%) -> 0.06 | D42: =IF(D6>=100%,D24,(D6*D24)/100%) -> 0.06 | E42: =IF(E6>=100%,E24,(E6*E24)/100%) -> 0.05 | F42: =IF(F6>=100%,F24,(F6*F24)/100%) -> 0.04 | G42: =IF(G6>=100%,G24,(G6*G24)/100%) -> 0.04 | H42: =IF(H6>=100%,H24,(H6*H24)/100%) -> 0.05 | I42: =IF(I6>=100%,I24,(I6*I24)/100%) -> 0.03 | J42: =IF(J6>=100%,J24,(J6*J24)/100%) -> 0.07 | ... M42: =IF(M6>=100%,M24,(M6*M24)/100%) -> 0.3 | N42: =SUM(C42:M42) -> 1
B43: ECA | C43: =IF(C7>=100%,C25,(C7*C25)/100%) -> 0.06 | D43: =IF(D7>=100%,D25,(D7*D25)/100%) -> 0.06 | E43: =IF(E7>=100%,E25,(E7*E25)/100%) -> 0.05 | F43: =IF(F7>=100%,F25,(F7*F25)/100%) -> 0.04 | G43: =IF(G7>=100%,G25,(G7*G25)/100%) -> 0.04 | H43: =IF(H7>=100%,H25,(H7*H25)/100%) -> 0.05 | I43: =IF(I7>=100%,I25,(I7*I25)/100%) -> 0.03 | J43: =IF(J7>=100%,J25,(J7*J25)/100%) -> 0.07 | ... M43: =IF(M7>=100%,M25,(M7*M25)/100%) -> 0.3 | N43: =SUM(C43:M43) -> 0.99359119
B44: PNM | C44: =IF(C8>=100%,C26,(C8*C26)/100%) -> 0.06 | D44: =IF(D8>=100%,D26,(D8*D26)/100%) -> 0.06 | E44: =IF(E8>=100%,E26,(E8*E26)/100%) -> 0.05 | F44: =IF(F8>=100%,F26,(F8*F26)/100%) -> 0.04 | G44: =IF(G8>=100%,G26,(G8*G26)/100%) -> 0.04 | H44: =IF(H8>=100%,H26,(H8*H26)/100%) -> 0.05 | I44: =IF(I8>=100%,I26,(I8*I26)/100%) -> 0.03 | J44: =IF(J8>=100%,J26,(J8*J26)/100%) -> 0.07 | ... M44: =IF(M8>=100%,M26,(M8*M26)/100%) -> 0.25824885 | N44: =SUM(C44:M44) -> 0.94781847
B45: URU | C45: =IF(C9>=100%,C27,(C9*C27)/100%) -> 0.06 | D45: =IF(D9>=100%,D27,(D9*D27)/100%) -> 0.06 | E45: =IF(E9>=100%,E27,(E9*E27)/100%) -> 0.05 | F45: =IF(F9>=100%,F27,(F9*F27)/100%) -> 0.039980661 | G45: =IF(G9>=100%,G27,(G9*G27)/100%) -> 0.04 | H45: =IF(H9>=100%,H27,(H9*H27)/100%) -> 0.05 | I45: =IF(I9>=100%,I27,(I9*I27)/100%) -> 0.03 | J45: =IF(J9>=100%,J27,(J9*J27)/100%) -> 0.07 | ... M45: =IF(M9>=100%,M27,(M9*M27)/100%) -> 0.22295248 | N45: =SUM(C45:M45) -> 0.92293314
B46: ELS | C46: =IF(C10>=100%,C28,(C10*C28)/100%) -> 0.06 | D46: =IF(D10>=100%,D28,(D10*D28)/100%) -> 0.06 | E46: =IF(E10>=100%,E28,(E10*E28)/100%) -> 0.05 | F46: =IF(F10>=100%,F28,(F10*F28)/100%) -> 0.04 | G46: =IF(G10>=100%,G28,(G10*G28)/100%) -> 0.04 | H46: =IF(H10>=100%,H28,(H10*H28)/100%) -> 0.05 | I46: =IF(I10>=100%,I28,(I10*I28)/100%) -> 0.03 | J46: =IF(J10>=100%,J28,(J10*J28)/100%) -> 0.07 | ... M46: =IF(M10>=100%,M28,(M10*M28)/100%) -> 0.2640625 | N46: =SUM(C46:M46) -> 0.9580625
B47: HND | C47: =IF(C11>=100%,C29,(C11*C29)/100%) -> 0.0564 | D47: =IF(D11>=100%,D29,(D11*D29)/100%) -> 0.06 | E47: =IF(E11>=100%,E29,(E11*E29)/100%) -> 0.05 | F47: =IF(F11>=100%,F29,(F11*F29)/100%) -> 0.04 | G47: =IF(G11>=100%,G29,(G11*G29)/100%) -> 0.037461163 | H47: =IF(H11>=100%,H29,(H11*H29)/100%) -> 0.05 | I47: =IF(I11>=100%,I29,(I11*I29)/100%) -> 0.03 | J47: =IF(J11>=100%,J29,(J11*J29)/100%) -> 0.07 | ... M47: =IF(M11>=100%,M29,(M11*M29)/100%) -> 0.28925234 | N47: =SUM(C47:M47) -> 0.9831135
B48: NIC | C48: =IF(C12>=100%,C30,(C12*C30)/100%) -> 0.049371429 | D48: =IF(D12>=100%,D30,(D12*D30)/100%) -> 0.06 | E48: =IF(E12>=100%,E30,(E12*E30)/100%) -> 0.05 | F48: =IF(F12>=100%,F30,(F12*F30)/100%) -> 0.038244299 | G48: =IF(G12>=100%,G30,(G12*G30)/100%) -> 0.034520318 | H48: =IF(H12>=100%,H30,(H12*H30)/100%) -> 0.05 | I48: =IF(I12>=100%,I30,(I12*I30)/100%) -> 0.03 | J48: =IF(J12>=100%,J30,(J12*J30)/100%) -> 0.07 | ... M48: =IF(M12>=100%,M30,(M12*M30)/100%) -> 0.27225705 | N48: =SUM(C48:M48) -> 0.9543931
B49: DOM | C49: =IF(C13>=100%,C31,(C13*C31)/100%) -> 0.06 | D49: =IF(D13>=100%,D31,(D13*D31)/100%) -> 0.06 | E49: =IF(E13>=100%,E31,(E13*E31)/100%) -> 0.05 | F49: =IF(F13>=100%,F31,(F13*F31)/100%) -> 0.04 | G49: =IF(G13>=100%,G31,(G13*G31)/100%) -> 0.04 | H49: =IF(H13>=100%,H31,(H13*H31)/100%) -> 0.05 | I49: =IF(I13>=100%,I31,(I13*I31)/100%) -> 0.03 | J49: =IF(J13>=100%,J31,(J13*J31)/100%) -> 0.07 | ... M49: =IF(M13>=100%,M31,(M13*M31)/100%) -> 0.25491159 | N49: =SUM(C49:M49) -> 0.94614189
B50: GUT | C50: =IF(C14>=100%,C32,(C14*C32)/100%) -> 0.06 | D50: =IF(D14>=100%,D32,(D14*D32)/100%) -> 0.06 | E50: =IF(E14>=100%,E32,(E14*E32)/100%) -> 0.05 | F50: =IF(F14>=100%,F32,(F14*F32)/100%) -> 0.038637993 | G50: =IF(G14>=100%,G32,(G14*G32)/100%) -> 0.04 | H50: =IF(H14>=100%,H32,(H14*H32)/100%) -> 0.05 | I50: - | J50: =IF(J14>=100%,J32,(J14*J32)/100%) -> 0.1 | K50: =IF(K14>=100%,K32,(K14*K32)/100%) -> 0.2 | L50: =IF(L14>=100%,L32,(L14*L32)/100%) -> 0.098561151 | M50: =IF(M14>=100%,M32,(M14*M32)/100%) -> 0.27082569 | N50: =SUM(C50:M50) -> 0.96802483
B51: PRG | C51: =IF(C15>=100%,C33,(C15*C33)/100%) -> 0.06 | D51: =IF(D15>=100%,D33,(D15*D33)/100%) -> 0.06 | E51: =IF(E15>=100%,E33,(E15*E33)/100%) -> 0.05 | F51: =IF(F15>=100%,F33,(F15*F33)/100%) -> 0.039323671 | G51: =IF(G15>=100%,G33,(G15*G33)/100%) -> 0.04 | H51: =IF(H15>=100%,H33,(H15*H33)/100%) -> 0.02 | I51: - | J51: =IF(J15>=100%,J33,(J15*J33)/100%) -> 0.1 | K51: =IF(K15>=100%,K33,(K15*K33)/100%) -> 0.1712596 | L51: =IF(L15>=100%,L33,(L15*L33)/100%) -> 0.1 | M51: =IF(M15>=100%,M33,(M15*M33)/100%) -> 0.25533141 | N51: =SUM(C51:M51) -> 0.89591469
B52: BOL | C52: =IF(C16>=100%,C34,(C16*C34)/100%) -> 0.06 | D52: =IF(D16>=100%,D34,(D16*D34)/100%) -> 0.06 | E52: =IF(E16>=100%,E34,(E16*E34)/100%) -> 0.05 | F52: =IF(F16>=100%,F34,(F16*F34)/100%) -> 0.04 | G52: =IF(G16>=100%,G34,(G16*G34)/100%) -> 0.036806206 | H52: =IF(H16>=100%,H34,(H16*H34)/100%) -> 0.05 | I52: - | J52: =IF(J16>=100%,J34,(J16*J34)/100%) -> 0.1 | K52: =IF(K16>=100%,K34,(K16*K34)/100%) -> 0.14518224 | L52: =IF(L16>=100%,L34,(L16*L34)/100%) -> 0.094186047 | M52: =IF(M16>=100%,M34,(M16*M34)/100%) -> 0.29404332 | N52: =SUM(C52:M52) -> 0.93021781
B53: MASSY | C53: =IF(C17>=100%,C35,(C17*C35)/100%) -> 0.045942857 | D53: =IF(D17>=100%,D35,(D17*D35)/100%) -> 0.06 | E53: =IF(E17>=100%,E35,(E17*E35)/100%) -> 0.05 | F53: =IF(F17>=100%,F35,(F17*F35)/100%) -> 0.035478228 | G53: =IF(G17>=100%,G35,(G17*G35)/100%) -> 0.030355105 | H53: =IF(H17>=100%,H35,(H17*H35)/100%) -> 0.05 | I53: - | J53: =IF(J17>=100%,J35,(J17*J35)/100%) -> 0.1 | K53: =IF(K17>=100%,K35,(K17*K35)/100%) -> 0.2 | L53: =IF(L17>=100%,L35,(L17*L35)/100%) -> 0.079842431 | M53: =IF(M17>=100%,M35,(M17*M35)/100%) -> 0.23734393 | N53: =SUM(C53:M53) -> 0.88896255
B54: Gel | C54: - | D54: - | E54: =IF(E18>=100%,E36,(E18*E36)/100%) -> 0.05 | F54: =IF(F18>=100%,F36,(F18*F36)/100%) -> 0.029375602 | G54: =IF(G18>=100%,G36,(G18*G36)/100%) -> 0.037247199 | H54: =IF(H18>=100%,H36,(H18*H36)/100%) -> 0.04 | I54: - | J54: =IF(J18>=100%,J36,(J18*J36)/100%) -> 0.1 | K54: =IF(K18>=100%,K36,(K18*K36)/100%) -> 0.21265625 | L54: =IF(L18>=100%,L36,(L18*L36)/100%) -> 0.083144991 | M54: =IF(M18>=100%,M36,(M18*M36)/100%) -> 0.28351955 | N54: =SUM(C54:M54) -> 0.8359436
B58: Market | C58: FY24 | D58: FY25 H1 | E58: Weigth
B59: COL | C59: 0.98980082 | D59: =VLOOKUP(B59,$B$39:$N$54,$N$38,FALSE) -> 0.9956487 | E59: =VLOOKUP(AP25SEP!B59,'OR SEP'!$B$42:$D$76,'OR SEP'!$D$41,FALSE) -> 0.2753013 | G59: 90% Achiev. | H59: =E59+E60+E61+E62+E63+E64+E65+E66+E67+E68+E70 -> 0.75680421
B60: CST | C60: 1 | D60: =VLOOKUP(B60,$B$39:$N$54,$N$38,FALSE) -> 1 | E60: =VLOOKUP(AP25SEP!B60,'OR SEP'!$B$42:$D$76,'OR SEP'!$D$41,FALSE) -> 0.13033762
B61: ECA | C61: 0.96686117 | D61: =VLOOKUP(B61,$B$39:$N$54,$N$38,FALSE) -> 0.99359119 | E61: =VLOOKUP(AP25SEP!B61,'OR SEP'!$B$42:$D$76,'OR SEP'!$D$41,FALSE) -> 0.037113896
B62: PNM | C62: 0.91 | D62: =VLOOKUP(B62,$B$39:$N$54,$N$38,FALSE) -> 0.94781847 | E62: =VLOOKUP(AP25SEP!B62,'OR SEP'!$B$42:$D$76,'OR SEP'!$D$41,FALSE) -> 0.046113018
B63: URU | C63: 0.9311047 | D63: =VLOOKUP(B63,$B$39:$N$54,$N$38,FALSE) -> 0.92293314 | E63: =VLOOKUP(AP25SEP!B63,'OR SEP'!$B$42:$D$76,'OR SEP'!$D$41,FALSE) -> 0.037073988
B64: ELS | C64: 0.97207403 | D64: =VLOOKUP(B64,$B$39:$N$54,$N$38,FALSE) -> 0.9580625 | E64: =VLOOKUP(AP25SEP!B64,'OR SEP'!$B$42:$D$76,'OR SEP'!$D$41,FALSE) -> 0.045574268
B65: HND | C65: 0.97973452 | D65: =VLOOKUP(B65,$B$39:$N$54,$N$38,FALSE) -> 0.9831135 | E65: =VLOOKUP(AP25SEP!B65,'OR SEP'!$B$42:$D$76,'OR SEP'!$D$41,FALSE) -> 0.048866629
B66: NIC | C66: 0.93991572 | D66: =VLOOKUP(B66,$B$39:$N$54,$N$38,FALSE) -> 0.9543931 | E66: =VLOOKUP(AP25SEP!B66,'OR SEP'!$B$42:$D$76,'OR SEP'!$D$41,FALSE) -> 0.024263708
B67: DOM | C67: 0.94524218 | D67: =VLOOKUP(B67,$B$39:$N$54,$N$38,FALSE) -> 0.94614189 | E67: =VLOOKUP(AP25SEP!B67,'OR SEP'!$B$42:$D$76,'OR SEP'!$D$41,FALSE) -> 0.042441536
B68: GUT | C68: 0.915 | D68: =VLOOKUP(B68,$B$39:$N$54,$N$38,FALSE) -> 0.96802483 | E68: =VLOOKUP(AP25SEP!B68,'OR SEP'!$B$42:$D$76,'OR SEP'!$D$41,FALSE) -> 0.048268018
B69: PRG | C69: 0.99989691 | D69: =VLOOKUP(B69,$B$39:$N$54,$N$38,FALSE) -> 0.89591469 | E69: =VLOOKUP(AP25SEP!B69,'OR SEP'!$B$42:$D$76,'OR SEP'!$D$41,FALSE) -> 0.04784899
B70: BOL | C70: 0.9 | D70: =VLOOKUP(B70,$B$39:$N$54,$N$38,FALSE) -> 0.93021781 | E70: =VLOOKUP(AP25SEP!B70,'OR SEP'!$B$42:$D$76,'OR SEP'!$D$41,FALSE) -> 0.021450235
B71: Massy | C71: 0.63392386 | D71: =VLOOKUP(B71,$B$39:$N$54,$N$38,FALSE) -> 0.88896255 | E71: =VLOOKUP(AP25SEP!B71,'OR SEP'!$B$42:$D$76,'OR SEP'!$D$41,FALSE) -> 0.029890654
B72: Gel | C72: 0.48232272 | D72: =VLOOKUP(B72,$B$39:$N$54,$N$38,FALSE) -> 0.8359436 | E72: =VLOOKUP(AP25SEP!B72,'OR SEP'!$B$42:$D$76,'OR SEP'!$D$41,FALSE) -> 0.012471067

Sheet Sheet2
C2: CUSTOMER EXPERIENCE (25%)
C3: 0.06 | D3: 0.06 | E3: 0.05 | F3: 0.04 | G3: 0.04
C4: CSI | D4: SSI | E4: NRC | F4: Training | G4: Ser. Campaign
C5: 0.76571429 | D5: 1.0522727 | E5: 1 | F5: 0.8869557 | G5: TRD: 99% | H5: R9: 2.5% | K5: 1.0255963 | L5: 0.79842431 | M5: 0.79114642 | O5: 0.88896255
D8: BRAND POWER (15%)
D9: 0.05 | E9: NA | F9: 0.1
D10: Lead Mng. | E10: Share of Inv. | F10: Game Plan
D11: 1 | E11: NA | F11: 1
D14: SUSTAINABLE GROWTH (60%)
D15: 0.2 | E15: 0.1 | F15: 0.3
D16: Sell In | E16: Retention | F16: Retail Sales
D17: 1.0255963 | E17: 0.79842431 | F17: 0.79114642
D19: General Achievement
D20: 0.88896255

Sheet Grupo Q
B4: Market | C4: CSI | E4: SSI | G4: NRC | I4: Training | K4: Ser. Campaign | M4: Lead Mng. | O4: Share of Inv. | Q4: Game Plan | S4: Sell In | U4: Retention | W4: Retail Sales
B5: ELS | C5: 3 | D5: 1.1014286 | E5: 3 | F5: 1.1554217 | G5: 3 | H5: 1 | I5: 3 | J5: 1.0857092 | K5: 3 | L5: 1.0242626 | M5: 3 | N5: 1 | O5: 1 | P5: 0 | Q5: 3 | R5: 1 | S5: 3 | T5: 1.0297694 | U5: 1 | V5: 0.92079208 | W5: 1 | X5: 0.90266667
B6: HND | C6: 1 | D6: 0.89142857 | E6: 3 | F6: 1.2048193 | G6: 3 | H6: 1 | I6: 3 | J6: 1.0987458 | K6: 1 | L6: 0.9771987 | M6: 3 | N6: 1 | O6: 1 | P6: 0 | Q6: 3 | R6: 1 | S6: 3 | T6: 1.1040704 | U6: 3 | V6: 1.0258621 | W6: 1 | X6: 0.91381346
B7: NIC | C7: 1 | D7: 0.80714286 | E7: 3 | F7: 1.1048193 | G7: 3 | H7: 1 | I7: 3 | J7: 1.0716166 | K7: 1 | L7: 0.89548547 | M7: 3 | N7: 1 | O7: 1 | P7: 0 | Q7: 3 | R7: 1 | S7: 3 | T7: 1.1484138 | U7: 3 | V7: 1.1195652 | W7: 1 | X7: 0.9513382
