Workbook
Name Slicer_BDM: #N/A
Name Slicer_Priority: #N/A
Name Slicer_RAM: #N/A

Sheet DB (2)
B3: PNM
C8: Target | D8: Real | E8: %Ach | F8: Diff | H8: Target | I8: Real | J8: %Ach | K8: Diff | M8: Target | N8: Real | O8: %Ach | P8: Diff | V8: NRC Implementation Plan
B9: CSI | C9: =VLOOKUP(B3,Data!$C$3:$BE$22,Data!D2,FALSE) -> 0.86 | D9: =VLOOKUP(B3,Data!$C$3:$BE$22,Data!E2,FALSE) -> 0.887 | E9: =VLOOKUP(B3,Data!$C$3:$BE$22,Data!F2,FALSE) -> 1.0313953 | F9: =IF(E9>=100%,0%,100%-E9) -> 0 | G9: SSI | H9: =VLOOKUP($B$3,Data!$C$3:$BE$22,Data!H2,FALSE) -> 0.9 | I9: =VLOOKUP($B$3,Data!$C$3:$BE$22,Data!I2,FALSE) -> 0.97 | J9: =VLOOKUP($B$3,Data!$C$3:$BE$22,Data!J2,FALSE) -> 1.0777778 | K9: =IF(J9>=100%,0%,100%-J9) -> 0 | L9: Campaign | M9: 0.52 | N9: =VLOOKUP($B$3,Data!$C$3:$BE$22,Data!U2,FALSE) -> 0.73817035 | O9: =VLOOKUP($B$3,Data!$C$3:$BE$22,Data!V2,FALSE) -> 1.1184399 | P9: =IF(O9>=100%,0%,100%-O9) -> 0
L10: TR Sales | M10: =VLOOKUP($B$3,Data!$C$3:$BE$22,Data!AW2,FALSE) -> 0.9 | N10: =VLOOKUP($B$3,Data!$C$3:$BE$22,Data!AX2,FALSE) -> 0.95964432 | O10: =VLOOKUP($B$3,Data!$C$3:$BE$22,Data!AY2,FALSE) -> 1.0662715 | P10: =IF(O10>=100%,0%,100%-O10) -> 0 | Q10: =VLOOKUP($B$3,Data!$C$3:$BE$22,Data!AZ2,FALSE) -> 0.47982216 | V10: Target | X10: Status
L11: TR AS | M11: =VLOOKUP($B$3,Data!$C$3:$BE$22,Data!BA2,FALSE) -> 0.9 | N11: =VLOOKUP($B$3,Data!$C$3:$BE$22,Data!BB2,FALSE) -> 1 | O11: =VLOOKUP($B$3,Data!$C$3:$BE$22,Data!BC2,FALSE) -> 1.1111111 | P11: =IF(O11>=100%,0%,100%-O11) -> 0 | Q11: =VLOOKUP($B$3,Data!$C$3:$BE$22,Data!BD2,FALSE) -> 0.5 | V11: =VLOOKUP(B3,Data!C3:BE22,Data!L2,FALSE) -> NRC Plan FY25-FY26, signed in Q1 FY25 | X11: =VLOOKUP(B3,Data!C3:BE22,Data!M2,FALSE) -> Signed
M13: Sales | N13: Aftersales | O13: Target | P13: TR Real | Q13: %Ach | R13: Diff
L14: Training | M14: =N10 -> 0.95964432 | N14: =N11 -> 1 | O14: 0.9 | P14: =Q10+Q11 -> 0.97982216 | Q14: =P14/O14 -> 1.0886913 | R14: =IF(Q14>=100%,0%,100%-Q14) -> 0
L15: Target | M15: 0.9 | N15: 0.9
V16: In Progress | W16: No Startet | X16: Completed
C24: Lead Management (From Leads to Closing) | J24: Share of Invesment | Q24: 360 Game Plan
C25: Target | G25: Real | J25: Target | N25: Real | Q25: Target | V25: Real
C26: =VLOOKUP(B3,Data!C3:BE22,Data!X2,FALSE) -> Montly Report | G26: 1 | J26: Declare Quarterly Top 5 Competitors + Nissan | N26: Q2 | 100% | Q26: Declare Quarterly According to Template Format | V26: Q2 | 100%
D34: Target | E34: Real | F34: %Ach | G34: Diff | K34: Target | L34: Real | M34: %Ach | N34: Diff | Q34: Target | R34: Real | S34: %Ach | T34: Diff | V34: 0.9152 | W34: =IF(V34>=100%,0%,100%-V34) -> 0.0848
C35: Sell In | D35: 1710206 | E35: 1426757 | F35: =E35/D35 -> 0.83426032 | G35: =IF(F35>=100%,0%,100%-F35) -> 0.16573968 | J35: Retention | K35: =VLOOKUP($B$3,Data!$C$3:$BE$22,Data!AK2,FALSE) -> 0.77 | L35: =VLOOKUP($B$3,Data!$C$3:$BE$22,Data!AL2,FALSE) -> 0.76 | M35: =VLOOKUP($B$3,Data!$C$3:$BE$22,Data!AM2,FALSE) -> 0.98701299 | N35: =IF(M35>=100%,0%,100%-M35) -> 0.012987013 | P35: RS | Q35: 906 | R35: =VLOOKUP($B$3,Data!$C$3:$BE$22,Data!AP2,FALSE) -> 1146 | S35: =R35/Q35 -> 1.2649007 | T35: =IF(S35>=100%,0%,100%-S35) -> 0
F56: Real | G56: Target
E57: TRD | F57: 0.29708223 | G57: 0.52625995 | H57: =F57/G57 -> 0.56451613 | I57: =100%-H57 -> 0.43548387
E58: R9 | F58: 0.007518797 | G58: 0.58533835 | H58: =F58/G58 -> 0.012845215 | I58: =100%-H58 -> 0.98715478
D78: fotos de PRG
D79: ALTO COMPROMISO

Sheet Data
C2: 1 | D2: 2 | E2: 3 | F2: 4 | G2: 5 | H2: 6 | I2: 7 | J2: 8 | K2: 9 | L2: 10 | M2: 11 | N2: 12 | O2: 13 | P2: 14 | Q2: 15 | R2: 16 | S2: 17 | T2: 18 | U2: 19 | V2: 20 | W2: 21 | X2: 22 | Y2: 23 | Z2: 24 | AA2: 25 | AB2: 26 | AC2: 27 | AD2: 28 | AE2: 29 | AF2: 30 | AG2: 31 | AH2: 32 | AI2: 33 | AJ2: 34 | AK2: 35 | AL2: 36 | AM2: 37 | AN2: 38 | AO2: 39 | AP2: 40 | AQ2: 41 | AR2: 42 | AS2: 43 | AT2: 44 | AU2: 45 | AV2: 46 | AW2: 47 | AX2: 48 | AY2: 49 | AZ2: 50 | BA2: 51 | BB2: 52 | BC2: 53 | BD2: 54 | BE2: 55
B3: Priority | C3: Market | D3: CSI | E3: Real CSI | F3: %Ach. CSI | G3: pts CSI | H3: SSI | I3: Real SSI | J3: %Ach. SSI | K3: pts SSI | L3: NRC Implementation | M3: Status NRC | N3: %Ach. NRC | O3: pts NRC | P3: Trainin (Compliance %) | Q3: Real TR | R3: %Ach. TR | S3: pts TR | T3: Service Campaing | U3: Real SC | V3: %Ach. SC | W3: pts SC | X3: Lead Management | Y3: %Ach. Lead Mang. | Z3: pts Lead | AA3: Share of Investment | AB3: %Ach. SOI | AC3: pts SOI | AD3: 360 Game Plan | AE3: % Ach. 360 | AF3: pts 360 | AG3: Sell In (USD) | AH3: Real Sell In | AI3: %Ach. Sell In | AJ3: pts Sell In | AK3: Retention | AL3: Real Retention | AM3: %Ach. Retention | AN3: pts Retention | AO3: Retail Sales | AP3: Real RS | AQ3: %Ach. RS | AR3: pts RS | AS3: RR CSI | AT3: RR SSI | AU3: TTT Sales | AV3: TTT Tech Level | AW3: TR Sales | AX3: Real TR Sales | AY3: %Ach. TR Sales | AZ3: pts TR Sales | BA3: TR AS | BB3: Real TR AS | BC3: %Ach. TR AS | BD3: pts TR AS | BE3: Total | BF3: NRC-IMP
B4: 6 MAIN | C4: COL | D4: 0.78 | E4: =VLOOKUP(C4,WB!$C$78:$U$92,WB!$J$76,FALSE) -> 0.791 | F4: =E4/D4 -> 1.0141026 | G4: =IF(F4>=100%,6%,F4*6%/100%) -> 0.06 | H4: 0.92 | I4: =VLOOKUP(C4,WB!$C$78:$U$92,WB!$K$76,FALSE) -> 0.958 | J4: =I4/H4 -> 1.0413043 | K4: =IF(J4>=100%,6%,J4*6%/100%) -> 0.06 | L4: NRC Plan FY25-FY26, signed in Q1 FY25 | M4: Signed | N4: 0.1 | O4: =IF(N4>=100%,5%,N4*5%/100%) -> 0.005 | P4: 0.9 | Q4: =AZ4+BD4 -> 0.85718714 | R4: =Q4/P4 -> 0.95243016 | S4: =IF(R4>=100%,4%,R4*4%/100%) -> 0.038097206 | T4: 0.69 | U4: =VLOOKUP(C4,WB!$C$137:$AA$154,WB!$Q$136,FALSE) -> 0.62841876 | V4: =U4/T4 -> 0.91075183 | W4: =IF(V4>=100%,4%,V4*4%/100%) -> 0.036430073 | X4: Montly Report | Y4: =VLOOKUP(C4,WB!$R$3:$AD$18,WB!$AD$2,FALSE) -> 0.5 | Z4: =IF(Y4>=100%,5%,Y4*5%/100%) -> 0.025 | AA4: Q2 | AB4: 0.5 | AC4: =IF(AB4>=100%,3%,AB4*3%/100%) -> 0.015 | AD4: Q3 | AE4: 0.75 | AF4: =IF(AE4>=100%,7%,AE4*7%/100%) -> 0.0525 | AG4: 22300000 | AH4: =VLOOKUP(C4,WB!$C$99:$U$132,WB!$J$98,FALSE) -> 11072189 | AI4: =AH4/AG4 -> 0.49651072 | AJ4: =IF(AI4>=100%,20%,AI4*20%/100%) -> 0.099302143 | AK4: 1 | AL4: =VLOOKUP(C4,WB!$C$99:$U$132,WB!$K$98,FALSE) -> 1.04 | AM4: =AL4/AK4 -> 1.04 | AN4: =IF(AM4>=100%,10%,AM4*10%/100%) -> 0.1 | AO4: 13201 | AP4: =VLOOKUP(C4,WB!$B$3:$O$35,WB!$O$2,FALSE) -> 7883 | AQ4: =AP4/AO4 -> 0.59715173 | AR4: =IF(AQ4>=100%,30%,AQ4*30%/100%) -> 0.17914552 | AS4: 0.29 | AT4: 0.41 | AW4: 0.9 | AX4: =VLOOKUP(C4,WB!$B$42:$U$71,WB!$I$40,FALSE) -> 0.98448729 | AY4: =AX4/AW4 -> 1.0938748 | AZ4: =IF(AND(BC4<100%,AY4>=100%),45%,AY4*45%/100%) -> 0.45 | BA4: 0.9 | BB4: =VLOOKUP(C4,WB!$B$42:$U$71,WB!$H$40,FALSE) -> 0.81437428 | BC4: =BB4/BA4 -> 0.90486031 | BD4: =IF(AND(AY4<100%,BC4>=100%),45%,BC4*45%/100%) -> 0.40718714 | BE4: =AR4+AN4+AJ4+W4+S4+K4+G4+AF4+AC4+Z4+O4 -> 0.67047494 | BF4: 0.3
B5: 6 MAIN | C5: PLT | D5: 0.82 | E5: =VLOOKUP(C5,WB!$C$78:$U$92,WB!$J$76,FALSE) -> 0.848 | F5: =E5/D5 -> 1.0341463 | G5: =IF(F5>=100%,6%,F5*6%/100%) -> 0.06 | H5: 0.91 | I5: =VLOOKUP(C5,WB!$C$78:$U$92,WB!$K$76,FALSE) -> 0.918 | J5: =I5/H5 -> 1.0087912 | K5: =IF(J5>=100%,6%,J5*6%/100%) -> 0.06 | L5: NRC Plan FY25-FY26, signed in Q1 FY25 | M5: WIP | N5: 0 | O5: =IF(N5>=100%,5%,N5*5%/100%) -> 0 | P5: 0.9 | Q5: =AZ5+BD5 -> 0.83333333 | R5: =Q5/P5 -> 0.92592593 | S5: =IF(R5>=100%,4%,R5*4%/100%) -> 0.037037037 | T5: 0.5 | U5: =VLOOKUP(C5,WB!$C$137:$AA$154,WB!$Q$136,FALSE) -> 0.46404996 | V5: =U5/T5 -> 0.92809991 | W5: =IF(V5>=100%,4%,V5*4%/100%) -> 0.037123996 | X5: Montly Report | Y5: =VLOOKUP(C5,WB!$R$3:$AD$18,WB!$AD$2,FALSE) -> 0.5 | Z5: =IF(Y5>=100%,5%,Y5*5%/100%) -> 0.025 | AA5: Q2 | AB5: 0.5 | AC5: =IF(AB5>=100%,3%,AB5*3%/100%) -> 0.015 | AD5: Q3 | AE5: 0.75 | AF5: =IF(AE5>=100%,7%,AE5*7%/100%) -> 0.0525 | AG5: 3200000 | AH5: =VLOOKUP(C5,WB!$C$99:$U$132,WB!$J$98,FALSE) -> 1360596 | AI5: =AH5/AG5 -> 0.42518625 | AJ5: =IF(AI5>=100%,20%,AI5*20%/100%) -> 0.08503725 | AK5: 0.86 | AL5: =VLOOKUP(C5,WB!$C$99:$U$132,WB!$K$98,FALSE) -> 0.86 | AM5: =AL5/AK5 -> 1 | AN5: =IF(AM5>=100%,10%,AM5*10%/100%) -> 0.1 | AO5: 6363 | AP5: =VLOOKUP(C5,WB!$B$3:$O$35,WB!$O$2,FALSE) -> 3818 | AQ5: =AP5/AO5 -> 0.60003143 | AR5: =IF(AQ5>=100%,30%,AQ5*30%/100%) -> 0.18000943 | AS5: 0.23 | AT5: 0.35 | AW5: 0.9 | AX5: =VLOOKUP(C5,WB!$B$42:$U$71,WB!$I$40,FALSE) -> 0.96511628 | AY5: =AX5/AW5 -> 1.0723514 | AZ5: =IF(AND(BC5<100%,AY5>=100%),45%,AY5*45%/100%) -> 0.45 | BA5: 0.9 | BB5: =VLOOKUP(C5,WB!$B$42:$U$71,WB!$H$40,FALSE) -> 0.76666667 | BC5: =BB5/BA5 -> 0.85185185 | BD5: =IF(AND(AY5<100%,BC5>=100%),45%,BC5*45%/100%) -> 0.38333333 | BE5: =AR5+AN5+AJ5+W5+S5+K5+G5+AF5+AC5+Z5+O5 -> 0.65170771
B6: 6 MAIN | C6: CST | D6: 0.92 | E6: =VLOOKUP(C6,WB!$C$78:$U$92,WB!$J$76,FALSE) -> 0.953 | F6: =E6/D6 -> 1.0358696 | G6: =IF(F6>=100%,6%,F6*6%/100%) -> 0.06 | H6: 0.92 | I6: =VLOOKUP(C6,WB!$C$78:$U$92,WB!$K$76,FALSE) -> 0.937 | J6: =I6/H6 -> 1.0184783 | K6: =IF(J6>=100%,6%,J6*6%/100%) -> 0.06 | L6: NRC Plan FY25-FY26, signed in Q1 FY25 | M6: Signed | N6: 0.1 | O6: =IF(N6>=100%,5%,N6*5%/100%) -> 0.005 | P6: 0.9 | Q6: =AZ6+BD6 -> 0.9942383 | R6: =Q6/P6 -> 1.1047092 | S6: =IF(R6>=100%,4%,R6*4%/100%) -> 0.04 | T6: 0.56 | U6: =VLOOKUP(C6,WB!$C$137:$AA$154,WB!$Q$136,FALSE) -> 0.59163103 | V6: =U6/T6 -> 1.056484 | W6: =IF(V6>=100%,4%,V6*4%/100%) -> 0.04 | X6: Montly Report | Y6: =VLOOKUP(C6,WB!$R$3:$AD$18,WB!$AD$2,FALSE) -> 0.5 | Z6: =IF(Y6>=100%,5%,Y6*5%/100%) -> 0.025 | AA6: Q2 | AB6: 0.5 | AC6: =IF(AB6>=100%,3%,AB6*3%/100%) -> 0.015 | AD6: Q3 | AE6: 0.75 | AF6: =IF(AE6>=100%,7%,AE6*7%/100%) -> 0.0525 | AG6: 6300000 | AH6: =VLOOKUP(C6,WB!$C$99:$U$132,WB!$J$98,FALSE) -> 4097809 | AI6: =AH6/AG6 -> 0.65044587 | AJ6: =IF(AI6>=100%,20%,AI6*20%/100%) -> 0.13008917 | AK6: 1.32 | AL6: =VLOOKUP(C6,WB!$C$99:$U$132,WB!$K$98,FALSE) -> 1.33 | AM6: =AL6/AK6 -> 1.0075758 | AN6: =IF(AM6>=100%,10%,AM6*10%/100%) -> 0.1 | AO6: 7091 | AP6: =VLOOKUP(C6,WB!$B$3:$O$35,WB!$O$2,FALSE) -> 4033 | AQ6: =AP6/AO6 -> 0.56874912 | AR6: =IF(AQ6>=100%,30%,AQ6*30%/100%) -> 0.17062474 | AS6: 0.36 | AT6: 0.41 | AW6: 0.9 | AX6: =VLOOKUP(C6,WB!$B$42:$U$71,WB!$I$40,FALSE) -> 0.98931624 | AY6: =AX6/AW6 -> 1.0992403 | AZ6: =IF(AND(BC6<100%,AY6>=100%),45%,AY6*45%/100%) -> 0.49465812 | BA6: 0.9 | BB6: =VLOOKUP(C6,WB!$B$42:$U$71,WB!$H$40,FALSE) -> 0.99916037 | BC6: =BB6/BA6 -> 1.1101782 | BD6: =IF(AND(AY6<100%,BC6>=100%),45%,BC6*45%/100%) -> 0.49958018 | BE6: =AR6+AN6+AJ6+W6+S6+K6+G6+AF6+AC6+Z6+O6 -> 0.69821391 | BF6: 0.7
B7: 6 MAIN | C7: ECA | D7: 0.85 | E7: =VLOOKUP(C7,WB!$C$78:$U$92,WB!$J$76,FALSE) -> 0.871 | F7: =E7/D7 -> 1.0247059 | G7: =IF(F7>=100%,6%,F7*6%/100%) -> 0.06 | H7: 0.94 | I7: =VLOOKUP(C7,WB!$C$78:$U$92,WB!$K$76,FALSE) -> 0.963 | J7: =I7/H7 -> 1.0244681 | K7: =IF(J7>=100%,6%,J7*6%/100%) -> 0.06 | L7: Dealer Network Plan Proposal Approved by NIBU - Q3 | M7: Signed | N7: 0.1 | O7: =IF(N7>=100%,5%,N7*5%/100%) -> 0.005 | P7: 0.9 | Q7: =AZ7+BD7 -> 0.93439028 | R7: =Q7/P7 -> 1.0382114 | S7: =IF(R7>=100%,4%,R7*4%/100%) -> 0.04 | T7: 0.55 | U7: =VLOOKUP(C7,WB!$C$137:$AA$154,WB!$Q$136,FALSE) -> 0.6801956 | V7: =U7/T7 -> 1.2367193 | W7: =IF(V7>=100%,4%,V7*4%/100%) -> 0.04 | X7: Montly Report | Y7: =VLOOKUP(C7,WB!$R$3:$AD$18,WB!$AD$2,FALSE) -> 0.5 | Z7: =IF(Y7>=100%,5%,Y7*5%/100%) -> 0.025 | AA7: Q2 | AB7: 0.5 | AC7: =IF(AB7>=100%,3%,AB7*3%/100%) -> 0.015 | AD7: Q3 | AE7: 0.75 | AF7: =IF(AE7>=100%,7%,AE7*7%/100%) -> 0.0525 | AG7: 4600000 | AH7: =VLOOKUP(C7,WB!$C$99:$U$132,WB!$J$98,FALSE) -> 2441588 | AI7: =AH7/AG7 -> 0.53078 | AJ7: =IF(AI7>=100%,20%,AI7*20%/100%) -> 0.106156 | AK7: 1.04 | AL7: =VLOOKUP(C7,WB!$C$99:$U$132,WB!$K$98,FALSE) -> 1.04 | AM7: =AL7/AK7 -> 1 | AN7: =IF(AM7>=100%,10%,AM7*10%/100%) -> 0.1 | AO7: 1750 | AP7: =VLOOKUP(C7,WB!$B$3:$O$35,WB!$O$2,FALSE) -> 908 | AQ7: =AP7/AO7 -> 0.51885714 | AR7: =IF(AQ7>=100%,30%,AQ7*30%/100%) -> 0.15565714 | AS7: 0.36 | AT7: 0.4 | AW7: 0.9 | AX7: =VLOOKUP(C7,WB!$B$42:$U$71,WB!$I$40,FALSE) -> 0.91666667 | AY7: =AX7/AW7 -> 1.0185185 | AZ7: =IF(AND(BC7<100%,AY7>=100%),45%,AY7*45%/100%) -> 0.45833333 | BA7: 0.9 | BB7: =VLOOKUP(C7,WB!$B$42:$U$71,WB!$H$40,FALSE) -> 0.95211389 | BC7: =BB7/BA7 -> 1.0579043 | BD7: =IF(AND(AY7<100%,BC7>=100%),45%,BC7*45%/100%) -> 0.47605695 | BE7: =AR7+AN7+AJ7+W7+S7+K7+G7+AF7+AC7+Z7+O7 -> 0.65931314 | BF7: -
B8: 6 MAIN | C8: PNM | D8: 0.86 | E8: =VLOOKUP(C8,WB!$C$78:$U$92,WB!$J$76,FALSE) -> 0.887 | F8: =E8/D8 -> 1.0313953 | G8: =IF(F8>=100%,6%,F8*6%/100%) -> 0.06 | H8: 0.9 | I8: =VLOOKUP(C8,WB!$C$78:$U$92,WB!$K$76,FALSE) -> 0.97 | J8: =I8/H8 -> 1.0777778 | K8: =IF(J8>=100%,6%,J8*6%/100%) -> 0.06 | L8: NRC Plan FY25-FY26, signed in Q1 FY25 | M8: Signed | N8: 0.1 | O8: =IF(N8>=100%,5%,N8*5%/100%) -> 0.005 | P8: 0.9 | Q8: =AZ8+BD8 -> 0.97982216 | R8: =Q8/P8 -> 1.0886913 | S8: =IF(R8>=100%,4%,R8*4%/100%) -> 0.04 | T8: 0.66 | U8: =VLOOKUP(C8,WB!$C$137:$AA$154,WB!$Q$136,FALSE) -> 0.73817035 | V8: =U8/T8 -> 1.1184399 | W8: =IF(V8>=100%,4%,V8*4%/100%) -> 0.04 | X8: Montly Report | Y8: =VLOOKUP(C8,WB!$R$3:$AD$18,WB!$AD$2,FALSE) -> 0.5 | Z8: =IF(Y8>=100%,5%,Y8*5%/100%) -> 0.025 | AA8: Q2 | AB8: 0.5 | AC8: =IF(AB8>=100%,3%,AB8*3%/100%) -> 0.015 | AD8: Q3 | AE8: 0.75 | AF8: =IF(AE8>=100%,7%,AE8*7%/100%) -> 0.0525 | AG8: 5130381 | AH8: =VLOOKUP(C8,WB!$C$99:$U$132,WB!$J$98,FALSE) -> 2215566 | AI8: =AH8/AG8 -> 0.43185214 | AJ8: =IF(AI8>=100%,20%,AI8*20%/100%) -> 0.086370427 | AK8: 0.77 | AL8: =VLOOKUP(C8,WB!$C$99:$U$132,WB!$K$98,FALSE) -> 0.76 | AM8: =AL8/AK8 -> 0.98701299 | AN8: =IF(AM8>=100%,10%,AM8*10%/100%) -> 0.098701299 | AO8: 2600 | AP8: =VLOOKUP(C8,WB!$B$3:$O$35,WB!$O$2,FALSE) -> 1146 | AQ8: =AP8/AO8 -> 0.44076923 | AR8: =IF(AQ8>=100%,30%,AQ8*30%/100%) -> 0.13223077 | AS8: 0.36 | AT8: 0.41 | AW8: 0.9 | AX8: =VLOOKUP(C8,WB!$B$42:$U$71,WB!$I$40,FALSE) -> 0.95964432 | AY8: =AX8/AW8 -> 1.0662715 | AZ8: =IF(AND(BC8<100%,AY8>=100%),45%,AY8*45%/100%) -> 0.47982216 | BA8: 0.9 | BB8: =VLOOKUP(C8,WB!$B$42:$U$71,WB!$H$40,FALSE) -> 1 | BC8: =BB8/BA8 -> 1.1111111 | BD8: =IF(AND(AY8<100%,BC8>=100%),45%,BC8*45%/100%) -> 0.5 | BE8: =AR8+AN8+AJ8+W8+S8+K8+G8+AF8+AC8+Z8+O8 -> 0.6148025 | BF8: 0.8
B9: 6 MAIN | C9: URU | D9: 0.94 | E9: =VLOOKUP(C9,WB!$C$78:$U$92,WB!$J$76,FALSE) -> 0.992 | F9: =E9/D9 -> 1.0553191 | G9: =IF(F9>=100%,6%,F9*6%/100%) -> 0.06 | H9: 0.95 | I9: =VLOOKUP(C9,WB!$C$78:$U$92,WB!$K$76,FALSE) -> 0.989 | J9: =I9/H9 -> 1.0410526 | K9: =IF(J9>=100%,6%,J9*6%/100%) -> 0.06 | L9: NRC Plan FY25-FY26, signed in Q1 FY25 | M9: Signed | N9: 0.1 | O9: =IF(N9>=100%,5%,N9*5%/100%) -> 0.005 | P9: 0.9 | Q9: =AZ9+BD9 -> 0.89956487 | R9: =Q9/P9 -> 0.99951653 | S9: =IF(R9>=100%,4%,R9*4%/100%) -> 0.039980661 | T9: 0.45 | U9: =VLOOKUP(C9,WB!$C$137:$AA$154,WB!$Q$136,FALSE) -> 0.41526298 | V9: =U9/T9 -> 0.92280662 | W9: =IF(V9>=100%,4%,V9*4%/100%) -> 0.036912265 | X9: Montly Report | Y9: =VLOOKUP(C9,WB!$R$3:$AD$18,WB!$AD$2,FALSE) -> 0.5 | Z9: =IF(Y9>=100%,5%,Y9*5%/100%) -> 0.025 | AA9: Q2 | AB9: 0.5 | AC9: =IF(AB9>=100%,3%,AB9*3%/100%) -> 0.015 | AD9: Q3 | AE9: 0.75 | AF9: =IF(AE9>=100%,7%,AE9*7%/100%) -> 0.0525 | AG9: 2730000 | AH9: =VLOOKUP(C9,WB!$C$99:$U$132,WB!$J$98,FALSE) -> 1638459 | AI9: =AH9/AG9 -> 0.60016813 | AJ9: =IF(AI9>=100%,20%,AI9*20%/100%) -> 0.12003363 | AK9: 0.85 | AL9: =VLOOKUP(C9,WB!$C$99:$U$132,WB!$K$98,FALSE) -> 0.85 | AM9: =AL9/AK9 -> 1 | AN9: =IF(AM9>=100%,10%,AM9*10%/100%) -> 0.1 | AO9: 2200 | AP9: =VLOOKUP(C9,WB!$B$3:$O$35,WB!$O$2,FALSE) -> 846 | AQ9: =AP9/AO9 -> 0.38454545 | AR9: =IF(AQ9>=100%,30%,AQ9*30%/100%) -> 0.11536364 | AS9: 0.3 | AT9: 0.36 | AW9: 0.9 | AX9: =VLOOKUP(C9,WB!$B$42:$U$71,WB!$I$40,FALSE) -> 0.90604575 | AY9: =AX9/AW9 -> 1.0067175 | AZ9: =IF(AND(BC9<100%,AY9>=100%),45%,AY9*45%/100%) -> 0.45 | BA9: 0.9 | BB9: =VLOOKUP(C9,WB!$B$42:$U$71,WB!$H$40,FALSE) -> 0.89912975 | BC9: =BB9/BA9 -> 0.99903305 | BD9: =IF(AND(AY9<100%,BC9>=100%),45%,BC9*45%/100%) -> 0.44956487 | BE9: =AR9+AN9+AJ9+W9+S9+K9+G9+AF9+AC9+Z9+O9 -> 0.62979019 | BF9: 0.4
B10: NO MAIN | C10: ELS | D10: 0.7 | E10: =VLOOKUP(C10,WB!$C$78:$U$92,WB!$J$76,FALSE) -> 0.755 | F10: =E10/D10 -> 1.0785714 | G10: =IF(F10>=100%,6%,F10*6%/100%) -> 0.06 | H10: 0.83 | I10: =VLOOKUP(C10,WB!$C$78:$U$92,WB!$K$76,FALSE) -> 0.949 | J10: =I10/H10 -> 1.1433735 | K10: =IF(J10>=100%,6%,J10*6%/100%) -> 0.06 | L10: NRC Plan FY25-FY26, signed in Q1 FY25 | M10: Signed | N10: 0.1 | O10: =IF(N10>=100%,5%,N10*5%/100%) -> 0.005 | P10: 0.9 | Q10: =AZ10+BD10 -> 0.96117502 | R10: =Q10/P10 -> 1.0679722 | S10: =IF(R10>=100%,4%,R10*4%/100%) -> 0.04 | T10: 0.67 | U10: =VLOOKUP(C10,WB!$C$137:$AA$154,WB!$Q$136,FALSE) -> 0.54865424 | V10: =U10/T10 -> 0.81888693 | W10: =IF(V10>=100%,4%,V10*4%/100%) -> 0.032755477 | X10: Montly Report | Y10: =VLOOKUP(C10,WB!$R$3:$AD$18,WB!$AD$2,FALSE) -> 0.5 | Z10: =IF(Y10>=100%,5%,Y10*5%/100%) -> 0.025 | AA10: Q2 | AB10: 0.5 | AC10: =IF(AB10>=100%,3%,AB10*3%/100%) -> 0.015 | AD10: Q3 | AE10: 0.75 | AF10: =IF(AE10>=100%,7%,AE10*7%/100%) -> 0.0525 | AG10: 2582000 | AH10: =VLOOKUP(C10,WB!$C$99:$U$132,WB!$J$98,FALSE) -> 1482874 | AI10: =AH10/AG10 -> 0.57431216 | AJ10: =IF(AI10>=100%,20%,AI10*20%/100%) -> 0.11486243 | AK10: 1.02 | AL10: =VLOOKUP(C10,WB!$C$99:$U$132,WB!$K$98,FALSE) -> 0.94 | AM10: =AL10/AK10 -> 0.92156863 | AN10: =IF(AM10>=100%,10%,AM10*10%/100%) -> 0.092156863 | AO10: 2436 | AP10: =VLOOKUP(C10,WB!$B$3:$O$35,WB!$O$2,FALSE) -> 1158 | AQ10: =AP10/AO10 -> 0.47536946 | AR10: =IF(AQ10>=100%,30%,AQ10*30%/100%) -> 0.14261084 | AS10: 0.25 | AT10: 0.36 | AW10: 0.9 | AX10: =VLOOKUP(C10,WB!$B$42:$U$71,WB!$I$40,FALSE) -> 0.96969697 | AY10: =AX10/AW10 -> 1.0774411 | AZ10: =IF(AND(BC10<100%,AY10>=100%),45%,AY10*45%/100%) -> 0.48484848 | BA10: 0.9 | BB10: =VLOOKUP(C10,WB!$B$42:$U$71,WB!$H$40,FALSE) -> 0.95265306 | BC10: =BB10/BA10 -> 1.0585034 | BD10: =IF(AND(AY10<100%,BC10>=100%),45%,BC10*45%/100%) -> 0.47632653 | BE10: =AR10+AN10+AJ10+W10+S10+K10+G10+AF10+AC10+Z10+O10 -> 0.63988561 | BF10: 0.2
B11: NO MAIN | C11: HND | D11: 0.7 | E11: =VLOOKUP(C11,WB!$C$78:$U$92,WB!$J$76,FALSE) -> 0.663 | F11: =E11/D11 -> 0.94714286 | G11: =IF(F11>=100%,6%,F11*6%/100%) -> 0.056828571 | H11: 0.83 | I11: =VLOOKUP(C11,WB!$C$78:$U$92,WB!$K$76,FALSE) -> 0.991 | J11: =I11/H11 -> 1.1939759 | K11: =IF(J11>=100%,6%,J11*6%/100%) -> 0.06 | L11: NRC Plan FY25-FY26, signed in Q1 FY25 | M11: Signed | N11: 0.1 | O11: =IF(N11>=100%,5%,N11*5%/100%) -> 0.005 | P11: 0.9 | Q11: =AZ11+BD11 -> 0.98637602 | R11: =Q11/P11 -> 1.0959734 | S11: =IF(R11>=100%,4%,R11*4%/100%) -> 0.04 | T11: 0.62 | U11: =VLOOKUP(C11,WB!$C$137:$AA$154,WB!$Q$136,FALSE) -> 0.47816594 | V11: =U11/T11 -> 0.77123539 | W11: =IF(V11>=100%,4%,V11*4%/100%) -> 0.030849415 | X11: Montly Report | Y11: =VLOOKUP(C11,WB!$R$3:$AD$18,WB!$AD$2,FALSE) -> 0.5 | Z11: =IF(Y11>=100%,5%,Y11*5%/100%) -> 0.025 | AA11: Q2 | AB11: 0.5 | AC11: =IF(AB11>=100%,3%,AB11*3%/100%) -> 0.015 | AD11: Q3 | AE11: 0.75 | AF11: =IF(AE11>=100%,7%,AE11*7%/100%) -> 0.0525 | AG11: 2642000 | AH11: =VLOOKUP(C11,WB!$C$99:$U$132,WB!$J$98,FALSE) -> 1604426 | AI11: =AH11/AG11 -> 0.60727706 | AJ11: =IF(AI11>=100%,20%,AI11*20%/100%) -> 0.12145541 | AK11: 1.17 | AL11: =VLOOKUP(C11,WB!$C$99:$U$132,WB!$K$98,FALSE) -> 1.19 | AM11: =AL11/AK11 -> 1.017094 | AN11: =IF(AM11>=100%,10%,AM11*10%/100%) -> 0.1 | AO11: 2620 | AP11: =VLOOKUP(C11,WB!$B$3:$O$35,WB!$O$2,FALSE) -> 1425 | AQ11: =AP11/AO11 -> 0.54389313 | AR11: =IF(AQ11>=100%,30%,AQ11*30%/100%) -> 0.16316794 | AS11: 0.25 | AT11: 0.36 | AW11: 0.9 | AX11: =VLOOKUP(C11,WB!$B$42:$U$71,WB!$I$40,FALSE) -> 1 | AY11: =AX11/AW11 -> 1.1111111 | AZ11: =IF(AND(BC11<100%,AY11>=100%),45%,AY11*45%/100%) -> 0.5 | BA11: 0.9 | BB11: =VLOOKUP(C11,WB!$B$42:$U$71,WB!$H$40,FALSE) -> 0.97275204 | BC11: =BB11/BA11 -> 1.0808356 | BD11: =IF(AND(AY11<100%,BC11>=100%),45%,BC11*45%/100%) -> 0.48637602 | BE11: =AR11+AN11+AJ11+W11+S11+K11+G11+AF11+AC11+Z11+O11 -> 0.66980134 | BF11: 0.2
B12: NO MAIN | C12: NIC | D12: 0.7 | E12: =VLOOKUP(C12,WB!$C$78:$U$92,WB!$J$76,FALSE) -> 0.567 | F12: =E12/D12 -> 0.81 | G12: =IF(F12>=100%,6%,F12*6%/100%) -> 0.0486 | H12: 0.83 | I12: =VLOOKUP(C12,WB!$C$78:$U$92,WB!$K$76,FALSE) -> 0.903 | J12: =I12/H12 -> 1.0879518 | K12: =IF(J12>=100%,6%,J12*6%/100%) -> 0.06 | L12: NRC Plan FY25-FY26, signed in Q1 FY25 | M12: Signed | N12: 0.1 | O12: =IF(N12>=100%,5%,N12*5%/100%) -> 0.005 | P12: 0.9 | Q12: =AZ12+BD12 -> 0.86049672 | R12: =Q12/P12 -> 0.95610747 | S12: =IF(R12>=100%,4%,R12*4%/100%) -> 0.038244299 | T12: 0.75 | U12: =VLOOKUP(C12,WB!$C$137:$AA$154,WB!$Q$136,FALSE) -> 0.54455446 | V12: =U12/T12 -> 0.72607261 | W12: =IF(V12>=100%,4%,V12*4%/100%) -> 0.029042904 | X12: Montly Report | Y12: =VLOOKUP(C12,WB!$R$3:$AD$18,WB!$AD$2,FALSE) -> 0.5 | Z12: =IF(Y12>=100%,5%,Y12*5%/100%) -> 0.025 | AA12: Q2 | AB12: 0.5 | AC12: =IF(AB12>=100%,3%,AB12*3%/100%) -> 0.015 | AD12: Q3 | AE12: 0.75 | AF12: =IF(AE12>=100%,7%,AE12*7%/100%) -> 0.0525 | AG12: 1142000 | AH12: =VLOOKUP(C12,WB!$C$99:$U$132,WB!$J$98,FALSE) -> 579421 | AI12: =AH12/AG12 -> 0.50737391 | AJ12: =IF(AI12>=100%,20%,AI12*20%/100%) -> 0.10147478 | AK12: 0.9 | AL12: =VLOOKUP(C12,WB!$C$99:$U$132,WB!$K$98,FALSE) -> 1.08 | AM12: =AL12/AK12 -> 1.2 | AN12: =IF(AM12>=100%,10%,AM12*10%/100%) -> 0.1 | AO12: 1326 | AP12: =VLOOKUP(C12,WB!$B$3:$O$35,WB!$O$2,FALSE) -> 661 | AQ12: =AP12/AO12 -> 0.4984917 | AR12: =IF(AQ12>=100%,30%,AQ12*30%/100%) -> 0.14954751 | AS12: 0.25 | AT12: 0.36 | AW12: 0.9 | AX12: =VLOOKUP(C12,WB!$B$42:$U$71,WB!$I$40,FALSE) -> 1 | AY12: =AX12/AW12 -> 1.1111111 | AZ12: =IF(AND(BC12<100%,AY12>=100%),45%,AY12*45%/100%) -> 0.45 | BA12: 0.9 | BB12: =VLOOKUP(C12,WB!$B$42:$U$71,WB!$H$40,FALSE) -> 0.82099344 | BC12: =BB12/BA12 -> 0.91221493 | BD12: =IF(AND(AY12<100%,BC12>=100%),45%,BC12*45%/100%) -> 0.41049672 | BE12: =AR12+AN12+AJ12+W12+S12+K12+G12+AF12+AC12+Z12+O12 -> 0.6244095 | BF12: 0.9
B13: NO MAIN | C13: DOM | D13: 0.7 | E13: =VLOOKUP(C13,WB!$C$78:$U$92,WB!$J$76,FALSE) -> 0.763 | F13: =E13/D13 -> 1.09 | G13: =IF(F13>=100%,6%,F13*6%/100%) -> 0.06 | H13: 0.88 | I13: =VLOOKUP(C13,WB!$C$78:$U$92,WB!$K$76,FALSE) -> 0.956 | J13: =I13/H13 -> 1.0863636 | K13: =IF(J13>=100%,6%,J13*6%/100%) -> 0.06 | L13: NRC Plan FY25-FY26, signed in Q1 FY25 | M13: Signed | N13: 0.1 | O13: =IF(N13>=100%,5%,N13*5%/100%) -> 0.005 | P13: 0.9 | Q13: =AZ13+BD13 -> 1 | R13: =Q13/P13 -> 1.1111111 | S13: =IF(R13>=100%,4%,R13*4%/100%) -> 0.04 | T13: 0.74 | U13: =VLOOKUP(C13,WB!$C$137:$AA$154,WB!$Q$136,FALSE) -> 0.73988439 | V13: =U13/T13 -> 0.99984377 | W13: =IF(V13>=100%,4%,V13*4%/100%) -> 0.039993751 | X13: Montly Report | Y13: =VLOOKUP(C13,WB!$R$3:$AD$18,WB!$AD$2,FALSE) -> 0.6 | Z13: =IF(Y13>=100%,5%,Y13*5%/100%) -> 0.03 | AA13: Q3 | AB13: 0.75 | AC13: =IF(AB13>=100%,3%,AB13*3%/100%) -> 0.0225 | AD13: Q3 | AE13: 0.75 | AF13: =IF(AE13>=100%,7%,AE13*7%/100%) -> 0.0525 | AG13: 3400000 | AH13: =VLOOKUP(C13,WB!$C$99:$U$132,WB!$J$98,FALSE) -> 1760989 | AI13: =AH13/AG13 -> 0.51793794 | AJ13: =IF(AI13>=100%,20%,AI13*20%/100%) -> 0.10358759 | AK13: 1.48 | AL13: =VLOOKUP(C13,WB!$C$99:$U$132,WB!$K$98,FALSE) -> 1.44 | AM13: =AL13/AK13 -> 0.97297297 | AN13: =IF(AM13>=100%,10%,AM13*10%/100%) -> 0.097297297 | AO13: 2390 | AP13: =VLOOKUP(C13,WB!$B$3:$O$35,WB!$O$2,FALSE) -> 990 | AQ13: =AP13/AO13 -> 0.41422594 | AR13: =IF(AQ13>=100%,30%,AQ13*30%/100%) -> 0.12426778 | AS13: 0.23 | AT13: 0.33 | AW13: 0.9 | AX13: =VLOOKUP(C13,WB!$B$42:$U$71,WB!$I$40,FALSE) -> 1 | AY13: =AX13/AW13 -> 1.1111111 | AZ13: =IF(AND(BC13<100%,AY13>=100%),45%,AY13*45%/100%) -> 0.5 | BA13: 0.9 | BB13: =VLOOKUP(C13,WB!$B$42:$U$71,WB!$H$40,FALSE) -> 1 | BC13: =BB13/BA13 -> 1.1111111 | BD13: =IF(AND(AY13<100%,BC13>=100%),45%,BC13*45%/100%) -> 0.5 | BE13: =AR13+AN13+AJ13+W13+S13+K13+G13+AF13+AC13+Z13+O13 -> 0.63514642 | BF13: 0.7
B14: NO MAIN | C14: GUT | D14: 0.75 | E14: =VLOOKUP(C14,WB!$C$78:$U$92,WB!$J$76,FALSE) -> 0.761 | F14: =E14/D14 -> 1.0146667 | G14: =IF(F14>=100%,6%,F14*6%/100%) -> 0.06 | H14: 0.83 | I14: =VLOOKUP(C14,WB!$C$78:$U$92,WB!$K$76,FALSE) -> 0.878 | J14: =I14/H14 -> 1.0578313 | K14: =IF(J14>=100%,6%,J14*6%/100%) -> 0.06 | L14: NRC Plan FY25-FY26, signed in Q1 FY25 | M14: Signed | N14: 0.1 | O14: =IF(N14>=100%,5%,N14*5%/100%) -> 0.005 | P14: 0.9 | Q14: =AZ14+BD14 -> 0.86935484 | R14: =Q14/P14 -> 0.96594982 | S14: =IF(R14>=100%,4%,R14*4%/100%) -> 0.038637993 | T14: 0.71 | U14: =VLOOKUP(C14,WB!$C$137:$AA$154,WB!$Q$136,FALSE) -> 0.54352941 | V14: =U14/T14 -> 0.76553438 | W14: =IF(V14>=100%,4%,V14*4%/100%) -> 0.030621375 | X14: Montly Report | Y14: =VLOOKUP(C14,WB!$R$3:$AD$18,WB!$AD$2,FALSE) -> 0.5 | Z14: =IF(Y14>=100%,5%,Y14*5%/100%) -> 0.025 | AA14: NA | AB14: NA | AD14: Q3 | AE14: 0.75 | AF14: =IF(AE14>=100%,10%,AE14*10%/100%) -> 0.075 | AG14: 2360000 | AH14: =VLOOKUP(C14,WB!$C$99:$U$132,WB!$J$98,FALSE) -> 1705808 | AI14: =AH14/AG14 -> 0.7228 | AJ14: =IF(AI14>=100%,20%,AI14*20%/100%) -> 0.14456 | AK14: 1.39 | AL14: =VLOOKUP(C14,WB!$C$99:$U$132,WB!$K$98,FALSE) -> 1.37 | AM14: =AL14/AK14 -> 0.98561151 | AN14: =IF(AM14>=100%,10%,AM14*10%/100%) -> 0.098561151 | AO14: 2400 | AP14: =VLOOKUP(C14,WB!$B$3:$O$35,WB!$O$2,FALSE) -> 1165 | AQ14: =AP14/AO14 -> 0.48541667 | AR14: =IF(AQ14>=100%,30%,AQ14*30%/100%) -> 0.145625 | AS14: 0.28 | AT14: 0.4 | AW14: 0.9 | AX14: =VLOOKUP(C14,WB!$B$42:$U$71,WB!$I$40,FALSE) -> 0.94 | AY14: =AX14/AW14 -> 1.0444444 | AZ14: =IF(AND(BC14<100%,AY14>=100%),45%,AY14*45%/100%) -> 0.45 | BA14: 0.9 | BB14: =VLOOKUP(C14,WB!$B$42:$U$71,WB!$H$40,FALSE) -> 0.83870968 | BC14: =BB14/BA14 -> 0.93189964 | BD14: =IF(AND(AY14<100%,BC14>=100%),45%,BC14*45%/100%) -> 0.41935484 | BE14: =AR14+AN14+AJ14+W14+S14+K14+G14+AF14+AC14+Z14+O14 -> 0.68300552 | BF14: 0.3
B15: NO MAIN | C15: PRG | D15: 0.84 | E15: =VLOOKUP(C15,WB!$C$78:$U$92,WB!$J$76,FALSE) -> 0.892 | F15: =E15/D15 -> 1.0619048 | G15: =IF(F15>=100%,6%,F15*6%/100%) -> 0.06 | H15: 0.9 | I15: =VLOOKUP(C15,WB!$C$78:$U$92,WB!$K$76,FALSE) -> 0.945 | J15: =I15/H15 -> 1.05 | K15: =IF(J15>=100%,6%,J15*6%/100%) -> 0.06 | L15: NRC Plan FY25-FY26, signed in Q1 FY25 | M15: Signed | N15: 0.1 | O15: =IF(N15>=100%,5%,N15*5%/100%) -> 0.005 | P15: 0.9 | Q15: =AZ15+BD15 -> 0.88478261 | R15: =Q15/P15 -> 0.98309179 | S15: =IF(R15>=100%,4%,R15*4%/100%) -> 0.039323671 | T15: 0.74 | U15: =VLOOKUP(C15,WB!$C$137:$AA$154,WB!$Q$136,FALSE) -> 0.70674487 | V15: =U15/T15 -> 0.95506063 | W15: =IF(V15>=100%,4%,V15*4%/100%) -> 0.038202425 | X15: Montly Report | Y15: =VLOOKUP(C15,WB!$R$3:$AD$18,WB!$AD$2,FALSE) -> 0.2 | Z15: =IF(Y15>=100%,5%,Y15*5%/100%) -> 0.01 | AA15: NA | AB15: NA | AD15: Q3 | AE15: 0.75 | AF15: =IF(AE15>=100%,10%,AE15*10%/100%) -> 0.075 | AG15: 4850000 | AH15: =VLOOKUP(C15,WB!$C$99:$U$132,WB!$J$98,FALSE) -> 2167868 | AI15: =AH15/AG15 -> 0.44698309 | AJ15: =IF(AI15>=100%,20%,AI15*20%/100%) -> 0.089396619 | AK15: 1.27 | AL15: =VLOOKUP(C15,WB!$C$99:$U$132,WB!$K$98,FALSE) -> 1.56 | AM15: =AL15/AK15 -> 1.2283465 | AN15: =IF(AM15>=100%,10%,AM15*10%/100%) -> 0.1 | AO15: 2300 | AP15: =VLOOKUP(C15,WB!$B$3:$O$35,WB!$O$2,FALSE) -> 1061 | AQ15: =AP15/AO15 -> 0.46130435 | AR15: =IF(AQ15>=100%,30%,AQ15*30%/100%) -> 0.1383913 | AS15: 0.28 | AT15: 0.41 | AW15: 0.9 | AX15: =VLOOKUP(C15,WB!$B$42:$U$71,WB!$I$40,FALSE) -> 0.86956522 | AY15: =AX15/AW15 -> 0.96618357 | AZ15: =IF(AND(BC15<100%,AY15>=100%),45%,AY15*45%/100%) -> 0.43478261 | BA15: 0.9 | BB15: =VLOOKUP(C15,WB!$B$42:$U$71,WB!$H$40,FALSE) -> 0.93508937 | BC15: =BB15/BA15 -> 1.0389882 | BD15: =IF(AND(AY15<100%,BC15>=100%),45%,BC15*45%/100%) -> 0.45 | BE15: =AR15+AN15+AJ15+W15+S15+K15+G15+AF15+AC15+Z15+O15 -> 0.61531402
B16: NO MAIN | C16: BOL | D16: 0.85 | E16: =VLOOKUP(C16,WB!$C$78:$U$92,WB!$J$76,FALSE) -> 0.895 | F16: =E16/D16 -> 1.0529412 | G16: =IF(F16>=100%,6%,F16*6%/100%) -> 0.06 | H16: 0.87 | I16: =VLOOKUP(C16,WB!$C$78:$U$92,WB!$K$76,FALSE) -> 0.934 | J16: =I16/H16 -> 1.0735632 | K16: =IF(J16>=100%,6%,J16*6%/100%) -> 0.06 | L16: NRC Plan FY25-FY26, signed in Q1 FY25 | M16: Signed | N16: 0.1 | O16: =IF(N16>=100%,5%,N16*5%/100%) -> 0.005 | P16: 0.9 | Q16: =AZ16+BD16 -> 0.9619096 | R16: =Q16/P16 -> 1.0687884 | S16: =IF(R16>=100%,4%,R16*4%/100%) -> 0.04 | T16: 0.68 | U16: =VLOOKUP(C16,WB!$C$137:$AA$154,WB!$Q$136,FALSE) -> 0.55658436 | V16: =U16/T16 -> 0.81850641 | W16: =IF(V16>=100%,4%,V16*4%/100%) -> 0.032740257 | X16: Montly Report | Y16: =VLOOKUP(C16,WB!$R$3:$AD$18,WB!$AD$2,FALSE) -> 0.5 | Z16: =IF(Y16>=100%,5%,Y16*5%/100%) -> 0.025 | AA16: NA | AB16: NA | AD16: Q3 | AE16: 0.75 | AF16: =IF(AE16>=100%,10%,AE16*10%/100%) -> 0.075 | AG16: 2153000 | AH16: =VLOOKUP(C16,WB!$C$99:$U$132,WB!$J$98,FALSE) -> 862181 | AI16: =AH16/AG16 -> 0.40045564 | AJ16: =IF(AI16>=100%,20%,AI16*20%/100%) -> 0.080091129 | AK16: 0.84 | AL16: =VLOOKUP(C16,WB!$C$99:$U$132,WB!$K$98,FALSE) -> 0.81 | AM16: =AL16/AK16 -> 0.96428571 | AN16: =IF(AM16>=100%,10%,AM16*10%/100%) -> 0.096428571 | AO16: 1100 | AP16: =VLOOKUP(C16,WB!$B$3:$O$35,WB!$O$2,FALSE) -> 617 | AQ16: =AP16/AO16 -> 0.56090909 | AR16: =IF(AQ16>=100%,30%,AQ16*30%/100%) -> 0.16827273 | AS16: 0.36 | AT16: 0.41 | AW16: 0.9 | AX16: =VLOOKUP(C16,WB!$B$42:$U$71,WB!$I$40,FALSE) -> 1 | AY16: =AX16/AW16 -> 1.1111111 | AZ16: =IF(AND(BC16<100%,AY16>=100%),45%,AY16*45%/100%) -> 0.5 | BA16: 0.9 | BB16: =VLOOKUP(C16,WB!$B$42:$U$71,WB!$H$40,FALSE) -> 0.9238192 | BC16: =BB16/BA16 -> 1.0264658 | BD16: =IF(AND(AY16<100%,BC16>=100%),45%,BC16*45%/100%) -> 0.4619096 | BE16: =AR16+AN16+AJ16+W16+S16+K16+G16+AF16+AC16+Z16+O16 -> 0.64253268 | BF16: 0.5
B17: RHD | C17: MASSY | D17: 0.7 | E17: =VLOOKUP(C17,WB!$C$78:$U$92,WB!$J$76,FALSE) -> 0.562 | F17: =E17/D17 -> 0.80285714 | G17: =IF(F17>=100%,6%,F17*6%/100%) -> 0.048171429 | H17: 0.88 | I17: =VLOOKUP(C17,WB!$C$78:$U$92,WB!$K$76,FALSE) -> 0.93 | J17: =I17/H17 -> 1.0568182 | K17: =IF(J17>=100%,6%,J17*6%/100%) -> 0.06 | L17: NRC Plan FY25-FY26, signed in Q1 FY25 | M17: Signed | N17: 0.1 | O17: =IF(N17>=100%,5%,N17*5%/100%) -> 0.005 | P17: 0.9 | Q17: =AZ17+BD17 -> 0.79826013 | R17: =Q17/P17 -> 0.8869557 | S17: =IF(R17>=100%,4%,R17*4%/100%) -> 0.035478228 | T17: 0.53 | U17: =VLOOKUP(C17,WB!$C$137:$AA$154,WB!$Q$136,FALSE) -> 0 | V17: =U17/T17 -> 0 | W17: =IF(V17>=100%,4%,V17*4%/100%) -> 0 | X17: Montly Report | Y17: =VLOOKUP(C17,WB!$R$3:$AD$18,WB!$AD$2,FALSE) -> 0.5 | Z17: =IF(Y17>=100%,5%,Y17*5%/100%) -> 0.025 | AA17: NA | AB17: NA | AD17: Q3 | AE17: 0.75 | AF17: =IF(AE17>=100%,10%,AE17*10%/100%) -> 0.075 | AG17: 700000 | AH17: =VLOOKUP(C17,WB!$C$99:$U$132,WB!$J$98,FALSE) -> 219059 | AI17: =AH17/AG17 -> 0.31294143 | AJ17: =IF(AI17>=100%,20%,AI17*20%/100%) -> 0.062588286 | AK17: 1.03 | AL17: =VLOOKUP(C17,WB!$C$99:$U$132,WB!$K$98,FALSE) -> 0 | AM17: =AL17/AK17 -> 0 | AN17: =IF(AM17>=100%,10%,AM17*10%/100%) -> 0 | AO17: 1269 | AP17: =VLOOKUP(C17,WB!$B$3:$O$37,WB!$O$2,FALSE) -> 774 | AQ17: =AP17/AO17 -> 0.60992908 | AR17: =IF(AQ17>=100%,30%,AQ17*30%/100%) -> 0.18297872 | AS17: 0.36 | AT17: 0.41 | AW17: 0.9 | AX17: =VLOOKUP(C17,WB!$B$42:$U$73,WB!$I$40,FALSE) -> 0.95218855 | AY17: =AX17/AW17 -> 1.0579873 | AZ17: =IF(AND(BC17<100%,AY17>=100%),45%,AY17*45%/100%) -> 0.45 | BA17: 0.9 | BB17: =VLOOKUP(C17,WB!$B$42:$U$73,WB!$H$40,FALSE) -> 0.69652026 | BC17: =BB17/BA17 -> 0.7739114 | BD17: =IF(AND(AY17<100%,BC17>=100%),45%,BC17*45%/100%) -> 0.34826013 | BE17: =AR17+AN17+AJ17+W17+S17+K17+G17+AF17+AC17+Z17+O17 -> 0.49421667 | BF17: 0.65
B18: RHD | C18: GEL | D18: - | E18: - | F18: - | G18: - | H18: - | I18: - | J18: - | K18: - | L18: NRC Plan FY25-FY26, signed in Q1 FY25 | M18: Signed | N18: 0.1 | O18: =IF(N18>=100%,5%,N18*5%/100%) -> 0.005 | P18: 0.9 | Q18: =AZ18+BD18 -> 0.52876084 | R18: =Q18/P18 -> 0.58751205 | S18: =IF(R18>=100%,5%,R18*5%/100%) -> 0.029375602 | T18: 0.63 | U18: =VLOOKUP(C18,WB!$C$137:$AA$154,WB!$Q$136,FALSE) -> 0.37886598 | V18: =U18/T18 -> 0.60137457 | W18: =IF(V18>=100%,5%,V18*5%/100%) -> 0.030068729 | X18: Montly Report | Y18: =VLOOKUP(C18,WB!$R$3:$AD$18,WB!$AD$2,FALSE) -> 0.4 | Z18: =IF(Y18>=100%,5%,Y18*5%/100%) -> 0.02 | AA18: NA | AB18: NA | AD18: Q3 | AE18: 0.75 | AF18: =IF(AE18>=100%,10%,AE18*10%/100%) -> 0.075 | AG18: 100000 | AH18: =VLOOKUP(C18,WB!$C$99:$U$132,WB!$J$98,FALSE) -> 55143 | AI18: =AH18/AG18 -> 0.55143 | AJ18: =IF(AI18>=100%,25%,AI18*25%/100%) -> 0.1378575 | AK18: 2.02 | AL18: =VLOOKUP(C18,WB!$C$99:$U$132,WB!$K$98,FALSE) -> 0 | AM18: =AL18/AK18 -> 0 | AN18: =IF(AM18>=100%,10%,AM18*10%/100%) -> 0 | AO18: 742 | AP18: =VLOOKUP(C18,WB!$B$3:$O$37,WB!$O$2,FALSE) -> 320 | AQ18: =AP18/AO18 -> 0.43126685 | AR18: =IF(AQ18>=100%,35%,AQ18*35%/100%) -> 0.1509434 | AS18: NA | AT18: NA | AW18: 0.9 | AX18: =VLOOKUP(C18,WB!$B$42:$U$73,WB!$I$40,FALSE) -> 0.75800866 | AY18: =AX18/AW18 -> 0.84223184 | AZ18: =IF(AND(BC18<100%,AY18>=100%),45%,AY18*45%/100%) -> 0.37900433 | BA18: 0.9 | BB18: =VLOOKUP(C18,WB!$B$42:$U$73,WB!$H$40,FALSE) -> 0.29951303 | BC18: =BB18/BA18 -> 0.33279226 | BD18: =IF(AND(AY18<100%,BC18>=100%),45%,BC18*45%/100%) -> 0.14975652 | BE18: =AR18+AN18+AJ18+W18+S18+AF18+Z18+O18 -> 0.44824523 | BF18: 0.95
B19: No Annual Plan | C19: HIT | D19: - | E19: - | F19: - | H19: NA | I19: NA | J19: - | L19: NA | P19: 0.9 | Q19: =AZ19+BD19 -> 0.0017793594 | R19: =Q19/P19 -> 0.001977066 | T19: 0.75 | U19: =VLOOKUP(C19,Sheet2!$B$38:$D$52,Sheet2!$D$37,FALSE) -> #N/A | V19: =U19/T19 -> #N/A | X19: NA | AG19: 597149 | AH19: =VLOOKUP(C19,WB!$C$99:$U$132,WB!$J$98,FALSE) -> 290483 | AI19: =AH19/AG19 -> 0.48644978 | AK19: 0.51 | AL19: =VLOOKUP(C19,WB!$C$99:$U$132,WB!$K$98,FALSE) -> - | AM19: =AL19/AK19 -> #VALUE! | AO19: 115 | AP19: =VLOOKUP(C19,WB!$B$3:$O$35,WB!$O$2,FALSE) -> 95 | AQ19: =AP19/AO19 -> 0.82608696 | AS19: NA | AT19: NA | AW19: 0.9 | AX19: =VLOOKUP(C19,WB!$B$42:$U$71,WB!$I$40,FALSE) -> 0 | AY19: =AX19/AW19 -> 0 | AZ19: =IF(AND(BC19<100%,AY19>=100%),45%,AY19*45%/100%) -> 0 | BA19: 0.9 | BB19: =VLOOKUP(C19,WB!$B$42:$U$71,WB!$H$40,FALSE) -> 0.0035587189 | BC19: =BB19/BA19 -> 0.0039541321 | BD19: =IF(AND(AY19<100%,BC19>=100%),45%,BC19*45%/100%) -> 0.0017793594
B20: No Annual Plan | C20: ALB | D20: - | E20: - | F20: - | H20: NA | I20: NA | J20: - | L20: NA | P20: 0.9 | Q20: =AZ20+BD20 -> 0.86891892 | R20: =Q20/P20 -> 0.96546547 | T20: 0.71 | U20: =VLOOKUP(C20,Sheet2!$B$38:$D$52,Sheet2!$D$37,FALSE) -> #N/A | V20: =U20/T20 -> #N/A | X20: NA | AG20: 320320 | AH20: =VLOOKUP(C20,WB!$C$99:$U$132,WB!$J$98,FALSE) -> 168353 | AI20: =AH20/AG20 -> 0.52557755 | AK20: 0.6 | AL20: =VLOOKUP(C20,WB!$C$99:$U$132,WB!$K$98,FALSE) -> - | AM20: =AL20/AK20 -> #VALUE! | AO20: - | AP20: =VLOOKUP(C20,WB!$B$3:$O$35,WB!$O$2,FALSE) -> 166 | AQ20: - | AR20: - | AS20: NA | AT20: NA | AW20: 0.9 | AX20: =VLOOKUP(C20,WB!$B$42:$U$71,WB!$I$40,FALSE) -> 1 | AY20: =AX20/AW20 -> 1.1111111 | AZ20: =IF(AND(BC20<100%,AY20>=100%),45%,AY20*45%/100%) -> 0.45 | BA20: 0.9 | BB20: =VLOOKUP(C20,WB!$B$42:$U$71,WB!$H$40,FALSE) -> 0.83783784 | BC20: =BB20/BA20 -> 0.93093093 | BD20: =IF(AND(AY20<100%,BC20>=100%),45%,BC20*45%/100%) -> 0.41891892
B21: No Annual Plan | C21: BLZ | D21: - | E21: - | F21: - | H21: NA | I21: NA | J21: - | L21: NA | P21: 0.9 | Q21: =AZ21+BD21 -> 0.26775956 | R21: =Q21/P21 -> 0.29751063 | T21: 0.75 | U21: =VLOOKUP(C21,Sheet2!$B$38:$D$52,Sheet2!$D$37,FALSE) -> #N/A | V21: =U21/T21 -> #N/A | X21: NA | AG21: 113417 | AH21: =VLOOKUP(C21,WB!$C$99:$U$132,WB!$J$98,FALSE) -> 53204 | AI21: =AH21/AG21 -> 0.46910075 | AK21: 2.3 | AL21: =VLOOKUP(C21,WB!$C$99:$U$132,WB!$K$98,FALSE) -> - | AM21: =AL21/AK21 -> #VALUE! | AO21: - | AP21: =VLOOKUP(C21,WB!$B$3:$O$35,WB!$O$2,FALSE) -> 22 | AQ21: - | AR21: - | AS21: NA | AT21: NA | AW21: 0.9 | AX21: =VLOOKUP(C21,WB!$B$42:$U$71,WB!$I$40,FALSE) -> 0 | AY21: =AX21/AW21 -> 0 | AZ21: =IF(AND(BC21<100%,AY21>=100%),45%,AY21*45%/100%) -> 0 | BA21: 0.9 | BB21: =VLOOKUP(C21,WB!$B$42:$U$71,WB!$H$40,FALSE) -> 0.53551913 | BC21: =BB21/BA21 -> 0.59502125 | BD21: =IF(AND(AY21<100%,BC21>=100%),45%,BC21*45%/100%) -> 0.26775956
B22: No Annual Plan | C22: CUR | D22: - | E22: - | F22: - | H22: NA | I22: NA | J22: - | L22: NA | P22: 0.9 | Q22: =AZ22+BD22 -> 1 | R22: =Q22/P22 -> 1.1111111 | T22: 0.57 | U22: =VLOOKUP(C22,Sheet2!$B$38:$D$52,Sheet2!$D$37,FALSE) -> #N/A | V22: =U22/T22 -> #N/A | X22: NA | AG22: 266933 | AH22: =VLOOKUP(C22,WB!$C$99:$U$132,WB!$J$98,FALSE) -> 177187 | AI22: =AH22/AG22 -> 0.66378829 | AK22: 0.59 | AL22: =VLOOKUP(C22,WB!$C$99:$U$132,WB!$K$98,FALSE) -> - | AM22: =AL22/AK22 -> #VALUE! | AO22: - | AP22: =VLOOKUP(C22,WB!$B$3:$O$35,WB!$O$2,FALSE) -> 172 | AQ22: - | AR22: - | AS22: NA | AT22: NA | AW22: 0.9 | AX22: =VLOOKUP(C22,WB!$B$42:$U$71,WB!$I$40,FALSE) -> 1 | AY22: =AX22/AW22 -> 1.1111111 | AZ22: =IF(AND(BC22<100%,AY22>=100%),45%,AY22*45%/100%) -> 0.5 | BA22: 0.9 | BB22: =VLOOKUP(C22,WB!$B$42:$U$71,WB!$H$40,FALSE) -> 1 | BC22: =BB22/BA22 -> 1.1111111 | BD22: =IF(AND(AY22<100%,BC22>=100%),45%,BC22*45%/100%) -> 0.5

Sheet Annual Plan
F9: CUSTOMER EXPERIENCE | Z9: BRAND POWER | AI9: SUSTAINABLE GROWTH
B10: Priority | C10: BDM | D10: RAM | E10: Market | F10: CSI | G10: Real CSI | H10: %Ach. CSI | I10: pts CSI | J10: SSI | K10: Real SSI | L10: %Ach. SSI | M10: pts SSI | N10: NRC Implementation | O10: Status NRC | P10: %Ach. NRC | Q10: pts NRC | R10: Trainin (Compliance %) | S10: Real TR | T10: %Ach. TR | U10: pts TR | V10: Service Campaing | W10: Real SC | X10: %Ach. SC | Y10: pts SC | Z10: Lead Management | AA10: %Ach. Lead Mang. | AB10: pts Lead | AC10: Share of Investment | AD10: %Ach. SOI | AE10: pts SOI | AF10: 360 Game Plan | AG10: % Ach. 360 | AH10: pts 360 | AI10: Sell In (USD) | AJ10: Real Sell In | AK10: %Ach. Sell In | AL10: pts Sell In | AM10: Retention | AN10: Real Retention | AO10: %Ach. Retention | AP10: pts Retention | AQ10: Retail Sales | AR10: Real RS | AS10: %Ach. RS | AT10: pts RS | AU10: TR Sales | AV10: Real TR Sales | AW10: %Ach. TR Sales | AX10: pts TR Sales | AY10: TR AS | AZ10: Real TR AS | BA10: %Ach. TR AS | BB10: pts TR AS | BC10: Total
B11: 6 MAIN | C11: Wilson Rincon | D11: Eduardo Trabado | E11: COL | F11: 0.78 | G11: 0.784 | H11: 1.0051282 | I11: 0.06 | J11: 0.92 | K11: 0.957 | L11: 1.0402174 | M11: 0.06 | N11: NRC Plan FY25-FY26, signed in Q1 FY25 | O11: Signed | P11: 0.1 | Q11: 0.005 | R11: 0.9 | S11: 0.8703149 | T11: 0.96701656 | U11: 0.038680662 | V11: 0.69 | W11: 0.58911429 | X11: 0.85378883 | Y11: 0.034151553 | Z11: > All Channels (Phisicals and Digitals) > Per model > Per month FCST (1 week before starting N month) > Per month Results (1 week after N month closure) | AA11: 0.4 | AB11: 0.02 | AC11: Q2 | AD11: 0.25 | AE11: 0.0075 | AF11: Q2 | AG11: 0.5 | AH11: 0.035 | AI11: 22300000 | AJ11: 6737647 | AK11: 0.30213664 | AL11: 0.060427327 | AM11: 1 | AN11: 1.04 | AO11: 1.04 | AP11: 0.1 | AQ11: 13201 | AR11: 5300 | AS11: 0.40148474 | AT11: 0.12044542 | AU11: 0.9 | AV11: 0.99531465 | AW11: 1.1059052 | AX11: 0.45 | AY11: 0.9 | AZ11: 0.8406298 | BA11: 0.93403311 | BB11: 0.4203149 | BC11: 0.54120496
B12: 6 MAIN | C12: Diego Suarez | D12: Salvador Alvarez | E12: PLT | F12: 0.82 | G12: 0.838 | H12: 1.0219512 | I12: 0.06 | J12: 0.91 | K12: 0.918 | L12: 1.0087912 | M12: 0.06 | N12: NRC Plan FY25-FY26, signed in Q1 FY25 | O12: WIP | P12: 0 | Q12: 0 | R12: 0.9 | S12: 0 | T12: 0 | U12: 0 | V12: 0.5 | W12: 0.37859054 | X12: 0.75718109 | Y12: 0.030287244 | Z12: > All Channels (Phisicals and Digitals) > Per model > Per month FCST (1 week before starting N month) > Per month Results (1 week after N month closure) | AA12: 0.3 | AB12: 0.015 | AC12: Q2 | AD12: 0.25 | AE12: 0.0075 | AF12: Q2 | AG12: 0.5 | AH12: 0.035 | AI12: 3200000 | AJ12: 975247 | AK12: 0.30476469 | AL12: 0.060952938 | AM12: 0.86 | AN12: 0.86 | AO12: 1 | AP12: 0.1 | AQ12: 6363 | AR12: 2909 | AS12: 0.45717429 | AT12: 0.13715229 | AU12: 0.9 | AV12: 0 | AW12: 0 | AX12: 0 | AY12: 0.9 | AZ12: 0 | BA12: 0 | BB12: 0 | BC12: 0.50589247
B13: 6 MAIN | C13: Wilson Rincon | D13: Salvador Alvarez | E13: CST | F13: 0.92 | G13: 0.951 | H13: 1.0336957 | I13: 0.06 | J13: 0.92 | K13: 0.935 | L13: 1.0163043 | M13: 0.06 | N13: NRC Plan FY25-FY26, signed in Q1 FY25 | O13: Signed | P13: 0.1 | Q13: 0.005 | R13: 0.9 | S13: 1 | T13: 1.1111111 | U13: 0.04 | V13: 0.56 | W13: 0.51374465 | X13: 0.91740117 | Y13: 0.036696047 | Z13: > All Channels (Phisicals and Digitals) > Per model > Per month FCST (1 week before starting N month) > Per month Results (1 week after N month closure) | AA13: 0.3 | AB13: 0.015 | AC13: Q2 | AD13: 0.25 | AE13: 0.0075 | AF13: Q2 | AG13: 0.5 | AH13: 0.035 | AI13: 6300000 | AJ13: 3008469 | AK13: 0.47753476 | AL13: 0.095506952 | AM13: 1.32 | AN13: 1.33 | AO13: 1.0075758 | AP13: 0.1 | AQ13: 7091 | AR13: 3053 | AS13: 0.43054576 | AT13: 0.12916373 | AU13: 0.9 | AV13: 1 | AW13: 1.1111111 | AX13: 0.5 | AY13: 0.9 | AZ13: 1 | BA13: 1.1111111 | BB13: 0.5 | BC13: 0.58386673
B14: 6 MAIN | C14: Tomas Arias | D14: Alberto Saldaña | E14: ECA | F14: 0.85 | G14: 0.868 | H14: 1.0211765 | I14: 0.06 | J14: 0.94 | K14: 0.982 | L14: 1.0446809 | M14: 0.06 | N14: Dealer Network Plan Proposal Approved by NIBU - Q3 | O14: Signed | P14: 0.1 | Q14: 0.005 | R14: 0.9 | S14: 0.95741209 | T14: 1.0637912 | U14: 0.04 | V14: 0.55 | W14: 0.62640587 | X14: 1.1389198 | Y14: 0.04 | Z14: > All Channels (Phisicals and Digitals) > Per model > Per month FCST (1 week before starting N month) > Per month Results (1 week after N month closure) | AA14: 0.4 | AB14: 0.02 | AC14: Q2 | AD14: 0.25 | AE14: 0.0075 | AF14: Q2 | AG14: 0.5 | AH14: 0.035 | AI14: 4600000 | AJ14: 1548634 | AK14: 0.33665957 | AL14: 0.067331913 | AM14: 1.04 | AN14: 1.04 | AO14: 1 | AP14: 0.1 | AQ14: 1750 | AR14: 669 | AS14: 0.38228571 | AT14: 0.11468571 | AU14: 0.9 | AV14: 0.95864198 | AW14: 1.0651578 | AX14: 0.47932099 | AY14: 0.9 | AZ14: 0.95618221 | BA14: 1.0624247 | BB14: 0.47809111 | BC14: 0.54951763
B15: 6 MAIN | C15: Tomas Arias | D15: Jessica Vargas | E15: PNM | F15: 0.86 | G15: 0.879 | H15: 1.022093 | I15: 0.06 | J15: 0.9 | K15: 0.976 | L15: 1.0844444 | M15: 0.06 | N15: NRC Plan FY25-FY26, signed in Q1 FY25 | O15: Signed | P15: 0.1 | Q15: 0.005 | R15: 0.9 | S15: 1 | T15: 1.1111111 | U15: 0.04 | V15: 0.66 | W15: 0.68874869 | X15: 1.0435586 | Y15: 0.04 | Z15: > All Channels (Phisicals and Digitals) > Per model > Per month FCST (1 week before starting N month) > Per month Results (1 week after N month closure) | AA15: 0.4 | AB15: 0.02 | AC15: Q2 | AD15: 0.25 | AE15: 0.0075 | AF15: Q2 | AG15: 0.5 | AH15: 0.035 | AI15: 5130381 | AJ15: 1426757 | AK15: 0.27809962 | AL15: 0.055619924 | AM15: 0.77 | AN15: 0.77 | AO15: 1 | AP15: 0.1 | AQ15: 2600 | AR15: 750 | AS15: 0.28846154 | AT15: 0.086538462 | AU15: 0.9 | AV15: 1 | AW15: 1.1111111 | AX15: 0.5 | AY15: 0.9 | AZ15: 1 | BA15: 1.1111111 | BB15: 0.5 | BC15: 0.50965839
B16: 6 MAIN | C16: Diego Suarez | D16: Alberto Saldaña | E16: URU | F16: 0.94 | G16: 0.993 | H16: 1.056383 | I16: 0.06 | J16: 0.95 | K16: 0.986 | L16: 1.0378947 | M16: 0.06 | N16: NRC Plan FY25-FY26, signed in Q1 FY25 | O16: Signed | P16: 0.1 | Q16: 0.005 | R16: 0.9 | S16: 0.90621693 | T16: 1.0069077 | U16: 0.04 | V16: 0.45 | W16: 0.40168443 | X16: 0.89263206 | Y16: 0.035705282 | Z16: > All Channels (Phisicals and Digitals) > Per model > Per month FCST (1 week before starting N month) > Per month Results (1 week after N month closure) | AA16: 0.4 | AB16: 0.02 | AC16: Q2 | AD16: 0.25 | AE16: 0.0075 | AF16: Q2 | AG16: 0.5 | AH16: 0.035 | AI16: 2730000 | AJ16: 1143779 | AK16: 0.41896667 | AL16: 0.083793333 | AM16: 0.85 | AN16: 0.85 | AO16: 1 | AP16: 0.1 | AQ16: 2200 | AR16: 618 | AS16: 0.28090909 | AT16: 0.084272727 | AU16: 0.9 | AV16: 0.90604575 | AW16: 1.0067175 | AX16: 0.45302288 | AY16: 0.9 | AZ16: 0.90638811 | BA16: 1.0070979 | BB16: 0.45319405 | BC16: 0.53127134
B17: NO MAIN | C17: Pablo Brito | D17: Jessica Vargas | E17: ELS | F17: 0.7 | G17: 0.777 | H17: 1.11 | I17: 0.06 | J17: 0.83 | K17: 0.945 | L17: 1.1385542 | M17: 0.06 | N17: NRC Plan FY25-FY26, signed in Q1 FY25 | O17: Signed | P17: 0.1 | Q17: 0.005 | R17: 0.9 | S17: 0.97713831 | T17: 1.0857092 | U17: 0.04 | V17: 0.67 | W17: 0.51345756 | X17: 0.76635456 | Y17: 0.030654183 | Z17: > All Channels (Phisicals and Digitals) > Per model > Per month FCST (1 week before starting N month) > Per month Results (1 week after N month closure) | AA17: 0.3 | AB17: 0.015 | AC17: Q2 | AD17: 0.25 | AE17: 0.0075 | AF17: Q2 | AG17: 0.5 | AH17: 0.035 | AI17: 2582000 | AJ17: 1000559 | AK17: 0.38751317 | AL17: 0.077502634 | AM17: 1.02 | AN17: 0.93 | AO17: 0.91176471 | AP17: 0.091176471 | AQ17: 2436 | AR17: 847 | AS17: 0.34770115 | AT17: 0.10431034 | AU17: 0.9 | AV17: 0.96428571 | AW17: 1.0714286 | AX17: 0.48214286 | AY17: 0.9 | AZ17: 0.9899909 | BA17: 1.0999899 | BB17: 0.49499545 | BC17: 0.52614363
B18: NO MAIN | C18: Pablo Brito | D18: Jessica Vargas | E18: HND | F18: 0.7 | G18: 0.643 | H18: 0.91857143 | I18: 0.055114286 | J18: 0.83 | K18: 1 | L18: 1.2048193 | M18: 0.06 | N18: NRC Plan FY25-FY26, signed in Q1 FY25 | O18: Signed | P18: 0.1 | Q18: 0.005 | R18: 0.9 | S18: 0.98887122 | T18: 1.0987458 | U18: 0.04 | V18: 0.62 | W18: 0.45633188 | X18: 0.73601916 | Y18: 0.029440766 | Z18: > All Channels (Phisicals and Digitals) > Per model > Per month FCST (1 week before starting N month) > Per month Results (1 week after N month closure) | AA18: 0.3 | AB18: 0.015 | AC18: Q2 | AD18: 0.25 | AE18: 0.0075 | AF18: Q2 | AG18: 0.5 | AH18: 0.035 | AI18: 2642000 | AJ18: 1184707 | AK18: 0.44841294 | AL18: 0.089682589 | AM18: 1.17 | AN18: 1.2 | AO18: 1.025641 | AP18: 0.1 | AQ18: 2620 | AR18: 975 | AS18: 0.3721374 | AT18: 0.11164122 | AU18: 0.9 | AV18: 1 | AW18: 1.1111111 | AX18: 0.5 | AY18: 0.9 | AZ18: 0.97774245 | BA18: 1.0863805 | BB18: 0.48887122 | BC18: 0.54837886
B19: NO MAIN | C19: Pablo Brito | D19: Jessica Vargas | E19: NIC | F19: 0.7 | G19: 0.6 | H19: 0.85714286 | I19: 0.051428571 | J19: 0.83 | K19: 0.918 | L19: 1.1060241 | M19: 0.06 | N19: NRC Plan FY25-FY26, signed in Q1 FY25 | O19: Signed | P19: 0.1 | Q19: 0.005 | R19: 0.9 | S19: 0.96445498 | T19: 1.0716166 | U19: 0.04 | V19: 0.75 | W19: 0.48019802 | X19: 0.64026403 | Y19: 0.025610561 | Z19: > All Channels (Phisicals and Digitals) > Per model > Per month FCST (1 week before starting N month) > Per month Results (1 week after N month closure) | AA19: 0.3 | AB19: 0.015 | AC19: Q2 | AD19: 0.25 | AE19: 0.0075 | AF19: Q2 | AG19: 0.5 | AH19: 0.035 | AI19: 1142000 | AJ19: 424289 | AK19: 0.37153152 | AL19: 0.074306305 | AM19: 0.9 | AN19: 1.04 | AO19: 1.1555556 | AP19: 0.1 | AQ19: 1326 | AR19: 485 | AS19: 0.36576169 | AT19: 0.10972851 | AU19: 0.9 | AV19: 1 | AW19: 1.1111111 | AX19: 0.5 | AY19: 0.9 | AZ19: 0.92890995 | BA19: 1.0321222 | BB19: 0.46445498 | BC19: 0.52357394
B20: NO MAIN | C20: Diego Suarez | D20: Salvador Alvarez | E20: DOM | F20: 0.7 | G20: 0.79 | H20: 1.1285714 | I20: 0.06 | J20: 0.88 | K20: 0.963 | L20: 1.0943182 | M20: 0.06 | N20: NRC Plan FY25-FY26, signed in Q1 FY25 | O20: Signed | P20: 0.1 | Q20: 0.005 | R20: 0.9 | S20: 1 | T20: 1.1111111 | U20: 0.04 | V20: 0.74 | W20: 0.68786127 | X20: 0.92954226 | Y20: 0.03718169 | Z20: > All Channels (Phisicals and Digitals) > Per model > Per month FCST (1 week before starting N month) > Per month Results (1 week after N month closure) | AA20: 0.4 | AB20: 0.02 | AC20: Q2 | AD20: 0.25 | AE20: 0.0075 | AF20: Q2 | AG20: 0.5 | AH20: 0.035 | AI20: 3400000 | AJ20: 1446325 | AK20: 0.42538971 | AL20: 0.085077941 | AM20: 1.48 | AN20: 1.44 | AO20: 0.97297297 | AP20: 0.097297297 | AQ20: 2390 | AR20: 720 | AS20: 0.30125523 | AT20: 0.090376569 | AU20: 0.9 | AV20: 1 | AW20: 1.1111111 | AX20: 0.5 | AY20: 0.9 | AZ20: 1 | BA20: 1.1111111 | BB20: 0.5 | BC20: 0.5374335
B21: NO MAIN | C21: Tomas Arias | D21: Jessica Vargas | E21: GUT | F21: 0.75 | G21: 0.757 | H21: 1.0093333 | I21: 0.06 | J21: 0.83 | K21: 0.862 | L21: 1.0385542 | M21: 0.06 | N21: NRC Plan FY25-FY26, signed in Q1 FY25 | O21: Signed | P21: 0.1 | Q21: 0.005 | R21: 0.9 | S21: 0.89749403 | T21: 0.99721559 | U21: 0.039888624 | V21: 0.71 | W21: 0.44941176 | X21: 0.63297432 | Y21: 0.025318973 | Z21: > All Channels (Phisicals and Digitals) > Per model > Per month FCST (1 week before starting N month) > Per month Results (1 week after N month closure) | AA21: 0.3 | AB21: 0.015 | AC21: NA | AD21: NA | AE21: NA | AF21: Q2 | AG21: 0.5 | AH21: 0.05 | AI21: 2360000 | AJ21: 1306799 | AK21: 0.55372839 | AL21: 0.11074568 | AM21: 1.39 | AN21: 1.37 | AO21: 0.98561151 | AP21: 0.098561151 | AQ21: 2400 | AR21: 808 | AS21: 0.33666667 | AT21: 0.101 | AU21: 0.9 | AV21: 1 | AW21: 1.1111111 | AX21: 0.45 | AY21: 0.9 | AZ21: 0.89498807 | BA21: 0.99443119 | BB21: 0.44749403 | BC21: 0.56551443
B22: NO MAIN | C22: Diego Suarez | D22: Alberto Saldaña | E22: PRG | F22: 0.84 | G22: 0.91 | H22: 1.0833333 | I22: 0.06 | J22: 0.9 | K22: 0.936 | L22: 1.04 | M22: 0.06 | N22: NRC Plan FY25-FY26, signed in Q1 FY25 | O22: Signed | P22: 0.1 | Q22: 0.005 | R22: 0.9 | S22: 0.87 | T22: 0.96666667 | U22: 0.038666667 | V22: 0.74 | W22: 0.67155425 | X22: 0.90750575 | Y22: 0.03630023 | Z22: > All Channels (Phisicals and Digitals) > Per model > Per month FCST (1 week before starting N month) > Per month Results (1 week after N month closure) | AA22: 0.2 | AB22: 0.01 | AC22: NA | AD22: NA | AE22: NA | AF22: Q2 | AG22: 0.5 | AH22: 0.05 | AI22: 4850000 | AJ22: 1410976 | AK22: 0.29092289 | AL22: 0.058184577 | AM22: 1.27 | AN22: 1.56 | AO22: 1.2283465 | AP22: 0.1 | AQ22: 2300 | AR22: 659 | AS22: 0.28652174 | AT22: 0.085956522 | AU22: 0.9 | AV22: 0.84 | AW22: 0.93333333 | AX22: 0.42 | AY22: 0.9 | AZ22: 0.98919308 | BA22: 1.0991034 | BB22: 0.45 | BC22: 0.504108
B23: NO MAIN | C23: Diego Suarez | D23: Alberto Saldaña | E23: BOL | F23: 0.85 | G23: 0.893 | H23: 1.0505882 | I23: 0.06 | J23: 0.87 | K23: 0.924 | L23: 1.062069 | M23: 0.06 | N23: NRC Plan FY25-FY26, signed in Q1 FY25 | O23: Signed | P23: 0.1 | Q23: 0.005 | R23: 0.9 | S23: 0.98334291 | T23: 1.0926032 | U23: 0.04 | V23: 0.68 | W23: 0.52057613 | X23: 0.76555313 | Y23: 0.030622125 | Z23: > All Channels (Phisicals and Digitals) > Per model > Per month FCST (1 week before starting N month) > Per month Results (1 week after N month closure) | AA23: 0.3 | AB23: 0.015 | AC23: NA | AD23: NA | AE23: NA | AF23: Q2 | AG23: 0.5 | AH23: 0.05 | AI23: 2153000 | AJ23: 756854 | AK23: 0.3515346 | AL23: 0.070306921 | AM23: 0.84 | AN23: 0.8 | AO23: 0.95238095 | AP23: 0.095238095 | AQ23: 1100 | AR23: 439 | AS23: 0.39909091 | AT23: 0.11972727 | AU23: 0.9 | AV23: 1 | AW23: 1.1111111 | AX23: 0.5 | AY23: 0.9 | AZ23: 0.96668581 | BA23: 1.0740953 | BB23: 0.48334291 | BC23: 0.54589441
B24: RHD | C24: Pablo Brito | D24: Eduardo Trabado | E24: MASSY | F24: 0.7 | G24: 0.529 | H24: 0.75571429 | I24: 0.045342857 | J24: 0.88 | K24: 0.927 | L24: 1.0534091 | M24: 0.06 | N24: NRC Plan FY25-FY26, signed in Q1 FY25 | O24: Signed | P24: 0.1 | Q24: 0.005 | R24: 0.9 | S24: 0.81092199 | T24: 0.90102443 | U24: 0.036040977 | V24: 0.53 | W24: 0 | X24: 0 | Y24: 0 | Z24: > All Channels (Phisicals and Digitals) > Per model > Per month FCST (1 week before starting N month) > Per month Results (1 week after N month closure) | AA24: 0.3 | AB24: 0.015 | AC24: NA | AD24: NA | AE24: NA | AF24: Q2 | AG24: 0.5 | AH24: 0.05 | AI24: 700000 | AJ24: 126970 | AK24: 0.18138571 | AL24: 0.036277143 | AM24: 1.03 | AN24: 0 | AO24: 0 | AP24: 0 | AQ24: 1269 | AR24: 681 | AS24: 0.53664303 | AT24: 0.16099291 | AU24: 0.9 | AV24: 0.95218855 | AW24: 1.0579873 | AX24: 0.45 | AY24: 0.9 | AZ24: 0.72184397 | BA24: 0.80204886 | BB24: 0.36092199 | BC24: 0.40865388
B25: RHD | C25: Pablo Brito | D25: Eduardo Trabado | E25: GEL | F25: - | G25: - | H25: - | I25: - | J25: - | K25: - | L25: - | M25: - | N25: NRC Plan FY25-FY26, signed in Q1 FY25 | O25: Signed | P25: 0.1 | Q25: 0.005 | R25: 0.9 | S25: 0.53771884 | T25: 0.59746538 | U25: 0.029873269 | V25: 0.63 | W25: 0.32989691 | X25: 0.52364588 | Y25: 0.026182294 | Z25: > All Channels (Phisicals and Digitals) > Per model > Per month FCST (1 week before starting N month) > Per month Results (1 week after N month closure) | AA25: 0.3 | AB25: 0.015 | AC25: NA | AD25: NA | AE25: NA | AF25: Q2 | AG25: 0.5 | AH25: 0.05 | AI25: 100000 | AJ25: 32719 | AK25: 0.32719 | AL25: 0.0817975 | AM25: 2.02 | AN25: 0 | AO25: 0 | AP25: 0 | AQ25: 742 | AR25: 234 | AS25: 0.31536388 | AT25: 0.11037736 | AU25: 0.9 | AV25: 0.77417027 | AW25: 0.86018919 | AX25: 0.38708514 | AY25: 0.9 | AZ25: 0.30126741 | BA25: 0.33474157 | BB25: 0.15063371 | BC25: 0.31823042

Sheet DB
B3: DOM
C8: Target | D8: Real | E8: %Ach | F8: Diff | H8: Target | I8: Real | J8: %Ach | K8: Diff | M8: Target | N8: Real | O8: %Ach | P8: Diff | V8: NRC Implementation Plan
B9: CSI | C9: =VLOOKUP(B3,Data!$C$3:$BE$22,Data!D2,FALSE) -> 0.7 | D9: =VLOOKUP(B3,Data!$C$3:$BE$22,Data!E2,FALSE) -> 0.763 | E9: =VLOOKUP(B3,Data!$C$3:$BE$22,Data!F2,FALSE) -> 1.09 | F9: =IF(E9>=100%,0%,100%-E9) -> 0 | G9: SSI | H9: =VLOOKUP($B$3,Data!$C$3:$BE$22,Data!H2,FALSE) -> 0.88 | I9: =VLOOKUP($B$3,Data!$C$3:$BE$22,Data!I2,FALSE) -> 0.956 | J9: =VLOOKUP($B$3,Data!$C$3:$BE$22,Data!J2,FALSE) -> 1.0863636 | K9: =IF(J9>=100%,0%,100%-J9) -> 0 | L9: Campaign | M9: =VLOOKUP($B$3,Data!$C$3:$BE$22,Data!T2,FALSE) -> 0.74 | N9: =VLOOKUP($B$3,Data!$C$3:$BE$22,Data!U2,FALSE) -> 0.73988439 | O9: =VLOOKUP($B$3,Data!$C$3:$BE$22,Data!V2,FALSE) -> 0.99984377 | P9: =IF(O9>=100%,0%,100%-O9) -> 0.00015622559
L10: TR Sales | M10: =VLOOKUP($B$3,Data!$C$3:$BE$22,Data!AW2,FALSE) -> 0.9 | N10: =VLOOKUP($B$3,Data!$C$3:$BE$22,Data!AX2,FALSE) -> 1 | O10: =VLOOKUP($B$3,Data!$C$3:$BE$22,Data!AY2,FALSE) -> 1.1111111 | P10: =IF(O10>=100%,0%,100%-O10) -> 0 | Q10: =VLOOKUP($B$3,Data!$C$3:$BE$22,Data!AZ2,FALSE) -> 0.5 | V10: Target | X10: Status
L11: TR AS | M11: =VLOOKUP($B$3,Data!$C$3:$BE$22,Data!BA2,FALSE) -> 0.9 | N11: =VLOOKUP($B$3,Data!$C$3:$BE$22,Data!BB2,FALSE) -> 1 | O11: =VLOOKUP($B$3,Data!$C$3:$BE$22,Data!BC2,FALSE) -> 1.1111111 | P11: =IF(O11>=100%,0%,100%-O11) -> 0 | Q11: =VLOOKUP($B$3,Data!$C$3:$BE$22,Data!BD2,FALSE) -> 0.5 | V11: =VLOOKUP(B3,Data!C3:BE22,Data!L2,FALSE) -> NRC Plan FY25-FY26, signed in Q1 FY25 | X11: =VLOOKUP(B3,Data!C3:BE22,Data!M2,FALSE) -> Signed
M13: Sales | N13: Aftersales | O13: Target | P13: TR Real | Q13: %Ach | R13: Diff
L14: Training | M14: =N10 -> 1 | N14: =N11 -> 1 | O14: 0.9 | P14: =Q10+Q11 -> 1 | Q14: =P14/O14 -> 1.1111111 | R14: =IF(Q14>=100%,0%,100%-Q14) -> 0
L15: Target | M15: 0.9 | N15: 0.9
V16: In Progress | W16: No Startet | X16: Completed
V17: 2 | W17: 0 | X17: 0
C24: Lead Management (From Leads to Closing) | J24: Share of Invesment | Q24: 360 Game Plan
C25: Target | G25: Real | J25: Target | N25: Real | Q25: Target | V25: Real
C26: =VLOOKUP(B3,Data!C3:BE22,Data!X2,FALSE) -> Montly Report | G26: =VLOOKUP(B3,Data!C3:BE22,Data!Y2,FALSE) -> 0.6 | J26: Declare Quarterly Top 5 Competitors + Nissan | N26: =VLOOKUP(B3,Data!C3:BE22,Data!AA2,FALSE) -> Q3 | Q26: Declare Quarterly According to Template Format | V26: =VLOOKUP(B3,Data!C3:BE22,Data!AD2,FALSE) -> Q3
D34: Target | E34: Real | F34: %Ach | G34: Diff | K34: Target | L34: Real | M34: %Ach | N34: Diff | Q34: Target | R34: Real | S34: %Ach | T34: Diff | V34: =VLOOKUP(B3,Data!C3:BE22,Data!BE2,FALSE) -> 0.63514642 | W34: =IF(V34>=100%,0%,100%-V34) -> 0.36485358
C35: Sell In | D35: =VLOOKUP(B3,Data!$C$3:$BE$22,Data!AG2,FALSE) -> 3400000 | E35: =VLOOKUP($B$3,Data!$C$3:$BE$22,Data!AH2,FALSE) -> 1760989 | F35: =VLOOKUP($B$3,Data!$C$3:$BE$22,Data!AI2,FALSE) -> 0.51793794 | G35: =IF(F35>=100%,0%,100%-F35) -> 0.48206206 | J35: Retention | K35: =VLOOKUP($B$3,Data!$C$3:$BE$22,Data!AK2,FALSE) -> 1.48 | L35: =VLOOKUP($B$3,Data!$C$3:$BE$22,Data!AL2,FALSE) -> 1.44 | M35: =VLOOKUP($B$3,Data!$C$3:$BE$22,Data!AM2,FALSE) -> 0.97297297 | N35: =IF(M35>=100%,0%,100%-M35) -> 0.027027027 | P35: RS | Q35: =VLOOKUP($B$3,Data!$C$3:$BE$22,Data!AO2,FALSE) -> 2390 | R35: =VLOOKUP($B$3,Data!$C$3:$BE$22,Data!AP2,FALSE) -> 990 | S35: =VLOOKUP($B$3,Data!$C$3:$BE$22,Data!AQ2,FALSE) -> 0.41422594 | T35: =IF(S35>=100%,0%,100%-S35) -> 0.58577406

Sheet WB
B1: Retail Sales | R1: Lead Managament | AF1: Share of Investment
B2: 1 | C2: 2 | D2: 3 | E2: 4 | F2: 5 | G2: 6 | H2: 7 | I2: 8 | J2: 9 | K2: 10 | L2: 11 | M2: 12 | N2: 13 | O2: 14 | R2: 1 | S2: 2 | T2: 3 | U2: 4 | V2: 5 | W2: 6 | X2: 7 | Y2: 8 | Z2: 9 | AA2: 10 | AB2: 11 | AC2: 12 | AD2: 13 | AF2: 1 | AG2: 2 | AH2: 3 | AI2: 4 | AJ2: 5 | AK2: 6
B3: NSC | C3: APR | D3: MAY | E3: JUN | F3: JUL | G3: AUG | H3: SEP | I3: OCT | J3: NOV | K3: DEC | L3: JAN | M3: FEB | N3: MAR | O3: TOTAL | R3: Market | S3: Mayo | T3: Junio | U3: Julio | V3: Agosto | W3: Septiembre | X3: Octubre | Y3: Noviembre | Z3: Diciembre | AA3: Enero | AB3: Febrero | AC3: Marzo | AD3: Total | AF3: Market | AG3: Q1 | AH3: Q2 | AI3: Q3 | AJ3: Q4 | AK3: Total | AM3: 1 | AN3: 2 | AO3: 3 | AP3: 4 | AQ3: 5 | AR3: 6 | AS3: 7 | AT3: 8 | AU3: 9 | AV3: 10 | AW3: 11
B4: MON | C4: 0 | D4: 0 | E4: 0 | F4: 0 | G4: 0 | H4: 0 | I4: 1 | O4: =SUM(C4:N4) -> 1 | R4: COL | T4: =IF(AN6=3,10%,0) -> 0.1 | U4: =IF(AO6=3,10%,0) -> 0.1 | V4: =IF(AP6=3,10%,0) -> 0.1 | W4: =IF(AQ6=3,10%,0) -> 0.1 | X4: =IF(AR6=3,10%,0) -> 0.1 | Y4: =IF(AS6=3,10%,0) -> 0 | Z4: =IF(AT6=3,10%,0) -> 0 | AA4: =IF(AU6=3,10%,0) -> 0 | ... AC4: =IF(AW6=3,10%,0) -> 0 | AD4: =SUM(S4:AC4) -> 0.5 | AF4: COL | AG4: 0.25 | AH4: 0.25 | AI4: - | AJ4: - | AK4: =SUM(AG4:AJ4) -> 0.5 | AN4: JUNE | AO4: JULY | AP4: AUGUST | AQ4: SEPTEMBER | AR4: OCTOBER | AS4: NOVEMBER | AT4: DECEMBER | AU4: JANUARY | AV4: FEBRUARY | AW4: MARCH
B5: ALB | C5: 22 | D5: 17 | E5: 36 | F5: 26 | G5: 11 | H5: 29 | I5: 25 | O5: =SUM(C5:N5) -> 166 | R5: PLT | T5: =IF(AN7=3,10%,0) -> 0.1 | U5: =IF(AO7=3,10%,0) -> 0.1 | V5: =IF(AP7=3,10%,0) -> 0.1 | W5: =IF(AQ7=3,10%,0) -> 0.1 | X5: =IF(AR7=3,10%,0) -> 0.1 | Y5: =IF(AS7=3,10%,0) -> 0 | Z5: =IF(AT7=3,10%,0) -> 0 | AA5: =IF(AU7=3,10%,0) -> 0 | ... AC5: =IF(AW7=3,10%,0) -> 0 | AD5: =SUM(S5:AC5) -> 0.5 | AF5: PLT | AG5: 0.25 | AH5: 0.25 | AI5: - | AJ5: - | AK5: =SUM(AG5:AJ5) -> 0.5 | AM5: Market | AN5: RES MAY | FCST JUN | AO5: RES JUN| FCST JUL | AP5: RES JUL | FCST AUG | AQ5: RES AUG | FCST SEP | AR5: RES SEP | FCST OCT | AS5: RES OCT | FCST NOV | AT5: RES NOV | FCST DEC | AU5: RES DEC | FCST JAN | AV5: RES JAN | FCST FEB | AW5: RES FEB | FCST MAR
B6: ANT | C6: 8 | D6: 4 | E6: 6 | F6: 0 | G6: 9 | H6: 6 | I6: 4 | O6: =SUM(C6:N6) -> 37 | R6: CST | T6: =IF(AN8=3,10%,0) -> 0.1 | U6: =IF(AO8=3,10%,0) -> 0.1 | V6: =IF(AP8=3,10%,0) -> 0.1 | W6: =IF(AQ8=3,10%,0) -> 0.1 | X6: =IF(AR8=3,10%,0) -> 0.1 | Y6: =IF(AS8=3,10%,0) -> 0 | Z6: =IF(AT8=3,10%,0) -> 0 | AA6: =IF(AU8=3,10%,0) -> 0 | ... AC6: =IF(AW8=3,10%,0) -> 0 | AD6: =SUM(S6:AC6) -> 0.5 | AF6: CST | AG6: 0.25 | AH6: 0.25 | AI6: - | AJ6: - | AK6: =SUM(AG6:AJ6) -> 0.5 | AM6: COL | AN6: 3 | AO6: 3 | AP6: 3 | AQ6: 3 | AR6: 3 | AS6: - | AT6: - | AU6: - | AV6: - | AW6: -
B7: BAR | C7: 15 | D7: 12 | E7: 13 | F7: 6 | G7: 9 | H7: 31 | I7: 15 | O7: =SUM(C7:N7) -> 101 | R7: ECA | T7: =IF(AN9=3,10%,0) -> 0.1 | U7: =IF(AO9=3,10%,0) -> 0.1 | V7: =IF(AP9=3,10%,0) -> 0.1 | W7: =IF(AQ9=3,10%,0) -> 0.1 | X7: =IF(AR9=3,10%,0) -> 0.1 | Y7: =IF(AS9=3,10%,0) -> 0 | Z7: =IF(AT9=3,10%,0) -> 0 | AA7: =IF(AU9=3,10%,0) -> 0 | ... AC7: =IF(AW9=3,10%,0) -> 0 | AD7: =SUM(S7:AC7) -> 0.5 | AF7: ECA | AG7: 0.25 | AH7: 0.25 | AI7: - | AJ7: - | AK7: =SUM(AG7:AJ7) -> 0.5 | AM7: PLT | AN7: 3 | AO7: 3 | AP7: 3 | AQ7: 3 | AR7: 3 | AS7: - | AT7: - | AU7: - | AV7: - | AW7: -
B8: BEM | C8: 2 | D8: 2 | E8: 0 | F8: 1 | G8: 1 | H8: 2 | I8: 2 | O8: =SUM(C8:N8) -> 10 | R8: PNM | T8: =IF(AN10=3,10%,0) -> 0.1 | U8: =IF(AO10=3,10%,0) -> 0.1 | V8: =IF(AP10=3,10%,0) -> 0.1 | W8: =IF(AQ10=3,10%,0) -> 0.1 | X8: =IF(AR10=3,10%,0) -> 0.1 | Y8: =IF(AS10=3,10%,0) -> 0 | Z8: =IF(AT10=3,10%,0) -> 0 | AA8: =IF(AU10=3,10%,0) -> 0 | ... AC8: =IF(AW10=3,10%,0) -> 0 | AD8: =SUM(S8:AC8) -> 0.5 | AF8: PNM | AG8: 0.25 | AH8: 0.25 | AI8: - | AJ8: - | AK8: =SUM(AG8:AJ8) -> 0.5 | AM8: CST | AN8: 3 | AO8: 3 | AP8: 3 | AQ8: 3 | AR8: 3 | AS8: - | AT8: - | AU8: - | AV8: - | AW8: -
B9: BHM | C9: 16 | D9: 8 | E9: 9 | F9: 6 | G9: 5 | H9: 11 | I9: 0 | O9: =SUM(C9:N9) -> 55 | R9: URU | T9: =IF(AN11=3,10%,0) -> 0.1 | U9: =IF(AO11=3,10%,0) -> 0.1 | V9: =IF(AP11=3,10%,0) -> 0.1 | W9: =IF(AQ11=3,10%,0) -> 0.1 | X9: =IF(AR11=3,10%,0) -> 0.1 | Y9: =IF(AS11=3,10%,0) -> 0 | Z9: =IF(AT11=3,10%,0) -> 0 | AA9: =IF(AU11=3,10%,0) -> 0 | ... AC9: =IF(AW11=3,10%,0) -> 0 | AD9: =SUM(S9:AC9) -> 0.5 | AF9: URU | AG9: 0.25 | AH9: 0.25 | AI9: - | AJ9: - | AK9: =SUM(AG9:AJ9) -> 0.5 | AM9: ECA | AN9: 3 | AO9: 3 | AP9: 3 | AQ9: 3 | AR9: 3 | AS9: - | AT9: - | AU9: - | AV9: - | AW9: -
B10: BLZ | C10: 1 | D10: 5 | E10: 3 | F10: 9 | G10: 3 | H10: 0 | I10: 1 | O10: =SUM(C10:N10) -> 22 | R10: ELS | T10: =IF(AN12=3,10%,0) -> 0.1 | U10: =IF(AO12=3,10%,0) -> 0.1 | V10: =IF(AP12=3,10%,0) -> 0.1 | W10: =IF(AQ12=3,10%,0) -> 0.1 | X10: =IF(AR12=3,10%,0) -> 0.1 | Y10: =IF(AS12=3,10%,0) -> 0 | Z10: =IF(AT12=3,10%,0) -> 0 | AA10: =IF(AU12=3,10%,0) -> 0 | ... AC10: =IF(AW12=3,10%,0) -> 0 | AD10: =SUM(S10:AC10) -> 0.5 | AF10: ELS | AG10: 0.25 | AH10: 0.25 | AI10: - | AJ10: - | AK10: =SUM(AG10:AJ10) -> 0.5 | AM10: PNM | AN10: 3 | AO10: 3 | AP10: 3 | AQ10: 3 | AR10: 3 | AS10: - | AT10: - | AU10: - | AV10: - | AW10: -
B11: BOL | C11: 111 | D11: 117 | E11: 92 | F11: 53 | G11: 66 | H11: 104 | I11: 74 | O11: =SUM(C11:N11) -> 617 | R11: HND | T11: =IF(AN13=3,10%,0) -> 0.1 | U11: =IF(AO13=3,10%,0) -> 0.1 | V11: =IF(AP13=3,10%,0) -> 0.1 | W11: =IF(AQ13=3,10%,0) -> 0.1 | X11: =IF(AR13=3,10%,0) -> 0.1 | Y11: =IF(AS13=3,10%,0) -> 0 | Z11: =IF(AT13=3,10%,0) -> 0 | AA11: =IF(AU13=3,10%,0) -> 0 | ... AC11: =IF(AW13=3,10%,0) -> 0 | AD11: =SUM(S11:AC11) -> 0.5 | AF11: HND | AG11: 0.25 | AH11: 0.25 | AI11: - | AJ11: - | AK11: =SUM(AG11:AJ11) -> 0.5 | AM11: URU | AN11: 3 | AO11: 3 | AP11: 3 | AQ11: 3 | AR11: 3 | AS11: - | AT11: - | AU11: - | AV11: - | AW11: -
B12: COL | C12: 1019 | D12: 973 | E12: 1072 | F12: 1181 | G12: 1055 | H12: 1295 | I12: 1288 | O12: =SUM(C12:N12) -> 7883 | R12: NIC | T12: =IF(AN14=3,10%,0) -> 0.1 | U12: =IF(AO14=3,10%,0) -> 0.1 | V12: =IF(AP14=3,10%,0) -> 0.1 | W12: =IF(AQ14=3,10%,0) -> 0.1 | X12: =IF(AR14=3,10%,0) -> 0.1 | Y12: =IF(AS14=3,10%,0) -> 0 | Z12: =IF(AT14=3,10%,0) -> 0 | AA12: =IF(AU14=3,10%,0) -> 0 | ... AC12: =IF(AW14=3,10%,0) -> 0 | AD12: =SUM(S12:AC12) -> 0.5 | AF12: NIC | AG12: 0.25 | AH12: 0.25 | AI12: - | AJ12: - | AK12: =SUM(AG12:AJ12) -> 0.5 | AM12: ELS | AN12: 3 | AO12: 3 | AP12: 3 | AQ12: 3 | AR12: 3 | AS12: - | AT12: - | AU12: - | AV12: - | AW12: -
B13: CST | C13: 719 | D13: 702 | E13: 631 | F13: 515 | G13: 486 | H13: 501 | I13: 479 | O13: =SUM(C13:N13) -> 4033 | R13: DOM | T13: =IF(AN15=3,10%,0) -> 0.1 | U13: =IF(AO15=3,10%,0) -> 0.1 | V13: =IF(AP15=3,10%,0) -> 0.1 | W13: =IF(AQ15=3,10%,0) -> 0.1 | X13: =IF(AR15=3,10%,0) -> 0.1 | Y13: =IF(AS15=3,10%,0) -> 0.1 | Z13: =IF(AT15=3,10%,0) -> 0 | AA13: =IF(AU15=3,10%,0) -> 0 | ... AC13: =IF(AW15=3,10%,0) -> 0 | AD13: =SUM(S13:AC13) -> 0.6 | AF13: DOM | AG13: 0.25 | AH13: 0.25 | AI13: - | AJ13: - | AK13: =SUM(AG13:AJ13) -> 0.5 | AM13: HND | AN13: 3 | AO13: 3 | AP13: 3 | AQ13: 3 | AR13: 3 | AS13: - | AT13: - | AU13: - | AV13: - | AW13: -
B14: CUR | C14: 17 | D14: 19 | E14: 30 | F14: 20 | G14: 20 | H14: 34 | I14: 32 | O14: =SUM(C14:N14) -> 172 | R14: GUT | T14: =IF(AN16=3,10%,0) -> 0.1 | U14: =IF(AO16=3,10%,0) -> 0.1 | V14: =IF(AP16=3,10%,0) -> 0.1 | W14: =IF(AQ16=3,10%,0) -> 0.1 | X14: =IF(AR16=3,10%,0) -> 0.1 | Y14: =IF(AS16=3,10%,0) -> 0 | Z14: =IF(AT16=3,10%,0) -> 0 | AA14: =IF(AU16=3,10%,0) -> 0 | ... AC14: =IF(AW16=3,10%,0) -> 0 | AD14: =SUM(S14:AC14) -> 0.5 | AF14: GUT | AG14: - | AH14: - | AI14: - | AJ14: - | AK14: =SUM(AG14:AJ14) -> 0 | AM14: NIC | AN14: 3 | AO14: 3 | AP14: 3 | AQ14: 3 | AR14: 3 | AS14: - | AT14: - | AU14: - | AV14: - | AW14: -
B15: DMT | C15: 3 | D15: 2 | E15: 6 | F15: 7 | G15: 5 | H15: 2 | I15: 0 | O15: =SUM(C15:N15) -> 25 | R15: PRG | T15: =IF(AN17=3,10%,0) -> 0.1 | U15: =IF(AO17=3,10%,0) -> 0.1 | V15: =IF(AP17=3,10%,0) -> 0 | W15: =IF(AQ17=3,10%,0) -> 0 | X15: =IF(AR17=3,10%,0) -> 0 | Y15: =IF(AS17=3,10%,0) -> 0 | Z15: =IF(AT17=3,10%,0) -> 0 | AA15: =IF(AU17=3,10%,0) -> 0 | ... AC15: =IF(AW17=3,10%,0) -> 0 | AD15: =SUM(S15:AC15) -> 0.2 | AF15: PRG | AG15: - | AH15: - | AI15: - | AJ15: - | AK15: =SUM(AG15:AJ15) -> 0 | AM15: DOM | AN15: 3 | AO15: 3 | AP15: 3 | AQ15: 3 | AR15: 3 | AS15: 3 | AT15: - | AU15: - | AV15: - | AW15: -
B16: DOM | C16: 130 | D16: 130 | E16: 160 | F16: 150 | G16: 150 | H16: 145 | I16: 125 | O16: =SUM(C16:N16) -> 990 | R16: BOL | T16: =IF(AN18=3,10%,0) -> 0.1 | U16: =IF(AO18=3,10%,0) -> 0.1 | V16: =IF(AP18=3,10%,0) -> 0.1 | W16: =IF(AQ18=3,10%,0) -> 0.1 | X16: =IF(AR18=3,10%,0) -> 0.1 | Y16: =IF(AS18=3,10%,0) -> 0 | Z16: =IF(AT18=3,10%,0) -> 0 | AA16: =IF(AU18=3,10%,0) -> 0 | ... AC16: =IF(AW18=3,10%,0) -> 0 | AD16: =SUM(S16:AC16) -> 0.5 | AF16: BOL | AG16: - | AH16: - | AI16: - | AJ16: - | AK16: =SUM(AG16:AJ16) -> 0 | AM16: GUT | AN16: 3 | AO16: 3 | AP16: 3 | AQ16: 3 | AR16: 3 | AS16: - | AT16: - | AU16: - | AV16: - | AW16: -
B17: ECA | C17: 128 | D17: 111 | E17: 137 | F17: 146 | G17: 147 | H17: 112 | I17: 127 | O17: =SUM(C17:N17) -> 908 | R17: MASSY | T17: =IF(AN19=3,10%,0) -> 0.1 | U17: =IF(AO19=3,10%,0) -> 0.1 | V17: =IF(AP19=3,10%,0) -> 0.1 | W17: =IF(AQ19=3,10%,0) -> 0.1 | X17: =IF(AR19=3,10%,0) -> 0.1 | Y17: =IF(AS19=3,10%,0) -> 0 | Z17: =IF(AT19=3,10%,0) -> 0 | AA17: =IF(AU19=3,10%,0) -> 0 | ... AC17: =IF(AW19=3,10%,0) -> 0 | AD17: =SUM(S17:AC17) -> 0.5 | AF17: MASSY | AG17: - | AH17: - | AI17: - | AJ17: - | AK17: =SUM(AG17:AJ17) -> 0 | AM17: PRG | AN17: 3 | AO17: 3 | AP17: 1 | AQ17: 1 | AR17: 1 | AS17: - | AT17: - | AU17: - | AV17: - | AW17: -
B18: ELS | C18: 138 | D18: 175 | E18: 182 | F18: 182 | G18: 170 | H18: 167 | I18: 144 | O18: =SUM(C18:N18) -> 1158 | R18: Gel | T18: =IF(AN20=3,10%,0) -> 0 | U18: =IF(AO20=3,10%,0) -> 0.1 | V18: =IF(AP20=3,10%,0) -> 0.1 | W18: =IF(AQ20=3,10%,0) -> 0.1 | X18: =IF(AR20=3,10%,0) -> 0.1 | Y18: =IF(AS20=3,10%,0) -> 0 | Z18: =IF(AT20=3,10%,0) -> 0 | AA18: =IF(AU20=3,10%,0) -> 0 | ... AC18: =IF(AW20=3,10%,0) -> 0 | AD18: =SUM(S18:AC18) -> 0.4 | AF18: Gel | AG18: - | AH18: - | AI18: - | AJ18: - | AK18: =SUM(AG18:AJ18) -> 0 | AM18: BOL | AN18: 3 | AO18: 3 | AP18: 3 | AQ18: 3 | AR18: 3 | AS18: - | AT18: - | AU18: - | AV18: - | AW18: -
B19: GRN | C19: 6 | D19: 5 | E19: 2 | F19: 6 | G19: 5 | H19: 2 | I19: 5 | O19: =SUM(C19:N19) -> 31 | AM19: MASSY | AN19: 3 | AO19: 3 | AP19: 3 | AQ19: 3 | AR19: 3 | AS19: - | AT19: - | AU19: - | AV19: - | AW19: -
B20: GUI | C20: 0 | D20: 0 | E20: 3 | F20: 0 | G20: 3 | H20: 0 | I20: 5 | O20: =SUM(C20:N20) -> 11 | R20: 1 | S20: 2 | T20: 3 | U20: 4 | V20: 5 | W20: 6 | X20: 7 | Y20: 8 | Z20: 9 | AA20: 10 | AB20: 11 | AC20: 12 | AF20: 360 Game Plan | AM20: Gel | AN20: 1 | AO20: 3 | AP20: 3 | AQ20: 3 | AR20: 3 | AS20: - | AT20: - | AU20: - | AV20: - | AW20: -
B21: GUT | C21: 147 | D21: 139 | E21: 161 | F21: 178 | G21: 183 | H21: 176 | I21: 181 | O21: =SUM(C21:N21) -> 1165 | R21: Market | S21: Mayo | T21: Junio | U21: Julio | V21: Agosto | W21: Septiembre | X21: Octubre | Y21: Noviembre | Z21: Diciembre | AA21: Enero | AB21: Febrero | AC21: Marzo | AF21: 1 | AG21: 2 | AH21: 3 | AI21: 4 | AJ21: 5 | AK21: 6
B22: HIT | C22: 17 | D22: 5 | E22: 11 | F22: 2 | G22: 16 | H22: 18 | I22: 26 | O22: =SUM(C22:N22) -> 95 | Q22: 0.090909091 | R22: COL | S22: 3 | T22: 3 | U22: - | V22: - | W22: - | X22: - | Y22: - | Z22: - | AA22: - | AB22: - | AC22: - | AF22: Market | AG22: Q1 | AH22: Q2 | AI22: Q3 | AJ22: Q4 | AK22: Total
B23: HND | C23: 113 | D23: 189 | E23: 245 | F23: 227 | G23: 201 | H23: 263 | I23: 187 | O23: =SUM(C23:N23) -> 1425 | R23: PLT | S23: 3 | T23: 1 | U23: - | V23: - | W23: - | X23: - | Y23: - | Z23: - | AA23: - | AB23: - | AC23: - | AF23: COL | AG23: 0.25 | AH23: 0.25 | AI23: 0.25 | AJ23: - | AK23: =SUM(AG23:AJ23) -> 0.75
B24: JAM | C24: 30 | D24: 31 | E24: 15 | F24: 25 | G24: 19 | H24: 14 | I24: 10 | O24: =SUM(C24:N24) -> 144 | R24: CST | S24: 3 | T24: 3 | U24: - | V24: - | W24: - | X24: - | Y24: - | Z24: - | AA24: - | AB24: - | AC24: - | AF24: PLT | AG24: 0.25 | AH24: 0.25 | AI24: 0.25 | AJ24: - | AK24: =SUM(AG24:AJ24) -> 0.75
B25: NIC | C25: 86 | D25: 112 | E25: 106 | F25: 87 | G25: 94 | H25: 94 | I25: 82 | O25: =SUM(C25:N25) -> 661 | R25: ECA | S25: 3 | T25: 3 | U25: - | V25: - | W25: - | X25: - | Y25: - | Z25: - | AA25: - | AB25: - | AC25: - | AF25: CST | AG25: 0.25 | AH25: 0.25 | AI25: 0.25 | AJ25: - | AK25: =SUM(AG25:AJ25) -> 0.75
B26: PLT | C26: 715 | D26: 586 | E26: 570 | F26: 554 | G26: 484 | H26: 502 | I26: 407 | O26: =SUM(C26:N26) -> 3818 | R26: PNM | S26: 3 | T26: 3 | U26: - | V26: - | W26: - | X26: - | Y26: - | Z26: - | AA26: - | AB26: - | AC26: - | AF26: ECA | AG26: 0.25 | AH26: 0.25 | AI26: 0.25 | AJ26: - | AK26: =SUM(AG26:AJ26) -> 0.75
B27: PNM | C27: 155 | D27: 131 | E27: 145 | F27: 145 | G27: 174 | H27: 184 | I27: 212 | O27: =SUM(C27:N27) -> 1146 | R27: URU | S27: 3 | T27: 3 | U27: - | V27: - | W27: - | X27: - | Y27: - | Z27: - | AA27: - | AB27: - | AC27: - | AF27: PNM | AG27: 0.25 | AH27: 0.25 | AI27: 0.25 | AJ27: - | AK27: =SUM(AG27:AJ27) -> 0.75
B28: PRG | C28: 115 | D28: 122 | E28: 134 | F28: 154 | G28: 134 | H28: 227 | I28: 175 | O28: =SUM(C28:N28) -> 1061 | R28: ELS | S28: 3 | T28: 3 | U28: - | V28: - | W28: - | X28: - | Y28: - | Z28: - | AA28: - | AB28: - | AC28: - | AF28: URU | AG28: 0.25 | AH28: 0.25 | AI28: 0.25 | AJ28: - | AK28: =SUM(AG28:AJ28) -> 0.75
B29: SRI | C29: 3 | D29: 5 | E29: 2 | F29: 2 | G29: 4 | H29: 5 | I29: 6 | O29: =SUM(C29:N29) -> 27 | R29: HND | S29: 3 | T29: 3 | U29: - | V29: - | W29: - | X29: - | Y29: - | Z29: - | AA29: - | AB29: - | AC29: - | AF29: ELS | AG29: 0.25 | AH29: 0.25 | AI29: 0.25 | AJ29: - | AK29: =SUM(AG29:AJ29) -> 0.75
B30: STK | C30: 1 | D30: 0 | E30: 2 | F30: 4 | G30: 2 | H30: 1 | I30: 0 | O30: =SUM(C30:N30) -> 10 | R30: NIC | S30: 3 | T30: 3 | U30: - | V30: - | W30: - | X30: - | Y30: - | Z30: - | AA30: - | AB30: - | AC30: - | AF30: HND | AG30: 0.25 | AH30: 0.25 | AI30: 0.25 | AJ30: - | AK30: =SUM(AG30:AJ30) -> 0.75
B31: STL | C31: 10 | D31: 5 | E31: 9 | F31: 11 | G31: 12 | H31: 9 | I31: 3 | O31: =SUM(C31:N31) -> 59 | R31: DOM | S31: 3 | T31: 3 | U31: - | V31: - | W31: - | X31: - | Y31: - | Z31: - | AA31: - | AB31: - | AC31: - | AF31: NIC | AG31: 0.25 | AH31: 0.25 | AI31: 0.25 | AJ31: - | AK31: =SUM(AG31:AJ31) -> 0.75
B32: STM | C32: 22 | D32: 23 | E32: 42 | F32: 33 | G32: 23 | H32: 67 | I32: 56 | O32: =SUM(C32:N32) -> 266 | R32: GUT | S32: 3 | T32: 3 | U32: - | V32: - | W32: - | X32: - | Y32: - | Z32: - | AA32: - | AB32: - | AC32: - | AF32: DOM | AG32: 0.25 | AH32: 0.25 | AI32: 0.25 | AJ32: - | AK32: =SUM(AG32:AJ32) -> 0.75
B33: STV | C33: 2 | D33: 1 | E33: 1 | F33: 6 | G33: 2 | H33: 2 | I33: 2 | O33: =SUM(C33:N33) -> 16 | R33: PRG | S33: 3 | T33: 3 | U33: - | V33: - | W33: - | X33: - | Y33: - | Z33: - | AA33: - | AB33: - | AC33: - | AF33: GUT | AG33: 0.25 | AH33: 0.25 | AI33: 0.25 | AJ33: - | AK33: =SUM(AG33:AJ33) -> 0.75
B34: TRD | C34: 93 | D34: 116 | E34: 87 | F34: 85 | G34: 56 | H34: 76 | I34: 54 | O34: =SUM(C34:N34) -> 567 | R34: BOL | S34: 3 | T34: 3 | U34: - | V34: - | W34: - | X34: - | Y34: - | Z34: - | AA34: - | AB34: - | AC34: - | AF34: PRG | AG34: 0.25 | AH34: 0.25 | AI34: 0.25 | AJ34: - | AK34: =SUM(AG34:AJ34) -> 0.75
B35: URU | C35: 150 | D35: 120 | E35: 150 | F35: 94 | G35: 104 | H35: 117 | I35: 111 | O35: =SUM(C35:N35) -> 846 | R35: MASSY | S35: 3 | T35: 3 | U35: 3 | V35: - | W35: - | X35: - | Y35: - | Z35: - | AA35: - | AB35: - | AC35: - | AF35: BOL | AG35: 0.25 | AH35: 0.25 | AI35: 0.25 | AJ35: - | AK35: =SUM(AG35:AJ35) -> 0.75
B36: GEL | C36: =C7+C24+C31+C33 -> 57 | D36: =D7+D24+D31+D33 -> 49 | E36: =E7+E24+E31+E33 -> 38 | F36: =F7+F24+F31+F33 -> 48 | G36: =G7+G24+G31+G33 -> 42 | H36: =H7+H24+H31+H33 -> 56 | I36: =I7+I24+I31+I33 -> 30 | J36: =J7+J24+J31+J33 -> 0 | ... N36: =N7+N24+N31+N33 -> 0 | O36: =SUM(C36:N36) -> 320 | R36: Gel | S36: 3 | T36: 3 | U36: 3 | V36: - | W36: - | X36: - | Y36: - | Z36: - | AA36: - | AB36: - | AC36: - | AF36: MASSY | AG36: 0.25 | AH36: 0.25 | AI36: 0.25 | AJ36: - | AK36: =SUM(AG36:AJ36) -> 0.75
B37: Massy | C37: =C6+C8+C9+C15+C19+C29+C30+C34+C20+C4 -> 132 | D37: =D6+D8+D9+D15+D19+D29+D30+D34+D20+D4 -> 142 | E37: =E6+E8+E9+E15+E19+E29+E30+E34+E20+E4 -> 117 | F37: =F6+F8+F9+F15+F19+F29+F30+F34+F20+F4 -> 111 | G37: =G6+G8+G9+G15+G19+G29+G30+G34+G20+G4 -> 90 | H37: =H6+H8+H9+H15+H19+H29+H30+H34+H20+H4 -> 105 | I37: =I6+I8+I9+I15+I19+I29+I30+I34+I20+I4 -> 77 | J37: =J6+J8+J9+J14+J15+J19+J29+J30+J34+J20 -> 0 | K37: =K6+K8+K9+K14+K15+K19+K29+K30+K34+K20 -> 0 | L37: =L6+L8+L9+L14+L15+L19+L29+L30+L34+L20 -> 0 | M37: =M6+M8+M9+M14+M15+M19+M29+M30+M34+M20 -> 0 | N37: =N6+N8+N9+N14+N15+N19+N29+N30+N34+N20 -> 0 | O37: =SUM(C37:N37) -> 774 | AF37: Gel | AG37: 0.25 | AH37: 0.25 | AI37: 0.25 | AJ37: - | AK37: =SUM(AG37:AJ37) -> 0.75
C38: =SUM(C4:C35) -> 3994 | D38: =SUM(D4:D35) -> 3867 | E38: =SUM(E4:E35) -> 4062 | F38: =SUM(F4:F35) -> 3915 | G38: =SUM(G4:G35) -> 3653 | H38: =SUM(H4:H35) -> 4196 | I38: =SUM(I4:I35) -> 3839 | J38: =SUM(J4:J35) -> 0 | ... O38: =SUM(O4:O35) -> 27526
B39: TRAINING
B40: 1 | C40: 2 | D40: 3 | E40: 4 | F40: 5 | G40: 6 | H40: 7 | I40: 8 | J40: 9 | K40: 10 | L40: 11 | M40: 12 | N40: 13 | O40: 14 | P40: 15 | Q40: 16 | R40: 17 | S40: 18 | T40: 19 | U40: 20
D41: JULIO | F41: AUG | H41: SEP | J41: OCT | L41: NOV | N41: DEC | P41: JAN | R41: FEB | T41: MAR
B42: NSC | C42: Mercado | D42: AS | E42: Sales | F42: AS | G42: Sales | H42: AS | I42: Sales | J42: AS | K42: Sales | L42: AS | M42: Sales | N42: AS | O42: Sales | P42: AS | Q42: Sales | R42: AS | S42: Sales | T42: AS | U42: Sales
B43: ANT | C43: ANTIGUA (DIS25D07) | D43: 0.43529412 | E43: 1 | F43: 0.43529412 | G43: 1 | H43: 0.2327044 | I43: 1 | J43: 0.2327044 | K43: 1
B44: ALB | C44: ARUBA (DIS25D17) | D44: 0.83783784 | E44: 1 | F44: 0.83783784 | G44: 1 | H44: 0.83783784 | I44: 1 | J44: 0.83783784 | K44: 1
B45: BHM | C45: BAHAMAS (DIS25D13) | D45: 0.34163701 | E45: 1 | F45: 0.34163701 | G45: 1 | H45: 0.34163701 | I45: 1 | J45: 0.34163701 | K45: 1
B46: BAR | C46: BARBADOS (DIS25D04) | D46: 0.10422164 | E46: 0.42857143 | F46: 0.10422164 | G46: 0.42857143 | H46: 0.10291439 | I46: 0.42857143 | J46: 0.10291439 | K46: 0.42857143
B47: BLZ | C47: BELIZE (DIS25D18) | D47: 0.53551913 | E47: 0 | F47: 0.53551913 | H47: 0.53551913 | J47: 0.53551913
B48: BER | C48: BERMUDA (DIS25D11) | G48: 1 | I48: 1 | K48: 1
B49: BOL | C49: Bolivia | D49: 0.96668581 | E49: 1 | F49: 0.96668581 | G49: 1 | H49: 0.9238192 | I49: 1 | J49: 0.9238192 | K49: 1
B50: COL | C50: Colombia | D50: 0.8406298 | E50: 0.99531465 | F50: 0.8406298 | G50: 0.99531465 | H50: 0.81437428 | I50: 0.98448729 | J50: 0.81437428 | K50: 0.98448729
B51: CST | C51: Costa Rica | D51: 1 | E51: 1 | F51: 1 | G51: 1 | H51: 0.99916037 | I51: 0.98931624 | J51: 0.99916037 | K51: 0.98931624
B52: CUR | C52: CURAZAO (DIS25D14) | D52: 1 | E52: 1 | F52: 1 | G52: 1 | H52: 1 | I52: 1 | J52: 1 | K52: 1
B53: DMT | C53: DOMINICA (DIS25D12) | D53: 1 | E53: 1 | F53: 1 | G53: 1 | H53: 1 | I53: 1 | J53: 1 | K53: 1
B54: ECA | C54: Ecuador | D54: 0.95618221 | E54: 0.95864198 | F54: 0.95618221 | G54: 0.95864198 | H54: 0.95211389 | I54: 0.91666667 | J54: 0.95211389 | K54: 0.91666667
B55: ELS | C55: El Salvador | D55: 0.9899909 | E55: 0.96428571 | F55: 0.9899909 | G55: 0.96428571 | H55: 0.95265306 | I55: 0.96969697 | J55: 0.95265306 | K55: 0.96969697
B56: GRN | C56: GRENADA (DIS25D08) | D56: 0.71311475 | E56: 1 | F56: 0.71311475 | G56: 1 | H56: 0.71311475 | I56: 1 | J56: 0.71311475 | K56: 1
B57: GUT | C57: Guatemala | D57: 0.89498807 | E57: 1 | F57: 0.89498807 | G57: 1 | H57: 0.83870968 | I57: 0.94 | J57: 0.83870968 | K57: 0.94
B58: GUI | C58: GUYANA (DIS25D15) | D58: 1 | E58: 1 | F58: 1 | G58: 1 | H58: 1 | I58: 1 | J58: 1 | K58: 1
B59: HIT | C59: HAITI (DIS25D03) | D59: 0.0035587189 | E59: 0 | F59: 0.0035587189 | H59: 0.0035587189 | J59: 0.0035587189
B60: HND | C60: Honduras | D60: 0.97774245 | E60: 1 | F60: 0.97774245 | G60: 1 | H60: 0.97275204 | I60: 1 | J60: 0.97275204 | K60: 1
B61: JAM | C61: JAMAICA (DIS25D02) | D61: 0.58857143 | E61: 0.89393939 | F61: 0.58857143 | G61: 0.89393939 | H61: 0.64380952 | I61: 0.84545455 | J61: 0.64380952 | K61: 0.84545455
B62: PLT | C62: Puerto Rico | D62: 1 | E62: 0.963 | H62: 0.76666667 | I62: 0.96511628 | J62: 0 | K62: 0.942
B63: NIC | C63: Nicaragua | D63: 0.92890995 | E63: 1 | F63: 0.92890995 | G63: 1 | H63: 0.82099344 | I63: 1 | J63: 0.82099344 | K63: 1
B64: PNM | C64: Panama | D64: 1 | E64: 1 | F64: 1 | G64: 1 | H64: 1 | I64: 0.95964432 | J64: 1 | K64: 0.95964432
B65: PRG | C65: Paraguay | D65: 0.98919308 | E65: 0.84 | F65: 0.98919308 | G65: 0.84 | H65: 0.93508937 | I65: 0.86956522 | J65: 0.93508937 | K65: 0.86956522
B66: DOM | C66: República Dominicana | D66: 1 | E66: 1 | F66: 1 | G66: 1 | H66: 1 | I66: 1 | J66: 1 | K66: 1
B67: STK | C67: ST KITTS (DIS25D09) | D67: 0.28470588 | E67: 0.6 | F67: 0.28470588 | G67: 0.6 | H67: 0.28470588 | I67: 0.6 | J67: 0.28470588 | K67: 0.6
B68: STL | C68: ST LUCIA (DIS25D05) | D68: 0.21100917 | E68: 1 | F68: 0.21100917 | G68: 1 | H68: 0.15181518 | I68: 1 | J68: 0.15181518 | K68: 1
B69: SRI | C69: SURINAME (DIS25D10) | D69: 1 | E69: 1 | F69: 1 | G69: 1 | H69: 1 | I69: 1 | J69: 1 | K69: 1
B70: TRD | C70: TRINIDAD Y TOBAGO (DIS25D01) | D70: 1 | E70: 0.96969697 | F70: 1 | G70: 0.96969697 | H70: 1 | I70: 0.96969697 | J70: 1 | K70: 0.96969697
B71: URU | C71: Uruguay | D71: 0.90638811 | E71: 0.90604575 | F71: 0.90638811 | G71: 0.90604575 | H71: 0.89912975 | I71: 0.90604575 | J71: 0.89912975 | K71: 0.90604575
B72: GEL | C72: GEL | D72: =AVERAGE(D46,D61,D68) -> 0.30126741 | E72: =AVERAGE(E46,E61,E68) -> 0.77417027 | F72: =AVERAGE(F46,F61,F68) -> 0.30126741 | G72: =AVERAGE(G46,G61,G68) -> 0.77417027 | H72: =AVERAGE(H46,H61,H68) -> 0.29951303 | I72: =AVERAGE(I46,I61,I68) -> 0.75800866 | J72: 0.29951303 | K72: 0.75800866
B73: MASSY | C73: MASSY | D73: =AVERAGE(D43,D45,D53,D56,D58,D67,D69,D70) -> 0.72184397 | E73: =AVERAGE(E43,E45,E53,E56,E58,E67,E69,E70) -> 0.94621212 | F73: =AVERAGE(F43,F45,F53,F56,F58,F67,F69,F70) -> 0.72184397 | G73: =AVERAGE(G43,G45,G53,G56,G58,G67,G69,G70,G48) -> 0.95218855 | H73: =AVERAGE(H43,H45,H53,H56,H58,H67,H69,H70,H48) -> 0.69652026 | I73: =AVERAGE(I43,I45,I53,I56,I58,I67,I69,I70,I48) -> 0.95218855 | J73: 0.69652026 | K73: 0.95218855
B75: SATISFACTION
C76: 1 | D76: 2 | E76: 3 | F76: 4 | G76: 5 | H76: 6 | I76: 7 | J76: 8 | K76: 9 | L76: 10 | M76: 11 | N76: 12 | O76: 13 | P76: 14 | Q76: 15 | R76: 16 | S76: 17 | T76: 18 | U76: 19
D77: JULIO | F77: AUG | H77: SEP | J77: OCT | L77: NOV | N77: DEC | P77: JAN | R77: FEB | T77: MAR
C78: NSC | D78: CSI | E78: SSI | F78: CSI | G78: SSI | H78: CSI | I78: SSI | J78: CSI | K78: SSI | L78: CSI | M78: SSI | N78: CSI | O78: SSI | P78: CSI | Q78: SSI | R78: CSI | S78: SSI | T78: CSI | U78: SSI
C79: COL | D79: 0.793 | E79: 0.958 | F79: 0.784 | G79: 0.957 | H79: 0.788 | I79: 0.956 | J79: 0.791 | K79: 0.958
C80: CST | D80: 0.948 | E80: 0.937 | F80: 0.951 | G80: 0.935 | H80: 0.955 | I80: 0.934 | J80: 0.953 | K80: 0.937
C81: ECA | D81: 0.863 | E81: 0.992 | F81: 0.868 | G81: 0.982 | H81: 0.873 | I81: 0.974 | J81: 0.871 | K81: 0.963
C82: PNM | D82: 0.872 | E82: 0.971 | F82: 0.879 | G82: 0.976 | H82: 0.879 | I82: 0.98 | J82: 0.887 | K82: 0.97
C83: PLT | D83: 0.847 | E83: 0.911 | F83: 0.838 | G83: 0.918 | H83: 0.842 | I83: 0.92 | J83: 0.848 | K83: 0.918
C84: URU | D84: 0.991 | E84: 0.981 | F84: 0.993 | G84: 0.986 | H84: 0.994 | I84: 0.988 | J84: 0.992 | K84: 0.989
C85: BOL | D85: 0.882 | E85: 0.93 | F85: 0.893 | G85: 0.924 | H85: 0.896 | I85: 0.928 | J85: 0.895 | K85: 0.934
C86: ELS | D86: 0.771 | E86: 0.959 | F86: 0.777 | G86: 0.945 | H86: 0.746 | I86: 0.944 | J86: 0.755 | K86: 0.949
C87: GUT | D87: 0.766 | E87: 0.784 | F87: 0.757 | G87: 0.862 | H87: 0.76 | I87: 0.882 | J87: 0.761 | K87: 0.878
C88: HND | D88: 0.624 | E88: 1 | F88: 0.643 | G88: 1 | H88: 0.658 | I88: 0.995 | J88: 0.663 | K88: 0.991
C89: NIC | D89: 0.565 | E89: 0.917 | F89: 0.6 | G89: 0.918 | H89: 0.576 | I89: 0.903 | J89: 0.567 | K89: 0.903
C90: PRG | D90: 0.909 | E90: 0.94 | F90: 0.91 | G90: 0.936 | H90: 0.908 | I90: 0.953 | J90: 0.892 | K90: 0.945
... C92: Massy | D92: 0.538 | E92: 0.935 | F92: 0.529 | G92: 0.927 | H92: 0.536 | I92: 0.926 | J92: 0.562 | K92: 0.93
B96: AFTERSALES
D97: JUL | F97: AUG | H97: SEP | J97: OCT | L97: NOV | N97: DEC | P97: JAN | R97: FEB | T97: MAR | Z97: NSC | AA97: Total Repair Orders | AB97: UIO
C98: 1 | D98: 2 | E98: 3 | F98: 4 | G98: 5 | H98: 6 | I98: 7 | J98: 8 | K98: 9 | L98: 10 | M98: 11 | N98: 12 | O98: 13 | P98: 14 | Q98: 15 | R98: 16 | S98: 17 | T98: 18 | U98: 19
C99: NSC | D99: Sell-In Real | E99: Service Frequency Real | F99: Sell-In | G99: Service Frequency | H99: Sell-In | I99: Service Frequency | J99: Sell-In | K99: Service Frequency | Z99: COL | AA99: 62740 | AB99: 60336
Z100: BOL | AA100: 6529 | AB100: 8112
C101: COL | D101: 4975969 | E101: 1.05 | F101: 6737647 | G101: 1.04 | H101: 8869275 | I101: 1.04 | J101: 11072189 | K101: 1.04 | Z101: ECA | AA101: 12072 | AB101: 11590
C102: BOL | D102: 624524 | E102: 0.81 | F102: 756854 | G102: 0.8 | H102: 758681 | I102: 0.81 | J102: 862181 | K102: 0.81 | Z102: PRG | AA102: 9413 | AB102: 6025
C103: ECA | D103: 1250021 | E103: 1.05 | F103: 1548634 | G103: 1.04 | H103: 1964033 | I103: 1.04 | J103: 2441588 | K103: 1.04 | Z103: URU | AA103: 8181 | AB103: 9680
C104: PRG | D104: 1122863 | E104: 1.14 | F104: 1410976 | G104: 1.56 | H104: 1776487 | I104: 1.56 | J104: 2167868 | K104: 1.56 | Z104: ANT | AA104: 677 | AB104: 428
C105: URU | D105: 894183 | E105: 0.84 | F105: 1143779 | G105: 0.85 | H105: 1422188 | I105: 0.85 | J105: 1638459 | K105: 0.85 | Z105: BAR | AA105: 959 | AB105: 605
...

Sheet Sheet2
O1: 1 | P1: 2 | Q1: 3 | S1: 1 | T1: 2 | U1: 3
B2: 1 | C2: 2 | D2: 3 | E2: 4 | F2: 5 | G2: 6 | O2: Code | P2: NSC | Q2: Ventas | S2: Code | T2: NSC | U2: Posventa
B3: NSC | C3: Total Sell-In | D3: Total Sell-Out | E3: Service Frequency | F3: Total Repair Orders | G3: UIO | I3: 1 | J3: 2 | L3: 1 | M3: 2 | O3: ANT | P3: ANTIGUA (DIS25D07) | Q3: 1 | S3: CST | T3: Costa Rica | U3: 1
I4: NSC | J4: CSI | L4: NSC | M4: SSI | O4: ALB | P4: ARUBA (DIS25D17) | Q4: 1 | S4: CUR | T4: CURAZAO (DIS25D14) | U4: 1 | AB4: Lead Management (From Leads to Closing) [5%] | AH4: Lead Management (From Leads to Closing) [5%] > All Channels (Phisicals and Digitals) > Per model > Per month FCST (1 week before starting N month) > Per month Results (1 week after N month closure) | AI4: > Declare quarterly Top 5 competitors + Nissan | AJ4: 360 Game Plan [7%] > Quarterly declare according to template format
B5: COL | C5: 2194631 | D5: 4355308 | E5: 1.05 | F5: 25360 | G5: 24160 | I5: COL | J5: 0.798 | L5: COL | M5: 0.957 | O5: BHM | P5: BAHAMAS (DIS25D13) | Q5: 1 | S5: DMT | T5: DOMINICA (DIS25D12) | U5: 1 | AB5: > All Channels (Phisicals and Digitals) | AH5: WIP | AI5: WIP | AJ5: WIP
B6: BOL | C6: 331393 | D6: 1173066 | E6: 0.83 | F6: 2721 | G6: 3266 | I6: CST | J6: 0.965 | L6: CST | M6: 0.933 | O6: BAR | P6: BARBADOS (DIS25D04) | Q6: 0.4375 | S6: GUI | T6: GUYANA (DIS25D15) | U6: 1 | AB6: > Per model
B7: ECA | C7: 580139 | D7: 3042439 | E7: 1.08 | F7: 5011 | G7: 4627 | I7: ECA | J7: 0.864 | L7: ECA | M7: 1 | O7: BER | P7: BERMUDA (DIS25D11) | Q7: 1 | S7: PNM | T7: Panama | U7: 1 | AB7: > Per month FCST (1 week before starting N month)
B8: PRG | C8: 481275 | D8: 593628 | E8: 0.79 | F8: 1903 | G8: 2407 | I8: PNM | J8: 0.853 | L8: PNM | M8: 0.944 | O8: BOL | P8: Bolivia | Q8: 0.9752 | S8: DOM | T8: República Dominicana | U8: 1 | AB8: > Per month Results (1 week after N month closure)
B9: URU | C9: 432771 | D9: 1205231 | E9: 0.84 | F9: 3250 | G9: 3849 | I9: PLT | J9: 0.86 | L9: PLT | M9: 0.897 | O9: COL | P9: Colombia | Q9: 0.9996 | S9: SRI | T9: SURINAME (DIS25D10) | U9: 1 | AB9: Share of Investment [3%]
B10: ANT | C10: - | D10: - | E10: - | F10: - | G10: 171 | I10: URU | J10: 0.995 | L10: URU | M10: 0.966 | O10: CST | P10: Costa Rica | Q10: 1 | S10: TRD | T10: TRINIDAD Y TOBAGO (DIS25D01) | U10: 0.9903
B11: BAR | C11: - | D11: 98199 | E11: 0.74 | F11: 180 | G11: 242 | I11: 6 MAIN | J11: 0.831 | L11: 6 MAIN | M11: 0.943 | O11: CUR | P11: CURAZAO (DIS25D14) | Q11: 1 | S11: ELS | T11: El Salvador | U11: 0.99 | AB11: 360 Game Plan [7%]
B12: BEM | C12: - | D12: - | E12: - | F12: - | G12: 24 | I12: BOL | J12: 0.862 | L12: BOL | M12: 0.946 | O12: DMT | P12: DOMINICA (DIS25D12) | Q12: 1 | S12: PRG | T12: Paraguay | U12: 0.9892 | AB12: > Quarterly declare according to template format
B13: BHM | C13: - | D13: - | E13: - | F13: - | G13: 169 | I13: ELS | J13: 0.764 | L13: ELS | M13: 0.941 | O13: ECA | P13: Ecuador | Q13: 0.9804 | S13: HND | T13: Honduras | U13: 0.9722
B14: DMT | C14: - | D14: - | E14: - | F14: - | G14: 73 | I14: GUT | J14: 0.763 | L14: GUT | M14: 0.75 | O14: ELS | P14: El Salvador | Q14: 0.9503 | S14: URU | T14: Uruguay | U14: 0.9643
B15: GRN | C15: - | D15: - | E15: - | F15: - | G15: 76 | I15: HND | J15: 0.514 | L15: HND | M15: 1 | O15: GRN | P15: GRENADA (DIS25D08) | Q15: 1 | S15: ECA | T15: Ecuador | U15: 0.9562
B16: GUI | C16: - | D16: - | E16: - | F16: - | G16: 147 | I16: NIC | J16: 0.602 | L16: NIC | M16: 0.941 | O16: GUT | P16: Guatemala | Q16: 1 | S16: BOL | T16: Bolivia | U16: 0.9552
B17: JAM | C17: - | D17: 209413 | E17: 1.19 | F17: 531 | G17: 447 | I17: PRG | J17: 0.909 | L17: PRG | M17: 0.926 | O17: GUI | P17: GUYANA (DIS25D15) | Q17: 1 | S17: GUT | T17: Guatemala | U17: 0.9547
B18: SRI | C18: - | D18: - | E18: - | F18: - | G18: 118 | I18: DOM | J18: 0.791 | L18: DOM | M18: 0.919 | O18: HND | P18: Honduras | Q18: 1 | S18: NIC | T18: Nicaragua | U18: 0.9068
B19: STK | C19: - | D19: - | E19: - | F19: - | G19: 61 | I19: TRD | J19: 0.55 | L19: TRD | M19: 0.92 | O19: JAM | P19: JAMAICA (DIS25D02) | Q19: 0.875 | S19: ALB | T19: ARUBA (DIS25D17) | U19: 0.8378
B20: STL | C20: - | D20: 61688 | E20: 0.89 | F20: 83 | G20: 94 | I20: NO MAIN | J20: 0.751 | L20: NO MAIN | M20: 0.938 | O20: NIC | P20: Nicaragua | Q20: 1 | S20: COL | T20: Colombia | U20: 0.8369
B21: STV | C21: - | D21: 83292 | E21: - | F21: - | G21: 37 | O21: PLT | P21: Puerto Rico | Q21: 0.963 | S21: GRN | T21: GRENADA (DIS25D08) | U21: 0.7154
B22: TRD | C22: 1858 | D22: - | E22: - | F22: - | G22: 2096 | J22: Sell In | K22: OR | L22: UIO | M22: Retention | O22: PNM | P22: Panama | Q22: 1 | S22: JAM | T22: JAMAICA (DIS25D02) | U22: 0.5652
B23: PNM | C23: 506676 | D23: 2184141 | E23: 0.8 | F23: 5330 | G23: 6631 | I23: GEL | K23: =SUM(K24:K27) -> 794 | L23: =SUM(L24:L27) -> 820 | M23: =K23/L23 -> 0.96829268 | O23: PRG | P23: Paraguay | Q23: 0.913 | S23: BLZ | T23: BELIZE (DIS25D18) | U23: 0.5122
B24: GUT | C24: 499840 | D24: 1259558 | E24: 1.36 | F24: 3548 | G24: 2618 | I24: JAM | J24: =VLOOKUP(I24,$B$3:$G$34,$C$2,FALSE) -> - | K24: =VLOOKUP(I24,$B$3:$G$34,$F$2,FALSE) -> 531 | L24: =VLOOKUP(I24,$B$3:$G$34,$G$2,FALSE) -> 447 | O24: DOM | P24: República Dominicana | Q24: 1 | S24: ANT | T24: ANTIGUA (DIS25D07) | U24: 0.475
B25: ELS | C25: 298187 | D25: 1037841 | E25: 0.91 | F25: 2414 | G25: 2664 | I25: BAR | J25: =VLOOKUP(I25,$B$3:$G$34,$C$2,FALSE) -> - | K25: =VLOOKUP(I25,$B$3:$G$34,$F$2,FALSE) -> 180 | L25: =VLOOKUP(I25,$B$3:$G$34,$G$2,FALSE) -> 242 | O25: STK | P25: ST KITTS (DIS25D09) | Q25: 0.6 | S25: BHM | T25: BAHAMAS (DIS25D13) | U25: 0.3463
B26: HND | C26: 408678 | D26: 1305563 | E26: 1.17 | F26: 3447 | G26: 2949 | I26: STL | J26: =VLOOKUP(I26,$B$3:$G$34,$C$2,FALSE) -> - | K26: =VLOOKUP(I26,$B$3:$G$34,$F$2,FALSE) -> 83 | L26: =VLOOKUP(I26,$B$3:$G$34,$G$2,FALSE) -> 94 | O26: STL | P26: ST LUCIA (DIS25D05) | Q26: 1 | S26: STK | T26: ST KITTS (DIS25D09) | U26: 0.286
B27: NIC | C27: 124700 | D27: 596656 | E27: 1.05 | F27: 1247 | G27: 1187 | I27: STV | J27: =VLOOKUP(I27,$B$3:$G$34,$C$2,FALSE) -> - | K27: =VLOOKUP(I27,$B$3:$G$34,$F$2,FALSE) -> - | L27: =VLOOKUP(I27,$B$3:$G$34,$G$2,FALSE) -> 37 | O27: SRI | P27: SURINAME (DIS25D10) | Q27: 1 | S27: STL | T27: ST LUCIA (DIS25D05) | U27: 0.2081
B28: ALB | C28: 46878 | D28: - | E28: - | F28: - | G28: 317 | O28: TRD | P28: TRINIDAD Y TOBAGO (DIS25D01) | Q28: 0.9333 | S28: BAR | T28: BARBADOS (DIS25D04) | U28: 0.1173
B29: BLZ | C29: 13392 | D29: - | E29: - | F29: - | G29: 76 | O29: URU | P29: Uruguay | Q29: 0.9785 | S29: HIT | T29: HAITI (DIS25D03) | U29: 0.0035
B30: CUR | C30: 69691 | D30: - | E30: - | F30: - | G30: 373 | O30: GEL | P30: GEL GROUP | Q30: 0.6 | S30: GEL | T30: GEL | U30: 0.3
B31: DOM | C31: 592883 | D31: 600187 | E31: 0.66 | F31: 2045 | G31: 3080 | O31: Massy | P31: MASSY GROUP | Q31: 0.9 | S31: Massy | T31: MASSY | U31: 0.79
B32: HIT | C32: 26350 | D32: - | E32: - | F32: - | G32: 515 | S32: PLT | T32: PUERTO RICO | U32: 1
B33: PLT | C33: 452099 | D33: - | E33: 0.85 | F33: 11752 | G33: 13830 | Q33: =Q3+Q5+Q7+Q12+Q15+Q17+Q25+Q27+Q28 -> 8.5333
B34: CST | C34: 1159419 | D34: 2035098 | E34: 1.32 | F34: 9352 | G34: 7100 | Q34: =Q33/9 -> 0.94814444
B37: 1 | C37: 2 | D37: 3
B38: NSC | C38: APR | D38: MAY
B39: ECA | C39: 0.24889976 | D39: 0.33105134
B40: CST | C40: 0.28313989 | D40: 0.33200977
B41: URU | C41: 0.33396356 | D41: 0.36232382
B42: COL | C42: 0.44412244 | D42: 0.48215903
B43: PLT | C43: 0.30936664 | D43: 0.32132025
B44: PNM | C44: 0.46477392 | D44: 0.52050473
B45: BOL | C45: 0.4845679 | D45: 0.49382716
B46: PRG | C46: 0.49266862 | D46: 0.52785924
B47: NIC | C47: 0.43564356 | D47: 0.44554455
B48: ELS | C48: 0.36853002 | D48: 0.41614907
B49: GUT | C49: 0.21411765 | D49: 0.22823529
B50: DOM | C50: 0.5982659 | D50: 0.6083815
... B52: TRD | C52: 0.11671088 | D52: 0.17771883
C70: 1 | D70: 2 | E70: 3
C71: ELS | D71: =Data!BE10 -> 0.63988561 | E71: =100%-D71 -> 0.36011439
C72: HND | D72: =Data!BE11 -> 0.66980134 | E72: =100%-D72 -> 0.33019866
C73: NIC | D73: =Data!BE12 -> 0.6244095 | E73: =100%-D73 -> 0.3755905
C76: NIC | D76: =VLOOKUP(C76,$C$71:$E$73,$D$70) -> 0.6244095 | E76: =100%-D76 -> 0.3755905 | R76: target | S76: real
Q77: TRD | R77: 0.52625995 | S77: 0.28912467 | T77: =S77/R77 -> 0.54939516 | U77: =100%-T77 -> 0.45060484
Q78: R9 | R78: 0.58533835 | S78: 0.007518797 | T78: =S78/R78 -> 0.012845215 | U78: =100%-T78 -> 0.98715478

Sheet Tracking
B2: DOM
B5: 1 | C5: 2 | D5: 3 | R5: AUG | S5: =VLOOKUP(R5,$B$7:$D$16,C5,FALSE) -> 0.7 | T5: =VLOOKUP(R5,$B$7:$D$16,D5,FALSE) -> 0.79 | U5: =T5/S5 -> 1.1285714 | V5: =IF(U5>=100%,0%,100%-U5) -> 0
B6: CSI
B7: Month | C7: Target | D7: Real
B8: JUL | C8: =VLOOKUP(B2,Data!$C$3:$BE$22,Data!D2,FALSE) -> 0.7 | D8: =VLOOKUP(B2,WB!$C$77:$T$92,WB!D76,FALSE) -> 0.804
B9: AUG | C9: =C8 -> 0.7 | D9: =VLOOKUP($B$2,WB!$C$77:$T$92,WB!F76,FALSE) -> 0.79
B10: SEP | C10: =C9 -> 0.7 | D10: =VLOOKUP($B$2,WB!$C$77:$T$92,WB!H76,FALSE) -> 0.761
B11: OCT | C11: =C10 -> 0.7 | D11: =VLOOKUP($B$2,WB!$C$77:$T$92,WB!J76,FALSE) -> 0.763
B12: NOV | C12: =C11 -> 0.7 | D12: =VLOOKUP($B$2,WB!$C$77:$T$92,WB!L76,FALSE) -> 0
B13: DEC | C13: =C12 -> 0.7 | D13: =VLOOKUP($B$2,WB!$C$77:$T$92,WB!N76,FALSE) -> 0
B14: JAN | C14: =C13 -> 0.7 | D14: =VLOOKUP($B$2,WB!$C$77:$T$92,WB!P76,FALSE) -> 0
B15: FEB | C15: =C14 -> 0.7 | D15: =VLOOKUP($B$2,WB!$C$77:$T$92,WB!R76,FALSE) -> 0
B16: MAR | C16: =C15 -> 0.7 | D16: =VLOOKUP($B$2,WB!$C$77:$T$92,WB!T76,FALSE) -> 0
B20: 1 | C20: 2 | D20: 3 | R20: AUG | S20: =VLOOKUP(R20,$B$22:$D$31,C20,FALSE) -> 0.88 | T20: =VLOOKUP(R20,$B$22:$D$31,D20,FALSE) -> 0.963 | U20: =T20/S20 -> 1.0943182 | V20: =IF(U20>=100%,0%,100%-U20) -> 0
B21: SSI
B22: Month | C22: Target | D22: Real
B23: JUL | C23: =VLOOKUP(B2,Data!$C$3:$BE$22,Data!H2,FALSE) -> 0.88 | D23: =VLOOKUP($B$2,WB!$C$78:$U$92,WB!E76,FALSE) -> 0.953
B24: AUG | C24: =C23 -> 0.88 | D24: =VLOOKUP($B$2,WB!$C$78:$U$92,WB!G76,FALSE) -> 0.963
B25: SEP | C25: =C24 -> 0.88 | D25: =VLOOKUP($B$2,WB!$C$78:$U$92,WB!I76,FALSE) -> 0.956
B26: OCT | C26: =C25 -> 0.88 | D26: =VLOOKUP($B$2,WB!$C$78:$U$92,WB!K76,FALSE) -> 0.956
B27: NOV | C27: =C26 -> 0.88 | D27: =VLOOKUP($B$2,WB!$C$78:$U$92,WB!M76,FALSE) -> 0
B28: DEC | C28: =C27 -> 0.88 | D28: =VLOOKUP($B$2,WB!$C$78:$U$92,WB!O76,FALSE) -> 0
B29: JAN | C29: =C28 -> 0.88 | D29: =VLOOKUP($B$2,WB!$C$78:$U$92,WB!Q76,FALSE) -> 0
B30: FEB | C30: =C29 -> 0.88 | D30: =VLOOKUP($B$2,WB!$C$78:$U$92,WB!S76,FALSE) -> 0
B31: MAR | C31: =C30 -> 0.88 | D31: =VLOOKUP($B$2,WB!$C$78:$U$92,WB!U76,FALSE) -> 0
B34: 1 | C34: 2 | D34: 3
B35: Service Campaign | R35: AUG | S35: =VLOOKUP(B2,Data!C3:BE22,Data!T2,FALSE) -> 0.74 | T35: =VLOOKUP(R35,B36:D48,D34,FALSE) -> 0.68786127 | U35: =T35/S35 -> 0.92954226 | V35: =IF(U35>=100%,0%,100%-U35) -> 0.070457741
B36: Month | C36: Target | D36: Real
B37: APR | C37: =VLOOKUP($B$2,WB!$C$138:$Z$154,WB!D136,FALSE) -> 0.60121026 | D37: =VLOOKUP($B$2,WB!$C$138:$Z$154,WB!E136,FALSE) -> 0.5982659
B38: MAY | C38: =VLOOKUP($B$2,WB!$C$138:$Z$154,WB!F136,FALSE) -> 0.61427023 | D38: =VLOOKUP($B$2,WB!$C$138:$Z$154,WB!G136,FALSE) -> 0.6083815
B39: JUN | C39: =VLOOKUP($B$2,WB!$C$138:$Z$154,WB!H136,FALSE) -> 0.6273302 | D39: =VLOOKUP($B$2,WB!$C$138:$Z$154,WB!I136,FALSE) -> 0.63294798
B40: JUL | C40: =VLOOKUP($B$2,WB!$C$138:$Z$154,WB!J136,FALSE) -> 0.64039017 | D40: =VLOOKUP($B$2,WB!$C$138:$Z$154,WB!K136,FALSE) -> 0.66763006
B41: AUG | C41: =VLOOKUP($B$2,WB!$C$138:$Z$154,WB!L136,FALSE) -> 0.65345014 | D41: =VLOOKUP($B$2,WB!$C$138:$Z$154,WB!M136,FALSE) -> 0.68786127
B42: SEP | C42: =VLOOKUP($B$2,WB!$C$138:$Z$154,WB!N136,FALSE) -> 0.66651012 | D42: =VLOOKUP($B$2,WB!$C$138:$Z$154,WB!O136,FALSE) -> 0.71242775
B43: OCT | C43: =VLOOKUP($B$2,WB!$C$138:$Z$154,WB!P136,FALSE) -> 0.67957009 | D43: =VLOOKUP($B$2,WB!$C$138:$Z$154,WB!Q136,FALSE) -> 0.73988439
B44: NOV | C44: =VLOOKUP($B$2,WB!$C$138:$Z$154,WB!R136,FALSE) -> 0.69263006
B45: DEC | C45: =VLOOKUP($B$2,WB!$C$138:$Z$154,WB!T136,FALSE) -> 0.70569003
B46: JAN | C46: =VLOOKUP($B$2,WB!$C$138:$Z$154,WB!V136,FALSE) -> 0.71875
B47: FEB | C47: =VLOOKUP($B$2,WB!$C$138:$Z$154,WB!X136,FALSE) -> 0.73180997
B48: MAR | C48: =VLOOKUP($B$2,WB!$C$138:$Z$154,WB!Z136,FALSE) -> 0.74486994
B52: Training e-Learning Completion | R52: 0.9 | S52: =VLOOKUP(B2,Data!C3:BE22,Data!Q2,FALSE) -> 1 | T52: =S52/R52 -> 1.1111111 | U52: =IF(T52>=100%,0%,100%-T52) -> 0
B53: Month | C53: Target | D53: Real AS | E53: Real Sales
B54: JUL | C54: 0.9 | D54: =VLOOKUP($B$2,WB!$B$42:$U$73,WB!D40,FALSE) -> 1 | E54: =VLOOKUP($B$2,WB!$B$42:$U$73,WB!E40,FALSE) -> 1
B55: AUG | C55: 0.9 | D55: =VLOOKUP($B$2,WB!$B$42:$U$73,WB!F40,FALSE) -> 1 | E55: =VLOOKUP($B$2,WB!$B$42:$U$73,WB!G40,FALSE) -> 1
B56: SEP | C56: 0.9 | D56: =VLOOKUP($B$2,WB!$B$42:$U$73,WB!H40,FALSE) -> 1 | E56: =VLOOKUP($B$2,WB!$B$42:$U$73,WB!I40,FALSE) -> 1
B57: OCT | C57: 0.9 | D57: =VLOOKUP($B$2,WB!$B$42:$U$73,WB!J40,FALSE) -> 1 | E57: =VLOOKUP($B$2,WB!$B$42:$U$73,WB!K40,FALSE) -> 1
B58: NOV | C58: 0.9 | D58: =VLOOKUP($B$2,WB!$B$42:$U$73,WB!L40,FALSE) -> 0 | E58: =VLOOKUP($B$2,WB!$B$42:$U$73,WB!M40,FALSE) -> 0
B59: DEC | C59: 0.9 | D59: =VLOOKUP($B$2,WB!$B$42:$U$73,WB!N40,FALSE) -> 0 | E59: =VLOOKUP($B$2,WB!$B$42:$U$73,WB!O40,FALSE) -> 0
B60: JAN | C60: 0.9 | D60: =VLOOKUP($B$2,WB!$B$42:$U$73,WB!P40,FALSE) -> 0 | E60: =VLOOKUP($B$2,WB!$B$42:$U$73,WB!Q40,FALSE) -> 0
B61: FEB | C61: 0.9 | D61: =VLOOKUP($B$2,WB!$B$42:$U$73,WB!R40,FALSE) -> 0 | E61: =VLOOKUP($B$2,WB!$B$42:$U$73,WB!S40,FALSE) -> 0
B62: MAR | C62: 0.9 | D62: =VLOOKUP($B$2,WB!$B$42:$U$73,WB!T40,FALSE) -> 0 | E62: =VLOOKUP($B$2,WB!$B$42:$U$73,WB!U40,FALSE) -> 0
C65: Lead Management | M65: Share of Investment
C66: Month | D66: Completed | M66: Target | N66: Completed
C67: JUN | D67: =VLOOKUP($B$2,WB!$AM$4:$AW$20,WB!AN3,FALSE) -> 3 | E67: =IF(D67=3,10%,IF(D67=0,"",0%)) -> 0.1 | M67: Q1 | N67: =VLOOKUP($B$2,WB!$AF$3:$AK$18,WB!AG2,FALSE) -> 0.25 | O67: =SUM(N67:N70) -> 0.5
C68: JUL | D68: =VLOOKUP($B$2,WB!$AM$4:$AW$20,WB!AO3,FALSE) -> 3 | E68: =IF(D68=3,10%,IF(D68=0,"",0%)) -> 0.1 | M68: Q2 | N68: =VLOOKUP($B$2,WB!$AF$3:$AK$18,WB!AH2,FALSE) -> 0.25 | O68: =IF(O67>=100%,0%,100%-O67) -> 0.5
C69: AUG | D69: =VLOOKUP($B$2,WB!$AM$4:$AW$20,WB!AP3,FALSE) -> 3 | E69: =IF(D69=3,10%,IF(D69=0,"",0%)) -> 0.1 | M69: Q3 | N69: =VLOOKUP($B$2,WB!$AF$3:$AK$18,WB!AI2,FALSE) -> -
C70: SEP | D70: =VLOOKUP($B$2,WB!$AM$4:$AW$20,WB!AQ3,FALSE) -> 3 | E70: =IF(D70=3,10%,IF(D70=0,"",0%)) -> 0.1 | M70: Q4 | N70: =VLOOKUP($B$2,WB!$AF$3:$AK$18,WB!AJ2,FALSE) -> -
C71: OCT | D71: =VLOOKUP($B$2,WB!$AM$4:$AW$20,WB!AR3,FALSE) -> 3 | E71: =IF(D71=3,10%,IF(D71=0,"",0%)) -> 0.1
C72: NOV | D72: =VLOOKUP($B$2,WB!$AM$4:$AW$20,WB!AS3,FALSE) -> 3 | E72: =IF(D72=3,10%,IF(D72=0,"",0%)) -> 0.1
C73: DEC | D73: =VLOOKUP($B$2,WB!$AM$4:$AW$20,WB!AT3,FALSE) -> - | E73: =IF(D73=3,10%,IF(D73=0,"",0%)) -> 0 | M73: 360 Game Plan
C74: JAN | D74: =VLOOKUP($B$2,WB!$AM$4:$AW$20,WB!AU3,FALSE) -> - | E74: =IF(D74=3,10%,IF(D74=0,"",0%)) -> 0 | M74: Target | N74: Completed | O74: =SUM(N75:N78) -> 0.75
C75: FEB | D75: =VLOOKUP($B$2,WB!$AM$4:$AW$20,WB!AV3,FALSE) -> - | E75: =IF(D75=3,10%,IF(D75=0,"",0%)) -> 0 | M75: Q1 | N75: =VLOOKUP($B$2,WB!$AF$22:$AK$37,WB!AG21,FALSE) -> 0.25 | O75: =IF(O74>=100%,0%,100%-O74) -> 0.25
C76: MAR | D76: =VLOOKUP($B$2,WB!$AM$4:$AW$20,WB!AW3,FALSE) -> - | E76: =IF(D76=3,10%,IF(D76=0,"",0%)) -> 0 | M76: Q2 | N76: =VLOOKUP($B$2,WB!$AF$22:$AK$37,WB!AH21,FALSE) -> 0.25
M77: Q3 | N77: =VLOOKUP($B$2,WB!$AF$22:$AK$37,WB!AI21,FALSE) -> 0.25
D78: =IF(E78>=100%,0%,100%-E78) -> 0.4 | E78: =SUM(E67:E76) -> 0.6 | M78: Q4 | N78: =VLOOKUP($B$2,WB!$AF$22:$AK$37,WB!AJ21,FALSE) -> -
B82: Month | C82: Real | D82: accum.
B83: JUL
B84: AUG
B85: SEP
B86: OCT
B87: NOV
B88: DEC
B89: JAN
B90: FEB
B91: MAR
